Sample,CellType,geneID,geneName,geneChr,n_reads,n_reads_phasable,gene_n_snvs_called,gene_major_hap,shrinkage_k,es_ase,es_astu,ASE_call,ASTU_call,dominant_isoform_overall,top_isoform_hap_major,top_isoform_hap_minor,eventID,event_type,event_start,event_end,event_length,hapA_present,hapA_absent,hapB_present,hapB_absent,obs_hapA_include,obs_hapA_skip,obs_hapA_unobserved,obs_hapB_include,obs_hapB_skip,obs_hapB_unobserved,obs_chi2,obs_p_value,obs_p_value_adj,obs_test_type,event_inclusion_frac_A,event_inclusion_frac_B,event_pref_hap,event_pref_major_minor,event_chi2,event_p_value,event_p_value_adj,has_linked_snv,linked_snv_count,is_nearest_snv_for_event,snvID,snv_pos,snv_ref,snv_alt,snv_hap,h_A,hat_Z_prob_revised,exonic_distance,genomic_distance,snv_expr_direction,snv_astu_direction,snv_event_direction,raw_validation_available,raw_ref_present,raw_ref_absent,raw_alt_present,raw_alt_absent,raw_total_reads,raw_chi2,raw_p_value,raw_p_value_adj,raw_test_type
scotch_target,Bulk,ENSG00000025770,NCAPH2,chr22,4631,287,4,B,70.4,0.0052,0.0018,-1,0,NCAPH2_novelIsoform_4362862147404287,NCAPH2_novelIsoform_4362862147404287,NCAPH2_novelIsoform_4362862147404287,junction:50522415-50522497,junction,50522415,50522497,82,99.24,2146.84,67.76,2317.16,0.0,0.01,2246.06,0.0,39.99,2344.94,,,,insufficient_data,0.0442,0.0284,A,minor,8.2731,0.004023711127753714,0.2575175121762377,True,2,False,chr22:50522492:C:G,50522492.0,C,G,A,0.9999940391390134,1.0,0.0,5.0,-,-,promotes_event,True,5.0,54.0,41.0,23.0,123.0,40.5181,1.9479961426050548e-10,3.8959922852101095e-10,chi2_cross_event
scotch_target,Bulk,ENSG00000025770,NCAPH2,chr22,4631,287,4,B,70.4,0.0052,0.0018,-1,0,NCAPH2_novelIsoform_4362862147404287,NCAPH2_novelIsoform_4362862147404287,NCAPH2_novelIsoform_4362862147404287,junction:50522415-50522497,junction,50522415,50522497,82,99.24,2146.84,67.76,2317.16,0.0,0.01,2246.06,0.0,39.99,2344.94,,,,insufficient_data,0.0442,0.0284,A,minor,8.2731,0.004023711127753714,0.2575175121762377,True,2,True,chr22:50522493:C:G,50522493.0,C,G,A,0.9999940391390134,1.0,0.0,4.0,-,-,promotes_event,True,6.0,54.0,40.0,24.0,124.0,36.5779,1.4668336666960233e-09,2.4447227778267056e-09,chi2_cross_event
scotch_target,Bulk,ENSG00000025770,NCAPH2,chr22,4631,287,4,B,70.4,0.0052,0.0018,-1,0,NCAPH2_novelIsoform_4362862147404287,NCAPH2_novelIsoform_4362862147404287,NCAPH2_novelIsoform_4362862147404287,exon:50508259-50508428,exon,50508259,50508428,169,765.37,1480.7,769.63,1615.3,51.57,0.97,2193.54,20.43,1.03,2363.46,0.5053,0.4772006802281158,0.7844493587716302,chi2_hap_event,0.3408,0.3227,A,minor,1.7019,0.19204194426253743,0.3511624123657827,False,0,False,,,,,,,,,,,,,False,,,,,,,,,
scotch_target,Bulk,ENSG00000025770,NCAPH2,chr22,4631,287,4,B,70.4,0.0052,0.0018,-1,0,NCAPH2_novelIsoform_4362862147404287,NCAPH2_novelIsoform_4362862147404287,NCAPH2_novelIsoform_4362862147404287,exon:50508428-50508445,exon,50508428,50508445,17,762.46,1483.61,766.54,1618.39,51.57,0.97,2193.54,20.43,1.03,2363.46,0.5053,0.4772006802281158,0.7844493587716302,chi2_hap_event,0.3395,0.3214,A,minor,1.7053,0.19160091753877387,0.3511624123657827,False,0,False,,,,,,,,,,,,,False,,,,,,,,,
scotch_target,Bulk,ENSG00000025770,NCAPH2,chr22,4631,287,4,B,70.4,0.0052,0.0018,-1,0,NCAPH2_novelIsoform_4362862147404287,NCAPH2_novelIsoform_4362862147404287,NCAPH2_novelIsoform_4362862147404287,exon:50516446-50516548,exon,50516446,50516548,102,764.89,1481.19,769.11,1615.81,52.05,2.42,2191.6,21.95,2.58,2360.4,1.0438,0.30693099083521597,0.7844493587716302,chi2_hap_event,0.3405,0.3225,A,minor,1.7024,0.19196871278801497,0.3511624123657827,False,0,False,,,,,,,,,,,,,False,,,,,,,,,
scotch_target,Bulk,ENSG00000025770,NCAPH2,chr22,4631,287,4,B,70.4,0.0052,0.0018,-1,0,NCAPH2_novelIsoform_4362862147404287,NCAPH2_novelIsoform_4362862147404287,NCAPH2_novelIsoform_4362862147404287,exon:50517426-50517482,exon,50517426,50517482,56,765.37,1480.7,769.63,1615.3,50.08,3.42,2192.57,20.92,2.58,2361.43,0.4725,0.4918400796571477,0.7844493587716302,chi2_hap_event,0.3408,0.3227,A,minor,1.7019,0.19204194426253743,0.3511624123657827,False,0,False,,,,,,,,,,,,,False,,,,,,,,,
scotch_target,Bulk,ENSG00000025770,NCAPH2,chr22,4631,287,4,B,70.4,0.0052,0.0018,-1,0,NCAPH2_novelIsoform_4362862147404287,NCAPH2_novelIsoform_4362862147404287,NCAPH2_novelIsoform_4362862147404287,exon:50517576-50517661,exon,50517576,50517661,85,765.37,1480.7,769.63,1615.3,53.05,3.42,2189.6,21.95,2.58,2360.4,0.4907,0.4836322970845892,0.7844493587716302,chi2_hap_event,0.3408,0.3227,A,minor,1.7019,0.19204194426253743,0.3511624123657827,False,0,False,,,,,,,,,,,,,False,,,,,,,,,
scotch_target,Bulk,ENSG00000025770,NCAPH2,chr22,4631,287,4,B,70.4,0.0052,0.0018,-1,0,NCAPH2_novelIsoform_4362862147404287,NCAPH2_novelIsoform_4362862147404287,NCAPH2_novelIsoform_4362862147404287,exon:50517740-50517809,exon,50517740,50517809,69,765.37,1480.7,769.63,1615.3,55.05,3.91,2187.11,21.95,3.09,2359.89,0.7502,0.38640359307994,0.7844493587716302,chi2_hap_event,0.3408,0.3227,A,minor,1.7019,0.19204194426253743,0.3511624123657827,False,0,False,,,,,,,,,,,,,False,,,,,,,,,
scotch_target,Bulk,ENSG00000025770,NCAPH2,chr22,4631,287,4,B,70.4,0.0052,0.0018,-1,0,NCAPH2_novelIsoform_4362862147404287,NCAPH2_novelIsoform_4362862147404287,NCAPH2_novelIsoform_4362862147404287,exon:50517972-50518052,exon,50517972,50518052,80,765.37,1480.7,769.63,1615.3,57.09,3.42,2185.56,23.91,2.58,2358.44,0.4736,0.491350429764808,0.7844493587716302,chi2_hap_event,0.3408,0.3227,A,minor,1.7019,0.19204194426253743,0.3511624123657827,False,0,False,,,,,,,,,,,,,False,,,,,,,,,
scotch_target,Bulk,ENSG00000025770,NCAPH2,chr22,4631,287,4,B,70.4,0.0052,0.0018,-1,0,NCAPH2_novelIsoform_4362862147404287,NCAPH2_novelIsoform_4362862147404287,NCAPH2_novelIsoform_4362862147404287,exon:50518132-50518276,exon,50518132,50518276,144,763.92,1482.16,768.08,1616.84,56.63,4.42,2185.01,21.37,3.58,2359.99,1.0543,0.3045295446824173,0.7844493587716302,chi2_hap_event,0.3401,0.3221,A,minor,1.7036,0.19182192244848578,0.3511624123657827,False,0,False,,,,,,,,,,,,,False,,,,,,,,,
scotch_target,Bulk,ENSG00000025770,NCAPH2,chr22,4631,287,4,B,70.4,0.0052,0.0018,-1,0,NCAPH2_novelIsoform_4362862147404287,NCAPH2_novelIsoform_4362862147404287,NCAPH2_novelIsoform_4362862147404287,exon:50518648-50518732,exon,50518648,50518732,84,761.01,1485.07,764.99,1619.93,60.57,3.91,2181.59,24.43,3.09,2357.41,0.7324,0.39210846250910947,0.7844493587716302,chi2_hap_event,0.3388,0.3208,A,minor,1.707,0.1913789278653248,0.3511624123657827,False,0,False,,,,,,,,,,,,,False,,,,,,,,,
scotch_target,Bulk,ENSG00000025770,NCAPH2,chr22,4631,287,4,B,70.4,0.0052,0.0018,-1,0,NCAPH2_novelIsoform_4362862147404287,NCAPH2_novelIsoform_4362862147404287,NCAPH2_novelIsoform_4362862147404287,exon:50519189-50519320,exon,50519189,50519320,131,761.01,1485.07,764.99,1619.93,65.51,3.42,2177.13,28.49,2.58,2353.87,0.4191,0.5174066139933224,0.7844493587716302,chi2_hap_event,0.3388,0.3208,A,minor,1.707,0.1913789278653248,0.3511624123657827,False,0,False,,,,,,,,,,,,,False,,,,,,,,,
scotch_target,Bulk,ENSG00000025770,NCAPH2,chr22,4631,287,4,B,70.4,0.0052,0.0018,-1,0,NCAPH2_novelIsoform_4362862147404287,NCAPH2_novelIsoform_4362862147404287,NCAPH2_novelIsoform_4362862147404287,exon:50520964-50521036,exon,50520964,50521036,72,737.24,1508.83,739.76,1645.17,62.27,62.14,2121.66,29.73,64.86,2290.34,7.6489,0.0056806757671242205,0.05964709555480432,chi2_hap_event,0.3282,0.3102,A,minor,1.7363,0.18761222667062905,0.3511624123657827,False,0,False,,,,,,,,,,,,,False,,,,,,,,,
scotch_target,Bulk,ENSG00000025770,NCAPH2,chr22,4631,287,4,B,70.4,0.0052,0.0018,-1,0,NCAPH2_novelIsoform_4362862147404287,NCAPH2_novelIsoform_4362862147404287,NCAPH2_novelIsoform_4362862147404287,exon:50521542-50521589,exon,50521542,50521589,47,737.24,1508.83,739.76,1645.17,59.03,62.62,2124.42,29.97,65.38,2289.58,6.45,0.011095008232910366,0.09319806915644709,chi2_hap_event,0.3282,0.3102,A,minor,1.7363,0.18761222667062905,0.3511624123657827,False,0,False,,,,,,,,,,,,,False,,,,,,,,,
scotch_target,Bulk,ENSG00000025770,NCAPH2,chr22,4631,287,4,B,70.4,0.0052,0.0018,-1,0,NCAPH2_novelIsoform_4362862147404287,NCAPH2_novelIsoform_4362862147404287,NCAPH2_novelIsoform_4362862147404287,exon:50521589-50521609,exon,50521589,50521609,20,736.76,1509.32,739.24,1645.68,57.06,62.62,2126.39,29.94,65.38,2289.61,5.8231,0.01581679490497025,0.11071756433479175,chi2_hap_event,0.328,0.31,A,minor,1.7369,0.18753256256951192,0.3511624123657827,False,0,False,,,,,,,,,,,,,False,,,,,,,,,
scotch_target,Bulk,ENSG00000025770,NCAPH2,chr22,4631,287,4,B,70.4,0.0052,0.0018,-1,0,NCAPH2_novelIsoform_4362862147404287,NCAPH2_novelIsoform_4362862147404287,NCAPH2_novelIsoform_4362862147404287,exon:50521740-50521848,exon,50521740,50521848,108,736.76,1509.32,739.24,1645.68,62.05,62.62,2121.39,37.95,65.38,2281.61,3.9052,0.048137383689278244,0.2246411238832985,chi2_hap_event,0.328,0.31,A,minor,1.7369,0.18753256256951192,0.3511624123657827,False,0,False,,,,,,,,,,,,,False,,,,,,,,,
scotch_target,Bulk,ENSG00000025770,NCAPH2,chr22,4631,287,4,B,70.4,0.0052,0.0018,-1,0,NCAPH2_novelIsoform_4362862147404287,NCAPH2_novelIsoform_4362862147404287,NCAPH2_novelIsoform_4362862147404287,exon:50521985-50522039,exon,50521985,50522039,54,736.76,1509.32,739.24,1645.68,65.54,62.62,2117.91,39.46,66.38,2279.09,4.4968,0.03395746926676429,0.17827671365051254,chi2_hap_event,0.328,0.31,A,minor,1.7369,0.18753256256951192,0.3511624123657827,False,0,False,,,,,,,,,,,,,False,,,,,,,,,
scotch_target,Bulk,ENSG00000025770,NCAPH2,chr22,4631,287,4,B,70.4,0.0052,0.0018,-1,0,NCAPH2_novelIsoform_4362862147404287,NCAPH2_novelIsoform_4362862147404287,NCAPH2_novelIsoform_4362862147404287,exon:50522180-50522251,exon,50522180,50522251,71,736.76,1509.32,739.24,1645.68,65.06,62.62,2118.38,43.94,65.38,2275.62,2.7463,0.09747986708757501,0.3808916047851681,chi2_hap_event,0.328,0.31,A,minor,1.7369,0.18753256256951192,0.3511624123657827,False,0,False,,,,,,,,,,,,,False,,,,,,,,,
scotch_target,Bulk,ENSG00000025770,NCAPH2,chr22,4631,287,4,B,70.4,0.0052,0.0018,-1,0,NCAPH2_novelIsoform_4362862147404287,NCAPH2_novelIsoform_4362862147404287,NCAPH2_novelIsoform_4362862147404287,exon:50522342-50522415,exon,50522342,50522415,73,736.76,1509.32,739.24,1645.68,67.06,61.62,2117.38,52.94,65.38,2266.62,1.3407,0.24691207227695874,0.7844493587716302,chi2_hap_event,0.328,0.31,A,minor,1.7369,0.18753256256951192,0.3511624123657827,False,0,False,,,,,,,,,,,,,False,,,,,,,,,
scotch_target,Bulk,ENSG00000025770,NCAPH2,chr22,4631,287,4,B,70.4,0.0052,0.0018,-1,0,NCAPH2_novelIsoform_4362862147404287,NCAPH2_novelIsoform_4362862147404287,NCAPH2_novelIsoform_4362862147404287,exon:50522500-50522524,exon,50522500,50522524,24,736.27,1509.8,738.73,1646.2,69.97,61.62,2114.47,66.02,65.38,2253.53,0.2253,0.6350304332913197,0.7844493587716302,chi2_hap_event,0.3278,0.3097,A,minor,1.7375,0.1874527856535153,0.3511624123657827,True,2,False,chr22:50522492:C:G,50522492.0,C,G,A,0.9999940391390134,1.0,8.0,8.0,-,-,promotes_event,True,5.0,54.0,53.0,11.0,123.0,68.0795,1.5703176784680212e-16,1.5703176784680211e-15,chi2_cross_event
scotch_target,Bulk,ENSG00000025770,NCAPH2,chr22,4631,287,4,B,70.4,0.0052,0.0018,-1,0,NCAPH2_novelIsoform_4362862147404287,NCAPH2_novelIsoform_4362862147404287,NCAPH2_novelIsoform_4362862147404287,exon:50522500-50522524,exon,50522500,50522524,24,736.27,1509.8,738.73,1646.2,69.97,61.62,2114.47,66.02,65.38,2253.53,0.2253,0.6350304332913197,0.7844493587716302,chi2_hap_event,0.3278,0.3097,A,minor,1.7375,0.1874527856535153,0.3511624123657827,True,2,True,chr22:50522493:C:G,50522493.0,C,G,A,0.9999940391390134,1.0,7.0,7.0,-,-,promotes_event,True,6.0,54.0,52.0,12.0,124.0,63.1467,1.9186986015715916e-15,9.593493007857958e-15,chi2_cross_event
scotch_target,Bulk,ENSG00000025770,NCAPH2,chr22,4631,287,4,B,70.4,0.0052,0.0018,-1,0,NCAPH2_novelIsoform_4362862147404287,NCAPH2_novelIsoform_4362862147404287,NCAPH2_novelIsoform_4362862147404287,exon:50523016-50523079,exon,50523016,50523079,63,735.79,1510.29,738.21,1646.71,129.63,60.65,2055.79,129.37,64.35,2191.21,0.0786,0.7792607328285879,0.8392038661230946,chi2_hap_event,0.3276,0.3095,A,minor,1.7382,0.18737289585635503,0.3511624123657827,False,0,False,,,,,,,,,,,,,False,,,,,,,,,
scotch_target,Bulk,ENSG00000025770,NCAPH2,chr22,4631,287,4,B,70.4,0.0052,0.0018,-1,0,NCAPH2_novelIsoform_4362862147404287,NCAPH2_novelIsoform_4362862147404287,NCAPH2_novelIsoform_4362862147404287,junction:50508445-50516446,junction,50508445,50516446,8001,760.52,1485.55,764.48,1620.45,0.97,0.0,2245.1,1.03,0.0,2383.9,,,,insufficient_data,0.3386,0.3205,A,minor,1.7075,0.1913047121818408,0.3511624123657827,False,0,False,,,,,,,,,,,,,False,,,,,,,,,
scotch_target,Bulk,ENSG00000025770,NCAPH2,chr22,4631,287,4,B,70.4,0.0052,0.0018,-1,0,NCAPH2_novelIsoform_4362862147404287,NCAPH2_novelIsoform_4362862147404287,NCAPH2_novelIsoform_4362862147404287,junction:50516548-50517426,junction,50516548,50517426,878,764.89,1481.19,769.11,1615.81,1.94,0.0,2244.13,2.06,0.0,2382.87,,,,insufficient_data,0.3405,0.3225,A,minor,1.7024,0.19196871278801497,0.3511624123657827,False,0,False,,,,,,,,,,,,,False,,,,,,,,,
scotch_target,Bulk,ENSG00000025770,NCAPH2,chr22,4631,287,4,B,70.4,0.0052,0.0018,-1,0,NCAPH2_novelIsoform_4362862147404287,NCAPH2_novelIsoform_4362862147404287,NCAPH2_novelIsoform_4362862147404287,junction:50517482-50517576,junction,50517482,50517576,94,765.37,1480.7,769.63,1615.3,0.97,3.91,2241.19,1.03,3.09,2380.81,,,,insufficient_data,0.3408,0.3227,A,minor,1.7019,0.19204194426253743,0.3511624123657827,False,0,False,,,,,,,,,,,,,False,,,,,,,,,
scotch_target,Bulk,ENSG00000025770,NCAPH2,chr22,4631,287,4,B,70.4,0.0052,0.0018,-1,0,NCAPH2_novelIsoform_4362862147404287,NCAPH2_novelIsoform_4362862147404287,NCAPH2_novelIsoform_4362862147404287,junction:50517661-50517740,junction,50517661,50517740,79,765.37,1480.7,769.63,1615.3,1.46,1.46,2243.16,1.54,1.54,2381.84,,,,insufficient_data,0.3408,0.3227,A,minor,1.7019,0.19204194426253743,0.3511624123657827,False,0,False,,,,,,,,,,,,,False,,,,,,,,,
scotch_target,Bulk,ENSG00000025770,NCAPH2,chr22,4631,287,4,B,70.4,0.0052,0.0018,-1,0,NCAPH2_novelIsoform_4362862147404287,NCAPH2_novelIsoform_4362862147404287,NCAPH2_novelIsoform_4362862147404287,junction:50517809-50517972,junction,50517809,50517972,163,765.37,1480.7,769.63,1615.3,0.48,0.48,2245.1,0.52,0.52,2383.9,,,,insufficient_data,0.3408,0.3227,A,minor,1.7019,0.19204194426253743,0.3511624123657827,False,0,False,,,,,,,,,,,,,False,,,,,,,,,
scotch_target,Bulk,ENSG00000025770,NCAPH2,chr22,4631,287,4,B,70.4,0.0052,0.0018,-1,0,NCAPH2_novelIsoform_4362862147404287,NCAPH2_novelIsoform_4362862147404287,NCAPH2_novelIsoform_4362862147404287,junction:50518052-50518132,junction,50518052,50518132,80,763.92,1482.16,768.08,1616.84,0.97,1.46,2243.65,1.03,1.54,2382.35,,,,insufficient_data,0.3401,0.3221,A,minor,1.7036,0.19182192244848578,0.3511624123657827,False,0,False,,,,,,,,,,,,,False,,,,,,,,,
scotch_target,Bulk,ENSG00000025770,NCAPH2,chr22,4631,287,4,B,70.4,0.0052,0.0018,-1,0,NCAPH2_novelIsoform_4362862147404287,NCAPH2_novelIsoform_4362862147404287,NCAPH2_novelIsoform_4362862147404287,junction:50518278-50518648,junction,50518278,50518648,370,761.01,1485.07,764.99,1619.93,0.48,1.46,2244.13,0.52,1.54,2382.87,,,,insufficient_data,0.3388,0.3208,A,minor,1.707,0.1913789278653248,0.3511624123657827,False,0,False,,,,,,,,,,,,,False,,,,,,,,,
scotch_target,Bulk,ENSG00000025770,NCAPH2,chr22,4631,287,4,B,70.4,0.0052,0.0018,-1,0,NCAPH2_novelIsoform_4362862147404287,NCAPH2_novelIsoform_4362862147404287,NCAPH2_novelIsoform_4362862147404287,junction:50518732-50519189,junction,50518732,50519189,457,761.01,1485.07,764.99,1619.93,1.46,0.48,2244.13,1.54,0.52,2382.87,,,,insufficient_data,0.3388,0.3208,A,minor,1.707,0.1913789278653248,0.3511624123657827,False,0,False,,,,,,,,,,,,,False,,,,,,,,,
scotch_target,Bulk,ENSG00000025770,NCAPH2,chr22,4631,287,4,B,70.4,0.0052,0.0018,-1,0,NCAPH2_novelIsoform_4362862147404287,NCAPH2_novelIsoform_4362862147404287,NCAPH2_novelIsoform_4362862147404287,junction:50519320-50520964,junction,50519320,50520964,1644,736.27,1509.8,738.73,1646.2,0.0,1.6,2244.47,0.0,2.4,2382.53,,,,insufficient_data,0.3278,0.3097,A,minor,1.7375,0.1874527856535153,0.3511624123657827,False,0,False,,,,,,,,,,,,,False,,,,,,,,,
scotch_target,Bulk,ENSG00000025770,NCAPH2,chr22,4631,287,4,B,70.4,0.0052,0.0018,-1,0,NCAPH2_novelIsoform_4362862147404287,NCAPH2_novelIsoform_4362862147404287,NCAPH2_novelIsoform_4362862147404287,junction:50521036-50521542,junction,50521036,50521542,506,737.24,1508.83,739.76,1645.17,0.0,2.46,2243.62,0.0,4.54,2380.38,,,,insufficient_data,0.3282,0.3102,A,minor,1.7363,0.18761222667062905,0.3511624123657827,False,0,False,,,,,,,,,,,,,False,,,,,,,,,
scotch_target,Bulk,ENSG00000025770,NCAPH2,chr22,4631,287,4,B,70.4,0.0052,0.0018,-1,0,NCAPH2_novelIsoform_4362862147404287,NCAPH2_novelIsoform_4362862147404287,NCAPH2_novelIsoform_4362862147404287,junction:50521609-50521740,junction,50521609,50521740,131,736.76,1509.32,739.24,1645.68,0.0,0.48,2245.59,0.0,0.52,2384.41,,,,insufficient_data,0.328,0.31,A,minor,1.7369,0.18753256256951192,0.3511624123657827,False,0,False,,,,,,,,,,,,,False,,,,,,,,,
scotch_target,Bulk,ENSG00000025770,NCAPH2,chr22,4631,287,4,B,70.4,0.0052,0.0018,-1,0,NCAPH2_novelIsoform_4362862147404287,NCAPH2_novelIsoform_4362862147404287,NCAPH2_novelIsoform_4362862147404287,junction:50521848-50521985,junction,50521848,50521985,137,736.76,1509.32,739.24,1645.68,0.0,0.0,2246.07,0.0,3.0,2381.93,,,,insufficient_data,0.328,0.31,A,minor,1.7369,0.18753256256951192,0.3511624123657827,False,0,False,,,,,,,,,,,,,False,,,,,,,,,
scotch_target,Bulk,ENSG00000025770,NCAPH2,chr22,4631,287,4,B,70.4,0.0052,0.0018,-1,0,NCAPH2_novelIsoform_4362862147404287,NCAPH2_novelIsoform_4362862147404287,NCAPH2_novelIsoform_4362862147404287,junction:50522039-50522180,junction,50522039,50522180,141,736.76,1509.32,739.24,1645.68,0.0,0.0,2246.07,0.0,5.0,2379.93,,,,insufficient_data,0.328,0.31,A,minor,1.7369,0.18753256256951192,0.3511624123657827,False,0,False,,,,,,,,,,,,,False,,,,,,,,,
scotch_target,Bulk,ENSG00000025770,NCAPH2,chr22,4631,287,4,B,70.4,0.0052,0.0018,-1,0,NCAPH2_novelIsoform_4362862147404287,NCAPH2_novelIsoform_4362862147404287,NCAPH2_novelIsoform_4362862147404287,junction:50522251-50522342,junction,50522251,50522342,91,736.76,1509.32,739.24,1645.68,0.0,0.01,2246.06,0.0,5.99,2378.94,,,,insufficient_data,0.328,0.31,A,minor,1.7369,0.18753256256951192,0.3511624123657827,False,0,False,,,,,,,,,,,,,False,,,,,,,,,
scotch_target,Bulk,ENSG00000025770,NCAPH2,chr22,4631,287,4,B,70.4,0.0052,0.0018,-1,0,NCAPH2_novelIsoform_4362862147404287,NCAPH2_novelIsoform_4362862147404287,NCAPH2_novelIsoform_4362862147404287,junction:50522922-50523016,junction,50522922,50523016,94,735.79,1510.29,738.21,1646.71,0.6,19.53,2225.94,0.4,40.47,2344.06,0.3375,0.5612469106526421,0.7844493587716302,chi2_hap_event,0.3276,0.3095,A,minor,1.7382,0.18737289585635503,0.3511624123657827,False,0,False,,,,,,,,,,,,,False,,,,,,,,,
scotch_target,Bulk,ENSG00000025770,NCAPH2,chr22,4631,287,4,B,70.4,0.0052,0.0018,-1,0,NCAPH2_novelIsoform_4362862147404287,NCAPH2_novelIsoform_4362862147404287,NCAPH2_novelIsoform_4362862147404287,exon:50522524-50522569,exon,50522524,50522569,45,892.93,1353.15,911.07,1473.85,77.25,61.62,2107.2,72.75,66.38,2245.8,0.311,0.5770396613513489,0.7844493587716302,chi2_hap_event,0.3976,0.382,A,minor,1.1745,0.2784839666654592,0.4243565206330807,True,2,False,chr22:50522492:C:G,50522492.0,C,G,A,0.9999940391390134,1.0,32.0,32.0,-,-,promotes_event,True,11.0,48.0,53.0,11.0,123.0,50.6463,1.1060315428873508e-12,3.686771809624502e-12,chi2_cross_event
scotch_target,Bulk,ENSG00000025770,NCAPH2,chr22,4631,287,4,B,70.4,0.0052,0.0018,-1,0,NCAPH2_novelIsoform_4362862147404287,NCAPH2_novelIsoform_4362862147404287,NCAPH2_novelIsoform_4362862147404287,exon:50522524-50522569,exon,50522524,50522569,45,892.93,1353.15,911.07,1473.85,77.25,61.62,2107.2,72.75,66.38,2245.8,0.311,0.5770396613513489,0.7844493587716302,chi2_hap_event,0.3976,0.382,A,minor,1.1745,0.2784839666654592,0.4243565206330807,True,2,True,chr22:50522493:C:G,50522493.0,C,G,A,0.9999940391390134,1.0,31.0,31.0,-,-,promotes_event,True,12.0,48.0,52.0,12.0,124.0,46.5194,9.071702332597512e-12,2.267925583149378e-11,chi2_cross_event
scotch_target,Bulk,ENSG00000025770,NCAPH2,chr22,4631,287,4,B,70.4,0.0052,0.0018,-1,0,NCAPH2_novelIsoform_4362862147404287,NCAPH2_novelIsoform_4362862147404287,NCAPH2_novelIsoform_4362862147404287,exon:50522670-50522720,exon,50522670,50522720,50,892.44,1353.63,910.56,1474.37,85.49,61.62,2098.95,82.51,65.38,2237.05,0.162,0.6873342907948388,0.801890005927312,chi2_hap_event,0.3973,0.3818,A,minor,1.1747,0.278435482787658,0.4243565206330807,False,0,False,,,,,,,,,,,,,False,,,,,,,,,
scotch_target,Bulk,ENSG00000025770,NCAPH2,chr22,4631,287,4,B,70.4,0.0052,0.0018,-1,0,NCAPH2_novelIsoform_4362862147404287,NCAPH2_novelIsoform_4362862147404287,NCAPH2_novelIsoform_4362862147404287,exon:50522820-50522922,exon,50522820,50522922,102,892.44,1353.63,910.56,1474.37,114.11,60.65,2071.31,112.89,64.35,2207.69,0.0982,0.7540509690085032,0.8334247552199247,chi2_hap_event,0.3973,0.3818,A,minor,1.1747,0.278435482787658,0.4243565206330807,False,0,False,,,,,,,,,,,,,False,,,,,,,,,
scotch_target,Bulk,ENSG00000025770,NCAPH2,chr22,4631,287,4,B,70.4,0.0052,0.0018,-1,0,NCAPH2_novelIsoform_4362862147404287,NCAPH2_novelIsoform_4362862147404287,NCAPH2_novelIsoform_4362862147404287,exon:50523079-50523166,exon,50523079,50523166,87,892.44,1353.63,910.56,1474.37,134.94,61.65,2049.48,136.06,64.35,2184.52,0.0254,0.8734069089870408,0.8734069089870408,chi2_hap_event,0.3973,0.3818,A,minor,1.1747,0.278435482787658,0.4243565206330807,False,0,False,,,,,,,,,,,,,False,,,,,,,,,
scotch_target,Bulk,ENSG00000025770,NCAPH2,chr22,4631,287,4,B,70.4,0.0052,0.0018,-1,0,NCAPH2_novelIsoform_4362862147404287,NCAPH2_novelIsoform_4362862147404287,NCAPH2_novelIsoform_4362862147404287,exon:50523234-50523471,exon,50523234,50523471,237,892.44,1353.63,910.56,1474.37,179.59,59.68,2006.8,183.41,63.32,2138.2,0.033,0.8557687393825724,0.8734069089870408,chi2_hap_event,0.3973,0.3818,A,minor,1.1747,0.278435482787658,0.4243565206330807,False,0,False,,,,,,,,,,,,,False,,,,,,,,,
scotch_target,Bulk,ENSG00000025770,NCAPH2,chr22,4631,287,4,B,70.4,0.0052,0.0018,-1,0,NCAPH2_novelIsoform_4362862147404287,NCAPH2_novelIsoform_4362862147404287,NCAPH2_novelIsoform_4362862147404287,junction:50522569-50522670,junction,50522569,50522670,101,892.44,1353.63,910.56,1474.37,0.0,1.95,2244.12,0.0,21.05,2363.88,,,,insufficient_data,0.3973,0.3818,A,minor,1.1747,0.278435482787658,0.4243565206330807,False,0,False,,,,,,,,,,,,,False,,,,,,,,,
scotch_target,Bulk,ENSG00000025770,NCAPH2,chr22,4631,287,4,B,70.4,0.0052,0.0018,-1,0,NCAPH2_novelIsoform_4362862147404287,NCAPH2_novelIsoform_4362862147404287,NCAPH2_novelIsoform_4362862147404287,junction:50522720-50522820,junction,50522720,50522820,100,892.44,1353.63,910.56,1474.37,0.0,14.34,2231.73,0.0,45.66,2339.27,,,,insufficient_data,0.3973,0.3818,A,minor,1.1747,0.278435482787658,0.4243565206330807,False,0,False,,,,,,,,,,,,,False,,,,,,,,,
scotch_target,Bulk,ENSG00000025770,NCAPH2,chr22,4631,287,4,B,70.4,0.0052,0.0018,-1,0,NCAPH2_novelIsoform_4362862147404287,NCAPH2_novelIsoform_4362862147404287,NCAPH2_novelIsoform_4362862147404287,junction:50523166-50523234,junction,50523166,50523234,68,872.04,1374.03,889.96,1494.97,0.0,27.2,2218.87,0.0,57.8,2327.13,,,,insufficient_data,0.3883,0.3732,A,minor,1.118,0.29035291618950765,0.4321531775843835,False,0,False,,,,,,,,,,,,,False,,,,,,,,,
scotch_target,Bulk,ENSG00000025770,NCAPH2,chr22,4631,287,4,B,70.4,0.0052,0.0018,-1,0,NCAPH2_novelIsoform_4362862147404287,NCAPH2_novelIsoform_4362862147404287,NCAPH2_novelIsoform_4362862147404287,exon:50508223-50508242,exon,50508223,50508242,19,616.15,1629.92,649.85,1735.08,28.73,0.97,2216.37,10.27,1.03,2373.63,0.6035,0.4372363913581361,0.7844493587716302,chi2_hap_event,0.2743,0.2725,A,minor,0.0198,0.8880764966745281,0.9999767053319145,False,0,False,,,,,,,,,,,,,False,,,,,,,,,
scotch_target,Bulk,ENSG00000025770,NCAPH2,chr22,4631,287,4,B,70.4,0.0052,0.0018,-1,0,NCAPH2_novelIsoform_4362862147404287,NCAPH2_novelIsoform_4362862147404287,NCAPH2_novelIsoform_4362862147404287,exon:50508245-50508258,exon,50508245,50508258,13,664.68,1581.39,700.32,1684.61,43.09,0.97,2202.01,14.91,1.03,2368.99,0.6599,0.416604517676919,0.7844493587716302,chi2_hap_event,0.2959,0.2936,A,minor,0.0292,0.8644313857457432,0.9999767053319145,False,0,False,,,,,,,,,,,,,False,,,,,,,,,
scotch_target,Bulk,ENSG00000025770,NCAPH2,chr22,4631,287,4,B,70.4,0.0052,0.0018,-1,0,NCAPH2_novelIsoform_4362862147404287,NCAPH2_novelIsoform_4362862147404287,NCAPH2_novelIsoform_4362862147404287,exon:50515719-50515774,exon,50515719,50515774,55,1.46,2244.62,1.54,2383.38,6.31,51.57,2188.2,6.69,20.43,2357.8,2.7094,0.09975732506278212,0.3808916047851681,chi2_hap_event,0.0007,0.0006,A,minor,0.0,0.9999767053319145,0.9999767053319145,False,0,False,,,,,,,,,,,,,False,,,,,,,,,
scotch_target,Bulk,ENSG00000025770,NCAPH2,chr22,4631,287,4,B,70.4,0.0052,0.0018,-1,0,NCAPH2_novelIsoform_4362862147404287,NCAPH2_novelIsoform_4362862147404287,NCAPH2_novelIsoform_4362862147404287,exon:50518052-50518058,exon,50518052,50518058,6,1.46,2244.62,1.54,2383.38,4.54,52.09,2189.44,4.46,17.91,2362.56,2.2566,0.1330485686251753,0.4656699901881136,chi2_hap_event,0.0007,0.0006,A,minor,0.0,0.9999767053319145,0.9999767053319145,False,0,False,,,,,,,,,,,,,False,,,,,,,,,
scotch_target,Bulk,ENSG00000025770,NCAPH2,chr22,4631,287,4,B,70.4,0.0052,0.0018,-1,0,NCAPH2_novelIsoform_4362862147404287,NCAPH2_novelIsoform_4362862147404287,NCAPH2_novelIsoform_4362862147404287,exon:50519320-50519546,exon,50519320,50519546,226,24.74,2221.34,26.26,2358.66,25.42,45.92,2174.74,25.58,9.08,2350.26,13.6119,0.00022475946507020494,0.0036838605726976412,chi2_hap_event,0.011,0.011,B,major,0.0,0.9999034516352227,0.9999767053319145,False,0,False,,,,,,,,,,,,,False,,,,,,,,,
scotch_target,Bulk,ENSG00000025770,NCAPH2,chr22,4631,287,4,B,70.4,0.0052,0.0018,-1,0,NCAPH2_novelIsoform_4362862147404287,NCAPH2_novelIsoform_4362862147404287,NCAPH2_novelIsoform_4362862147404287,exon:50519546-50519637,exon,50519546,50519637,91,25.22,2220.85,26.78,2358.15,25.9,47.4,2172.77,26.1,9.6,2349.23,13.731,0.00021094518220568935,0.0036838605726976412,chi2_hap_event,0.0112,0.0112,B,major,0.0,0.9999024990328634,0.9999767053319145,False,0,False,,,,,,,,,,,,,False,,,,,,,,,
scotch_target,Bulk,ENSG00000025770,NCAPH2,chr22,4631,287,4,B,70.4,0.0052,0.0018,-1,0,NCAPH2_novelIsoform_4362862147404287,NCAPH2_novelIsoform_4362862147404287,NCAPH2_novelIsoform_4362862147404287,exon:50519637-50519752,exon,50519637,50519752,115,24.74,2221.34,26.26,2358.66,23.28,50.51,2172.28,24.72,11.49,2348.72,13.3161,0.0002631328980498315,0.0036838605726976412,chi2_hap_event,0.011,0.011,B,major,0.0,0.9999034516352227,0.9999767053319145,False,0,False,,,,,,,,,,,,,False,,,,,,,,,
scotch_target,Bulk,ENSG00000025770,NCAPH2,chr22,4631,287,4,B,70.4,0.0052,0.0018,-1,0,NCAPH2_novelIsoform_4362862147404287,NCAPH2_novelIsoform_4362862147404287,NCAPH2_novelIsoform_4362862147404287,exon:50523166-50523234,exon,50523166,50523234,68,20.4,2225.67,20.6,2364.33,35.93,61.65,2148.49,68.07,64.35,2252.51,4.8248,0.02805294349237857,0.16831766095427142,chi2_hap_event,0.0091,0.0086,A,minor,0.0261,0.8716680228676696,0.9999767053319145,False,0,False,,,,,,,,,,,,,False,,,,,,,,,
scotch_target,Bulk,ENSG00000025770,NCAPH2,chr22,4631,287,4,B,70.4,0.0052,0.0018,-1,0,NCAPH2_novelIsoform_4362862147404287,NCAPH2_novelIsoform_4362862147404287,NCAPH2_novelIsoform_4362862147404287,exon:50523472-50523567,exon,50523472,50523567,95,616.15,1629.92,649.85,1735.08,3.88,2.42,2239.77,7.12,2.58,2375.23,0.2519,0.6157557531512795,0.7844493587716302,chi2_hap_event,0.2743,0.2725,A,minor,0.0198,0.8880764966745281,0.9999767053319145,False,0,False,,,,,,,,,,,,,False,,,,,,,,,
scotch_target,Bulk,ENSG00000025770,NCAPH2,chr22,4631,287,4,B,70.4,0.0052,0.0018,-1,0,NCAPH2_novelIsoform_4362862147404287,NCAPH2_novelIsoform_4362862147404287,NCAPH2_novelIsoform_4362862147404287,exon:50523567-50523572,exon,50523567,50523572,5,616.15,1629.92,649.85,1735.08,1782.18,2.91,460.99,1895.82,4.09,485.01,0.1326,0.715797584510861,0.8125269878231395,chi2_hap_event,0.2743,0.2725,A,minor,0.0198,0.8880764966745281,0.9999767053319145,False,0,False,,,,,,,,,,,,,False,,,,,,,,,
scotch_target,Bulk,ENSG00000025770,NCAPH2,chr22,4631,287,4,B,70.4,0.0052,0.0018,-1,0,NCAPH2_novelIsoform_4362862147404287,NCAPH2_novelIsoform_4362862147404287,NCAPH2_novelIsoform_4362862147404287,exon:50523572-50523595,exon,50523572,50523595,23,616.15,1629.92,649.85,1735.08,1939.42,1.94,304.71,2069.58,3.06,312.29,0.1834,0.6684740726389151,0.801890005927312,chi2_hap_event,0.2743,0.2725,A,minor,0.0198,0.8880764966745281,0.9999767053319145,False,0,False,,,,,,,,,,,,,False,,,,,,,,,
scotch_target,Bulk,ENSG00000025770,NCAPH2,chr22,4631,287,4,B,70.4,0.0052,0.0018,-1,0,NCAPH2_novelIsoform_4362862147404287,NCAPH2_novelIsoform_4362862147404287,NCAPH2_novelIsoform_4362862147404287,exon:50523595-50523905,exon,50523595,50523905,310,616.15,1629.92,649.85,1735.08,1953.97,1.46,290.65,2087.03,2.54,295.35,0.2296,0.6318165313086694,0.7844493587716302,chi2_hap_event,0.2743,0.2725,A,minor,0.0198,0.8880764966745281,0.9999767053319145,False,0,False,,,,,,,,,,,,,False,,,,,,,,,
scotch_target,Bulk,ENSG00000025770,NCAPH2,chr22,4631,287,4,B,70.4,0.0052,0.0018,-1,0,NCAPH2_novelIsoform_4362862147404287,NCAPH2_novelIsoform_4362862147404287,NCAPH2_novelIsoform_4362862147404287,exon:50523905-50523925,exon,50523905,50523925,20,616.15,1629.92,649.85,1735.08,1553.36,3.88,688.83,1660.64,6.12,718.17,0.3627,0.5470352803197047,0.7844493587716302,chi2_hap_event,0.2743,0.2725,A,minor,0.0198,0.8880764966745281,0.9999767053319145,False,0,False,,,,,,,,,,,,,False,,,,,,,,,
scotch_target,Bulk,ENSG00000025770,NCAPH2,chr22,4631,287,4,B,70.4,0.0052,0.0018,-1,0,NCAPH2_novelIsoform_4362862147404287,NCAPH2_novelIsoform_4362862147404287,NCAPH2_novelIsoform_4362862147404287,exon:50523925-50524424,exon,50523925,50524424,499,616.15,1629.92,649.85,1735.08,1512.8,1.46,731.82,1615.2,2.54,767.18,0.2299,0.6315955058124391,0.7844493587716302,chi2_hap_event,0.2743,0.2725,A,minor,0.0198,0.8880764966745281,0.9999767053319145,False,0,False,,,,,,,,,,,,,False,,,,,,,,,
scotch_target,Bulk,ENSG00000025770,NCAPH2,chr22,4631,287,4,B,70.4,0.0052,0.0018,-1,0,NCAPH2_novelIsoform_4362862147404287,NCAPH2_novelIsoform_4362862147404287,NCAPH2_novelIsoform_4362862147404287,exon:50524424-50524754,exon,50524424,50524754,330,616.15,1629.92,649.85,1735.08,109.03,547.57,1589.48,124.97,582.43,1677.52,0.2696,0.6035680335648338,0.7844493587716302,chi2_hap_event,0.2743,0.2725,A,minor,0.0198,0.8880764966745281,0.9999767053319145,True,2,True,chr22:50524518:G:T,50524518.0,G,T,A,0.9999940391390134,1.0,0.0,94.0,-,-,promotes_event,True,88.0,0.0,72.0,0.0,160.0,,0.23558242646926894,0.26175825163252103,binomial_intra_event
scotch_target,Bulk,ENSG00000025770,NCAPH2,chr22,4631,287,4,B,70.4,0.0052,0.0018,-1,0,NCAPH2_novelIsoform_4362862147404287,NCAPH2_novelIsoform_4362862147404287,NCAPH2_novelIsoform_4362862147404287,exon:50524424-50524754,exon,50524424,50524754,330,616.15,1629.92,649.85,1735.08,109.03,547.57,1589.48,124.97,582.43,1677.52,0.2696,0.6035680335648338,0.7844493587716302,chi2_hap_event,0.2743,0.2725,A,minor,0.0198,0.8880764966745281,0.9999767053319145,True,2,False,chr22:50524600:C:T,50524600.0,C,T,B,5.9608609865491405e-06,1.0,0.0,154.0,+,+,reduces_event,True,72.0,0.0,77.0,0.0,149.0,,0.7432690217670559,0.7432690217670559,binomial_intra_event
scotch_target,Bulk,ENSG00000025770,NCAPH2,chr22,4631,287,4,B,70.4,0.0052,0.0018,-1,0,NCAPH2_novelIsoform_4362862147404287,NCAPH2_novelIsoform_4362862147404287,NCAPH2_novelIsoform_4362862147404287,exon:50524754-50524780,exon,50524754,50524780,26,616.15,1629.92,649.85,1735.08,32.94,604.8,1608.34,33.06,643.2,1708.66,0.0524,0.8189477683391366,0.8598951567560935,chi2_hap_event,0.2743,0.2725,A,minor,0.0198,0.8880764966745281,0.9999767053319145,False,0,False,,,,,,,,,,,,,False,,,,,,,,,
scotch_target,Bulk,ENSG00000025770,NCAPH2,chr22,4631,287,4,B,70.4,0.0052,0.0018,-1,0,NCAPH2_novelIsoform_4362862147404287,NCAPH2_novelIsoform_4362862147404287,NCAPH2_novelIsoform_4362862147404287,junction:50508428-50516446,junction,50508428,50516446,8018,2.91,2243.16,3.09,2381.84,42.72,1.46,2201.9,15.28,1.54,2368.1,0.9033,0.34188783583155036,0.7844493587716302,chi2_hap_event,0.0013,0.0013,B,major,0.0,0.9999670456817769,0.9999767053319145,False,0,False,,,,,,,,,,,,,False,,,,,,,,,
scotch_target,Bulk,ENSG00000025770,NCAPH2,chr22,4631,287,4,B,70.4,0.0052,0.0018,-1,0,NCAPH2_novelIsoform_4362862147404287,NCAPH2_novelIsoform_4362862147404287,NCAPH2_novelIsoform_4362862147404287,junction:50508445-50515719,junction,50508445,50515719,7274,1.46,2244.62,1.54,2383.38,0.0,0.0,2246.07,0.0,0.0,2384.93,,,,insufficient_data,0.0007,0.0006,A,minor,0.0,0.9999767053319145,0.9999767053319145,False,0,False,,,,,,,,,,,,,False,,,,,,,,,
scotch_target,Bulk,ENSG00000025770,NCAPH2,chr22,4631,287,4,B,70.4,0.0052,0.0018,-1,0,NCAPH2_novelIsoform_4362862147404287,NCAPH2_novelIsoform_4362862147404287,NCAPH2_novelIsoform_4362862147404287,junction:50515774-50516446,junction,50515774,50516446,672,1.46,2244.62,1.54,2383.38,0.0,1.46,2244.62,0.0,1.54,2383.38,,,,insufficient_data,0.0007,0.0006,A,minor,0.0,0.9999767053319145,0.9999767053319145,False,0,False,,,,,,,,,,,,,False,,,,,,,,,
scotch_target,Bulk,ENSG00000025770,NCAPH2,chr22,4631,287,4,B,70.4,0.0052,0.0018,-1,0,NCAPH2_novelIsoform_4362862147404287,NCAPH2_novelIsoform_4362862147404287,NCAPH2_novelIsoform_4362862147404287,junction:50522415-50522500,junction,50522415,50522500,85,637.04,1609.04,670.96,1713.96,0.0,0.01,2246.06,0.0,39.99,2344.94,,,,insufficient_data,0.2836,0.2813,A,minor,0.0299,0.8626943153342577,0.9999767053319145,True,2,False,chr22:50522492:C:G,50522492.0,C,G,A,0.9999940391390134,1.0,0.0,8.0,-,-,promotes_event,True,0.0,59.0,12.0,52.0,123.0,12.2584,0.0004631570656920277,0.0005789463321150346,chi2_cross_event
scotch_target,Bulk,ENSG00000025770,NCAPH2,chr22,4631,287,4,B,70.4,0.0052,0.0018,-1,0,NCAPH2_novelIsoform_4362862147404287,NCAPH2_novelIsoform_4362862147404287,NCAPH2_novelIsoform_4362862147404287,junction:50522415-50522500,junction,50522415,50522500,85,637.04,1609.04,670.96,1713.96,0.0,0.01,2246.06,0.0,39.99,2344.94,,,,insufficient_data,0.2836,0.2813,A,minor,0.0299,0.8626943153342577,0.9999767053319145,True,2,True,chr22:50522493:C:G,50522493.0,C,G,A,0.9999940391390134,1.0,0.0,7.0,-,-,promotes_event,True,0.0,60.0,12.0,52.0,124.0,12.4554,0.000416794673521049,0.0005789463321150346,chi2_cross_event
scotch_target,Bulk,ENSG00000025770,NCAPH2,chr22,4631,287,4,B,70.4,0.0052,0.0018,-1,0,NCAPH2_novelIsoform_4362862147404287,NCAPH2_novelIsoform_4362862147404287,NCAPH2_novelIsoform_4362862147404287,junction:50522922-50523079,junction,50522922,50523079,157,156.66,2089.42,172.34,2212.58,0.0,19.65,2226.43,0.0,43.35,2341.57,,,,insufficient_data,0.0697,0.0723,B,major,0.1111,0.7388496096758483,0.9999767053319145,False,0,False,,,,,,,,,,,,,False,,,,,,,,,
scotch_target,Bulk,ENSG00000099940,SNAP29,chr22,864,506,5,B,70.4,0.0188,0.0578,-1,-1,SNAP29_ENST00000215730,SNAP29_ENST00000215730,SNAP29_ENST00000215730,exon:20859006-20859080,exon,20859006,20859080,74,286.66,139.93,282.34,155.07,81.26,1.48,343.84,116.74,1.52,319.16,0.0852,0.7703064872565416,0.9173821539868269,chi2_hap_event,0.672,0.6455,A,minor,0.6746,0.4114650603397987,0.6310911548131598,True,1,True,chr22:20859091:C:T,20859091.0,C,T,A,0.9999940391390134,1.0,11.0,11.0,-,+,promotes_event,True,144.0,43.0,100.0,31.0,318.0,0.0193,0.8894057830592434,0.8894057830592434,chi2_cross_event
scotch_target,Bulk,ENSG00000099940,SNAP29,chr22,864,506,5,B,70.4,0.0188,0.0578,-1,-1,SNAP29_ENST00000215730,SNAP29_ENST00000215730,SNAP29_ENST00000215730,exon:20859080-20859122,exon,20859080,20859122,42,306.01,120.57,305.99,131.43,137.2,1.98,287.4,192.8,2.02,242.6,0.0995,0.752420287552983,0.9173821539868269,chi2_hap_event,0.7174,0.6995,A,minor,0.3317,0.5646605069380903,0.6310911548131598,True,1,True,chr22:20859091:C:T,20859091.0,C,T,A,0.9999940391390134,1.0,0.0,11.0,-,+,promotes_event,True,187.0,0.0,131.0,0.0,318.0,,0.0019934843622827067,0.006977195267989474,binomial_intra_event
scotch_target,Bulk,ENSG00000099940,SNAP29,chr22,864,506,5,B,70.4,0.0188,0.0578,-1,-1,SNAP29_ENST00000215730,SNAP29_ENST00000215730,SNAP29_ENST00000215730,exon:20859122-20859347,exon,20859122,20859347,225,306.01,120.57,305.99,131.43,162.96,1.98,261.65,219.04,2.02,216.35,0.0735,0.7863275605601373,0.9173821539868269,chi2_hap_event,0.7174,0.6995,A,minor,0.3317,0.5646605069380903,0.6310911548131598,True,1,True,chr22:20859091:C:T,20859091.0,C,T,A,0.9999940391390134,1.0,31.0,31.0,-,+,promotes_event,True,152.0,35.0,105.0,26.0,318.0,0.0635,0.8009940292207908,0.8894057830592434,chi2_cross_event
scotch_target,Bulk,ENSG00000099940,SNAP29,chr22,864,506,5,B,70.4,0.0188,0.0578,-1,-1,SNAP29_ENST00000215730,SNAP29_ENST00000215730,SNAP29_ENST00000215730,exon:20870336-20870533,exon,20870336,20870533,197,313.91,112.67,314.09,123.33,172.76,3.96,249.87,224.24,5.04,208.13,0.0008,0.9768781557108743,0.9768781557108743,chi2_hap_event,0.7359,0.7181,A,minor,0.3459,0.5564217920519383,0.6310911548131598,False,0,False,,,,,,,,,,,,,False,,,,,,,,,
scotch_target,Bulk,ENSG00000099940,SNAP29,chr22,864,506,5,B,70.4,0.0188,0.0578,-1,-1,SNAP29_ENST00000215730,SNAP29_ENST00000215730,SNAP29_ENST00000215730,exon:20870533-20871041,exon,20870533,20871041,508,19.35,407.23,23.65,413.77,17.33,154.68,254.57,15.67,207.32,214.43,1.1782,0.2777307871816792,0.9173821539868269,chi2_hap_event,0.0454,0.0541,B,major,0.3447,0.5571098003001501,0.6310911548131598,False,0,False,,,,,,,,,,,,,False,,,,,,,,,
scotch_target,Bulk,ENSG00000099940,SNAP29,chr22,864,506,5,B,70.4,0.0188,0.0578,-1,-1,SNAP29_ENST00000215730,SNAP29_ENST00000215730,SNAP29_ENST00000215730,exon:20881048-20881134,exon,20881048,20881134,86,294.56,132.02,290.44,146.98,161.49,7.03,258.07,208.51,10.97,217.93,0.1486,0.6998483161884559,0.9173821539868269,chi2_hap_event,0.6905,0.664,A,minor,0.6948,0.40454092318661306,0.6310911548131598,False,0,False,,,,,,,,,,,,,False,,,,,,,,,
scotch_target,Bulk,ENSG00000099940,SNAP29,chr22,864,506,5,B,70.4,0.0188,0.0578,-1,-1,SNAP29_ENST00000215730,SNAP29_ENST00000215730,SNAP29_ENST00000215730,exon:20883470-20883569,exon,20883470,20883569,99,294.56,132.02,290.44,146.98,162.84,10.14,253.61,205.16,17.86,214.39,0.6835,0.40838372821545543,0.9173821539868269,chi2_hap_event,0.6905,0.664,A,minor,0.6948,0.40454092318661306,0.6310911548131598,False,0,False,,,,,,,,,,,,,False,,,,,,,,,
scotch_target,Bulk,ENSG00000099940,SNAP29,chr22,864,506,5,B,70.4,0.0188,0.0578,-1,-1,SNAP29_ENST00000215730,SNAP29_ENST00000215730,SNAP29_ENST00000215730,exon:20887678-20887819,exon,20887678,20887819,141,294.56,132.02,290.44,146.98,174.48,7.27,244.83,221.52,6.73,209.17,0.3405,0.5595328149051795,0.9173821539868269,chi2_hap_event,0.6905,0.664,A,minor,0.6948,0.40454092318661306,0.6310911548131598,False,0,False,,,,,,,,,,,,,False,,,,,,,,,
scotch_target,Bulk,ENSG00000099940,SNAP29,chr22,864,506,5,B,70.4,0.0188,0.0578,-1,-1,SNAP29_ENST00000215730,SNAP29_ENST00000215730,SNAP29_ENST00000215730,exon:20887819-20887975,exon,20887819,20887975,156,286.66,139.93,282.34,155.07,147.8,7.35,271.43,168.2,7.65,261.57,0.028,0.8670718586844296,0.9337696939678473,chi2_hap_event,0.672,0.6455,A,minor,0.6746,0.4114650603397987,0.6310911548131598,False,0,False,,,,,,,,,,,,,False,,,,,,,,,
scotch_target,Bulk,ENSG00000099940,SNAP29,chr22,864,506,5,B,70.4,0.0188,0.0578,-1,-1,SNAP29_ENST00000215730,SNAP29_ENST00000215730,SNAP29_ENST00000215730,exon:20887975-20889205,exon,20887975,20889205,1230,286.66,139.93,282.34,155.07,48.45,6.03,372.11,33.55,6.97,396.89,0.743,0.388706404486833,0.9173821539868269,chi2_hap_event,0.672,0.6455,A,minor,0.6746,0.4114650603397987,0.6310911548131598,True,1,True,chr22:20888964:T:C,20888964.0,T,C,B,5.9608609865491405e-06,1.0,0.0,241.0,+,-,reduces_event,True,19.0,0.0,12.0,0.0,31.0,,0.28104151505976915,0.4347065227106215,binomial_intra_event
scotch_target,Bulk,ENSG00000099940,SNAP29,chr22,864,506,5,B,70.4,0.0188,0.0578,-1,-1,SNAP29_ENST00000215730,SNAP29_ENST00000215730,SNAP29_ENST00000215730,exon:20889205-20889263,exon,20889205,20889263,58,286.66,139.93,282.34,155.07,17.34,10.28,398.96,8.66,8.72,420.04,0.7325,0.39207525595182835,0.9173821539868269,chi2_hap_event,0.672,0.6455,A,minor,0.6746,0.4114650603397987,0.6310911548131598,False,0,False,,,,,,,,,,,,,False,,,,,,,,,
scotch_target,Bulk,ENSG00000099940,SNAP29,chr22,864,506,5,B,70.4,0.0188,0.0578,-1,-1,SNAP29_ENST00000215730,SNAP29_ENST00000215730,SNAP29_ENST00000215730,exon:20889263-20890899,exon,20889263,20890899,1636,286.66,139.93,282.34,155.07,128.98,4.47,293.13,82.02,4.53,350.87,0.479,0.4888762835505609,0.9173821539868269,chi2_hap_event,0.672,0.6455,A,minor,0.6746,0.4114650603397987,0.6310911548131598,True,3,False,chr22:20889398:T:G,20889398.0,T,G,B,5.9608609865491405e-06,1.0,0.0,135.0,+,-,reduces_event,True,21.0,0.0,14.0,0.0,35.0,,0.31050465907901537,0.4347065227106215,binomial_intra_event
scotch_target,Bulk,ENSG00000099940,SNAP29,chr22,864,506,5,B,70.4,0.0188,0.0578,-1,-1,SNAP29_ENST00000215730,SNAP29_ENST00000215730,SNAP29_ENST00000215730,exon:20889263-20890899,exon,20889263,20890899,1636,286.66,139.93,282.34,155.07,128.98,4.47,293.13,82.02,4.53,350.87,0.479,0.4888762835505609,0.9173821539868269,chi2_hap_event,0.672,0.6455,A,minor,0.6746,0.4114650603397987,0.6310911548131598,True,3,False,chr22:20890096:G:T,20890096.0,G,T,A,0.9999940391390134,1.0,0.0,803.0,-,+,promotes_event,True,20.0,0.0,40.0,0.0,60.0,,0.01348929373119186,0.03147501870611434,binomial_intra_event
scotch_target,Bulk,ENSG00000099940,SNAP29,chr22,864,506,5,B,70.4,0.0188,0.0578,-1,-1,SNAP29_ENST00000215730,SNAP29_ENST00000215730,SNAP29_ENST00000215730,exon:20889263-20890899,exon,20889263,20890899,1636,286.66,139.93,282.34,155.07,128.98,4.47,293.13,82.02,4.53,350.87,0.479,0.4888762835505609,0.9173821539868269,chi2_hap_event,0.672,0.6455,A,minor,0.6746,0.4114650603397987,0.6310911548131598,True,3,True,chr22:20890796:T:C,20890796.0,T,C,A,0.9999940391390134,1.0,0.0,103.0,-,+,promotes_event,True,32.0,0.0,64.0,0.0,96.0,,0.001424496094649118,0.006977195267989474,binomial_intra_event
scotch_target,Bulk,ENSG00000099940,SNAP29,chr22,864,506,5,B,70.4,0.0188,0.0578,-1,-1,SNAP29_ENST00000215730,SNAP29_ENST00000215730,SNAP29_ENST00000215730,exon:20890899-20891214,exon,20890899,20891214,315,286.66,139.93,282.34,155.07,80.38,2.48,343.72,45.62,3.52,388.28,1.2346,0.2665064436773419,0.9173821539868269,chi2_hap_event,0.672,0.6455,A,minor,0.6746,0.4114650603397987,0.6310911548131598,False,0,False,,,,,,,,,,,,,False,,,,,,,,,
scotch_target,Bulk,ENSG00000099940,SNAP29,chr22,864,506,5,B,70.4,0.0188,0.0578,-1,-1,SNAP29_ENST00000215730,SNAP29_ENST00000215730,SNAP29_ENST00000215730,junction:20859347-20870336,junction,20859347,20870336,10989,306.01,120.57,305.99,131.43,0.0,0.0,426.58,1.0,0.0,436.42,,,,insufficient_data,0.7174,0.6995,A,minor,0.3317,0.5646605069380903,0.6310911548131598,False,0,False,,,,,,,,,,,,,False,,,,,,,,,
scotch_target,Bulk,ENSG00000099940,SNAP29,chr22,864,506,5,B,70.4,0.0188,0.0578,-1,-1,SNAP29_ENST00000215730,SNAP29_ENST00000215730,SNAP29_ENST00000215730,junction:20870533-20881048,junction,20870533,20881048,10515,294.56,132.02,290.44,146.98,0.49,0.0,426.09,0.51,0.0,436.91,,,,insufficient_data,0.6905,0.664,A,minor,0.6948,0.40454092318661306,0.6310911548131598,False,0,False,,,,,,,,,,,,,False,,,,,,,,,
scotch_target,Bulk,ENSG00000099940,SNAP29,chr22,864,506,5,B,70.4,0.0188,0.0578,-1,-1,SNAP29_ENST00000215730,SNAP29_ENST00000215730,SNAP29_ENST00000215730,junction:20881134-20883470,junction,20881134,20883470,2336,294.56,132.02,290.44,146.98,0.49,0.0,426.09,0.51,0.0,436.91,,,,insufficient_data,0.6905,0.664,A,minor,0.6948,0.40454092318661306,0.6310911548131598,False,0,False,,,,,,,,,,,,,False,,,,,,,,,
scotch_target,Bulk,ENSG00000099940,SNAP29,chr22,864,506,5,B,70.4,0.0188,0.0578,-1,-1,SNAP29_ENST00000215730,SNAP29_ENST00000215730,SNAP29_ENST00000215730,junction:20883569-20887678,junction,20883569,20887678,4109,294.56,132.02,290.44,146.98,0.99,0.0,425.6,1.01,0.0,436.4,,,,insufficient_data,0.6905,0.664,A,minor,0.6948,0.40454092318661306,0.6310911548131598,False,0,False,,,,,,,,,,,,,False,,,,,,,,,
scotch_target,Bulk,ENSG00000099940,SNAP29,chr22,864,506,5,B,70.4,0.0188,0.0578,-1,-1,SNAP29_ENST00000215730,SNAP29_ENST00000215730,SNAP29_ENST00000215730,exon:20859482-20859640,exon,20859482,20859640,158,7.9,418.68,8.1,429.32,5.5,159.43,261.66,10.5,210.57,216.34,0.4765,0.4900043378340322,0.9173821539868269,chi2_hap_event,0.0185,0.0185,B,major,0.0,0.9982623393169026,0.9982623393169026,False,0,False,,,,,,,,,,,,,False,,,,,,,,,
scotch_target,Bulk,ENSG00000099940,SNAP29,chr22,864,506,5,B,70.4,0.0188,0.0578,-1,-1,SNAP29_ENST00000215730,SNAP29_ENST00000215730,SNAP29_ENST00000215730,junction:20859640-20870336,junction,20859640,20870336,10696,7.9,418.68,8.1,429.32,0.0,0.0,426.58,0.0,0.0,437.42,,,,insufficient_data,0.0185,0.0185,B,major,0.0,0.9982623393169026,0.9982623393169026,False,0,False,,,,,,,,,,,,,False,,,,,,,,,
scotch_target,Bulk,ENSG00000100207,TCF20,chr22,1679,332,8,B,70.4,0.0342,0.0187,-1,-1,TCF20_Other,TCF20_Other,TCF20_Other,exon:42160012-42160052,exon,42160012,42160052,40,47.17,737.1,53.83,840.9,25.68,0.0,758.58,29.32,0.0,865.42,,,,insufficient_data,0.0601,0.0602,B,major,0.0,0.9983214177116078,0.9995409156228034,False,0,False,,,,,,,,,,,,,False,,,,,,,,,
scotch_target,Bulk,ENSG00000100207,TCF20,chr22,1679,332,8,B,70.4,0.0342,0.0187,-1,-1,TCF20_Other,TCF20_Other,TCF20_Other,exon:42160052-42160165,exon,42160052,42160165,113,47.17,737.1,53.83,840.9,28.02,0.47,755.78,31.98,0.53,862.22,0.0,0.9999999999999992,1.0,chi2_hap_event,0.0601,0.0602,B,major,0.0,0.9983214177116078,0.9995409156228034,False,0,False,,,,,,,,,,,,,False,,,,,,,,,
scotch_target,Bulk,ENSG00000100207,TCF20,chr22,1679,332,8,B,70.4,0.0342,0.0187,-1,-1,TCF20_Other,TCF20_Other,TCF20_Other,exon:42160165-42161055,exon,42160165,42161055,890,47.17,737.1,53.83,840.9,43.9,0.0,740.36,50.1,0.0,844.64,,,,insufficient_data,0.0601,0.0602,B,major,0.0,0.9983214177116078,0.9995409156228034,False,0,False,,,,,,,,,,,,,False,,,,,,,,,
scotch_target,Bulk,ENSG00000100207,TCF20,chr22,1679,332,8,B,70.4,0.0342,0.0187,-1,-1,TCF20_Other,TCF20_Other,TCF20_Other,exon:42161055-42161097,exon,42161055,42161097,42,73.79,710.48,84.21,810.52,7.47,0.47,776.32,8.53,0.53,885.68,0.0,0.9999999999999998,1.0,chi2_hap_event,0.0941,0.0941,B,major,0.0,0.9978615495792026,0.9995409156228034,False,0,False,,,,,,,,,,,,,False,,,,,,,,,
scotch_target,Bulk,ENSG00000100207,TCF20,chr22,1679,332,8,B,70.4,0.0342,0.0187,-1,-1,TCF20_Other,TCF20_Other,TCF20_Other,exon:42161097-42161358,exon,42161097,42161358,261,77.52,706.74,88.48,806.26,9.81,0.47,773.99,11.19,0.53,883.01,0.0,0.9999999999999996,1.0,chi2_hap_event,0.0988,0.0989,B,major,0.0,0.9978022929563709,0.9995409156228034,False,0,False,,,,,,,,,,,,,False,,,,,,,,,
scotch_target,Bulk,ENSG00000100207,TCF20,chr22,1679,332,8,B,70.4,0.0342,0.0187,-1,-1,TCF20_Other,TCF20_Other,TCF20_Other,exon:42168608-42168703,exon,42168608,42168703,95,50.9,733.36,58.1,836.64,6.54,2.33,775.39,7.46,2.67,884.61,0.0,0.9999999999999994,1.0,chi2_hap_event,0.0649,0.0649,B,major,0.0,0.9982517688891571,0.9995409156228034,False,0,False,,,,,,,,,,,,,False,,,,,,,,,
scotch_target,Bulk,ENSG00000100207,TCF20,chr22,1679,332,8,B,70.4,0.0342,0.0187,-1,-1,TCF20_Other,TCF20_Other,TCF20_Other,exon:42168703-42168736,exon,42168703,42168736,33,47.17,737.1,53.83,840.9,5.14,3.27,775.86,5.86,3.73,885.14,0.0,0.9999999999999994,1.0,chi2_hap_event,0.0601,0.0602,B,major,0.0,0.9983214177116078,0.9995409156228034,False,0,False,,,,,,,,,,,,,False,,,,,,,,,
scotch_target,Bulk,ENSG00000100207,TCF20,chr22,1679,332,8,B,70.4,0.0342,0.0187,-1,-1,TCF20_Other,TCF20_Other,TCF20_Other,exon:42169846-42169896,exon,42169846,42169896,50,77.52,706.74,88.48,806.26,7.47,0.47,776.32,8.53,0.53,885.68,0.0,0.9999999999999998,1.0,chi2_hap_event,0.0988,0.0989,B,major,0.0,0.9978022929563709,0.9995409156228034,False,0,False,,,,,,,,,,,,,False,,,,,,,,,
scotch_target,Bulk,ENSG00000100207,TCF20,chr22,1679,332,8,B,70.4,0.0342,0.0187,-1,-1,TCF20_Other,TCF20_Other,TCF20_Other,exon:42179608-42179702,exon,42179608,42179702,94,77.52,706.74,88.48,806.26,5.14,0.93,778.19,5.86,1.07,887.81,0.0,0.9999999999999993,1.0,chi2_hap_event,0.0988,0.0989,B,major,0.0,0.9978022929563709,0.9995409156228034,False,0,False,,,,,,,,,,,,,False,,,,,,,,,
scotch_target,Bulk,ENSG00000100207,TCF20,chr22,1679,332,8,B,70.4,0.0342,0.0187,-1,-1,TCF20_Other,TCF20_Other,TCF20_Other,exon:42209650-42210046,exon,42209650,42210046,396,77.52,706.74,88.48,806.26,5.6,1.4,777.26,6.4,1.6,886.74,0.0,0.9999999999999998,1.0,chi2_hap_event,0.0988,0.0989,B,major,0.0,0.9978022929563709,0.9995409156228034,False,0,False,,,,,,,,,,,,,False,,,,,,,,,
scotch_target,Bulk,ENSG00000100207,TCF20,chr22,1679,332,8,B,70.4,0.0342,0.0187,-1,-1,TCF20_Other,TCF20_Other,TCF20_Other,exon:42210046-42210125,exon,42210046,42210125,79,77.52,706.74,88.48,806.26,2.33,1.87,780.06,2.67,2.13,889.94,,,,insufficient_data,0.0988,0.0989,B,major,0.0,0.9978022929563709,0.9995409156228034,False,0,False,,,,,,,,,,,,,False,,,,,,,,,
scotch_target,Bulk,ENSG00000100207,TCF20,chr22,1679,332,8,B,70.4,0.0342,0.0187,-1,-1,TCF20_Other,TCF20_Other,TCF20_Other,exon:42210125-42210159,exon,42210125,42210159,34,77.52,706.74,88.48,806.26,4.2,1.87,778.19,4.8,2.13,887.81,0.0,0.9999999999999994,1.0,chi2_hap_event,0.0988,0.0989,B,major,0.0,0.9978022929563709,0.9995409156228034,False,0,False,,,,,,,,,,,,,False,,,,,,,,,
scotch_target,Bulk,ENSG00000100207,TCF20,chr22,1679,332,8,B,70.4,0.0342,0.0187,-1,-1,TCF20_Other,TCF20_Other,TCF20_Other,exon:42210159-42210208,exon,42210159,42210208,49,77.52,706.74,88.48,806.26,3.74,1.87,778.66,4.26,2.13,888.34,0.0,1.0,1.0,chi2_hap_event,0.0988,0.0989,B,major,0.0,0.9978022929563709,0.9995409156228034,False,0,False,,,,,,,,,,,,,False,,,,,,,,,
scotch_target,Bulk,ENSG00000100207,TCF20,chr22,1679,332,8,B,70.4,0.0342,0.0187,-1,-1,TCF20_Other,TCF20_Other,TCF20_Other,exon:42210208-42210350,exon,42210208,42210350,142,73.79,710.48,84.21,810.52,2.8,1.87,779.59,3.2,2.13,889.41,0.0,0.9999999999999999,1.0,chi2_hap_event,0.0941,0.0941,B,major,0.0,0.9978615495792026,0.9995409156228034,False,0,False,,,,,,,,,,,,,False,,,,,,,,,
scotch_target,Bulk,ENSG00000100207,TCF20,chr22,1679,332,8,B,70.4,0.0342,0.0187,-1,-1,TCF20_Other,TCF20_Other,TCF20_Other,exon:42210350-42210568,exon,42210350,42210568,218,73.79,710.48,84.21,810.52,5.6,1.87,776.79,6.4,2.13,886.21,0.0,0.9999999999999992,1.0,chi2_hap_event,0.0941,0.0941,B,major,0.0,0.9978615495792026,0.9995409156228034,False,0,False,,,,,,,,,,,,,False,,,,,,,,,
scotch_target,Bulk,ENSG00000100207,TCF20,chr22,1679,332,8,B,70.4,0.0342,0.0187,-1,-1,TCF20_Other,TCF20_Other,TCF20_Other,exon:42210568-42212148,exon,42210568,42212148,1580,73.79,710.48,84.21,810.52,19.61,1.4,763.25,22.39,1.6,870.75,0.0,0.999999999999999,1.0,chi2_hap_event,0.0941,0.0941,B,major,0.0,0.9978615495792026,0.9995409156228034,False,0,False,,,,,,,,,,,,,False,,,,,,,,,
scotch_target,Bulk,ENSG00000100207,TCF20,chr22,1679,332,8,B,70.4,0.0342,0.0187,-1,-1,TCF20_Other,TCF20_Other,TCF20_Other,exon:42212148-42212260,exon,42212148,42212260,112,73.79,710.48,84.21,810.52,4.67,1.4,778.19,5.33,1.6,887.81,0.0,0.9999999999999997,1.0,chi2_hap_event,0.0941,0.0941,B,major,0.0,0.9978615495792026,0.9995409156228034,False,0,False,,,,,,,,,,,,,False,,,,,,,,,
scotch_target,Bulk,ENSG00000100207,TCF20,chr22,1679,332,8,B,70.4,0.0342,0.0187,-1,-1,TCF20_Other,TCF20_Other,TCF20_Other,exon:42212260-42213166,exon,42212260,42213166,906,73.79,710.48,84.21,810.52,9.81,1.4,773.05,11.19,1.6,881.95,0.0,0.9999999999999993,1.0,chi2_hap_event,0.0941,0.0941,B,major,0.0,0.9978615495792026,0.9995409156228034,False,0,False,,,,,,,,,,,,,False,,,,,,,,,
scotch_target,Bulk,ENSG00000100207,TCF20,chr22,1679,332,8,B,70.4,0.0342,0.0187,-1,-1,TCF20_Other,TCF20_Other,TCF20_Other,exon:42213166-42214846,exon,42213166,42214846,1680,73.79,710.48,84.21,810.52,4.67,0.93,778.66,5.33,1.07,888.34,0.0,0.9999999999999996,1.0,chi2_hap_event,0.0941,0.0941,B,major,0.0,0.9978615495792026,0.9995409156228034,False,0,False,,,,,,,,,,,,,False,,,,,,,,,
scotch_target,Bulk,ENSG00000100207,TCF20,chr22,1679,332,8,B,70.4,0.0342,0.0187,-1,-1,TCF20_Other,TCF20_Other,TCF20_Other,exon:42214846-42215341,exon,42214846,42215341,495,79.39,704.87,90.61,804.13,2.33,0.93,780.99,2.67,1.07,891.01,,,,insufficient_data,0.1012,0.1013,B,major,0.0,0.9977730265153401,0.9995409156228034,False,0,False,,,,,,,,,,,,,False,,,,,,,,,
scotch_target,Bulk,ENSG00000100207,TCF20,chr22,1679,332,8,B,70.4,0.0342,0.0187,-1,-1,TCF20_Other,TCF20_Other,TCF20_Other,exon:42215341-42215440,exon,42215341,42215440,99,73.79,710.48,84.21,810.52,0.93,0.93,782.39,1.07,1.07,892.61,,,,insufficient_data,0.0941,0.0941,B,major,0.0,0.9978615495792026,0.9995409156228034,False,0,False,,,,,,,,,,,,,False,,,,,,,,,
scotch_target,Bulk,ENSG00000100207,TCF20,chr22,1679,332,8,B,70.4,0.0342,0.0187,-1,-1,TCF20_Other,TCF20_Other,TCF20_Other,exon:42343478-42343616,exon,42343478,42343616,138,5.6,778.66,6.4,888.34,0.0,0.47,783.8,0.0,0.53,894.2,,,,insufficient_data,0.0071,0.0072,B,major,0.0,0.999437064604748,0.9995409156228034,False,0,False,,,,,,,,,,,,,False,,,,,,,,,
scotch_target,Bulk,ENSG00000100207,TCF20,chr22,1679,332,8,B,70.4,0.0342,0.0187,-1,-1,TCF20_Other,TCF20_Other,TCF20_Other,junction:42161358-42168608,junction,42161358,42168608,7250,50.9,733.36,58.1,836.64,0.0,0.0,784.26,0.0,0.0,894.74,,,,insufficient_data,0.0649,0.0649,B,major,0.0,0.9982517688891571,0.9995409156228034,False,0,False,,,,,,,,,,,,,False,,,,,,,,,
scotch_target,Bulk,ENSG00000100207,TCF20,chr22,1679,332,8,B,70.4,0.0342,0.0187,-1,-1,TCF20_Other,TCF20_Other,TCF20_Other,junction:42161358-42169846,junction,42161358,42169846,8488,26.62,757.64,30.38,864.36,0.47,0.0,783.8,0.53,0.0,894.2,,,,insufficient_data,0.0339,0.034,B,major,0.0,0.9987562084664976,0.9995409156228034,False,0,False,,,,,,,,,,,,,False,,,,,,,,,
scotch_target,Bulk,ENSG00000100207,TCF20,chr22,1679,332,8,B,70.4,0.0342,0.0187,-1,-1,TCF20_Other,TCF20_Other,TCF20_Other,junction:42168703-42169846,junction,42168703,42169846,1143,3.74,780.53,4.26,890.47,0.93,0.93,782.39,1.07,1.07,892.61,,,,insufficient_data,0.0048,0.0048,B,major,0.0,0.9995409156228034,0.9995409156228034,False,0,False,,,,,,,,,,,,,False,,,,,,,,,
scotch_target,Bulk,ENSG00000100207,TCF20,chr22,1679,332,8,B,70.4,0.0342,0.0187,-1,-1,TCF20_Other,TCF20_Other,TCF20_Other,junction:42168736-42169846,junction,42168736,42169846,1110,47.17,737.1,53.83,840.9,0.93,0.47,782.86,1.07,0.53,893.14,,,,insufficient_data,0.0601,0.0602,B,major,0.0,0.9983214177116078,0.9995409156228034,False,0,False,,,,,,,,,,,,,False,,,,,,,,,
scotch_target,Bulk,ENSG00000100207,TCF20,chr22,1679,332,8,B,70.4,0.0342,0.0187,-1,-1,TCF20_Other,TCF20_Other,TCF20_Other,junction:42169896-42179608,junction,42169896,42179608,9712,77.52,706.74,88.48,806.26,3.27,0.0,780.99,3.73,0.0,891.01,,,,insufficient_data,0.0988,0.0989,B,major,0.0,0.9978022929563709,0.9995409156228034,False,0,False,,,,,,,,,,,,,False,,,,,,,,,
scotch_target,Bulk,ENSG00000100207,TCF20,chr22,1679,332,8,B,70.4,0.0342,0.0187,-1,-1,TCF20_Other,TCF20_Other,TCF20_Other,junction:42179702-42209650,junction,42179702,42209650,29948,77.52,706.74,88.48,806.26,2.8,0.0,781.46,3.2,0.0,891.54,,,,insufficient_data,0.0988,0.0989,B,major,0.0,0.9978022929563709,0.9995409156228034,False,0,False,,,,,,,,,,,,,False,,,,,,,,,
scotch_target,Bulk,ENSG00000100207,TCF20,chr22,1679,332,8,B,70.4,0.0342,0.0187,-1,-1,TCF20_Other,TCF20_Other,TCF20_Other,junction:42215341-42343478,junction,42215341,42343478,128137,5.6,778.66,6.4,888.34,0.0,0.0,784.26,0.0,0.0,894.74,,,,insufficient_data,0.0071,0.0072,B,major,0.0,0.999437064604748,0.9995409156228034,True,8,True,chr22:42240680:T:C,42240680.0,T,C,A,0.9999940391390134,1.0,0.0,25339.0,-,+,reduces_event,True,0.0,7.0,0.0,13.0,20.0,,,,chi2_cross_event
scotch_target,Bulk,ENSG00000100207,TCF20,chr22,1679,332,8,B,70.4,0.0342,0.0187,-1,-1,TCF20_Other,TCF20_Other,TCF20_Other,junction:42215341-42343478,junction,42215341,42343478,128137,5.6,778.66,6.4,888.34,0.0,0.0,784.26,0.0,0.0,894.74,,,,insufficient_data,0.0071,0.0072,B,major,0.0,0.999437064604748,0.9995409156228034,True,8,False,chr22:42242658:C:G,42242658.0,C,G,B,5.9608609865491405e-06,1.0,0.0,27317.0,+,-,promotes_event,True,0.0,15.0,0.0,17.0,32.0,,,,chi2_cross_event
scotch_target,Bulk,ENSG00000100207,TCF20,chr22,1679,332,8,B,70.4,0.0342,0.0187,-1,-1,TCF20_Other,TCF20_Other,TCF20_Other,junction:42215341-42343478,junction,42215341,42343478,128137,5.6,778.66,6.4,888.34,0.0,0.0,784.26,0.0,0.0,894.74,,,,insufficient_data,0.0071,0.0072,B,major,0.0,0.999437064604748,0.9995409156228034,True,8,False,chr22:42250197:T:G,42250197.0,T,G,A,0.9999940391390134,1.0,0.0,34856.0,-,+,reduces_event,True,0.0,28.0,0.0,16.0,44.0,,,,chi2_cross_event
scotch_target,Bulk,ENSG00000100207,TCF20,chr22,1679,332,8,B,70.4,0.0342,0.0187,-1,-1,TCF20_Other,TCF20_Other,TCF20_Other,junction:42215341-42343478,junction,42215341,42343478,128137,5.6,778.66,6.4,888.34,0.0,0.0,784.26,0.0,0.0,894.74,,,,insufficient_data,0.0071,0.0072,B,major,0.0,0.999437064604748,0.9995409156228034,True,8,False,chr22:42254847:C:G,42254847.0,C,G,A,0.9999940391390134,1.0,0.0,39506.0,-,+,reduces_event,True,0.0,20.0,0.0,17.0,37.0,,,,chi2_cross_event
scotch_target,Bulk,ENSG00000100207,TCF20,chr22,1679,332,8,B,70.4,0.0342,0.0187,-1,-1,TCF20_Other,TCF20_Other,TCF20_Other,junction:42215341-42343478,junction,42215341,42343478,128137,5.6,778.66,6.4,888.34,0.0,0.0,784.26,0.0,0.0,894.74,,,,insufficient_data,0.0071,0.0072,B,major,0.0,0.999437064604748,0.9995409156228034,True,8,False,chr22:42256709:T:C,42256709.0,T,C,A,0.9999940391390134,1.0,0.0,41368.0,-,+,reduces_event,True,0.0,68.0,0.0,58.0,126.0,,,,chi2_cross_event
scotch_target,Bulk,ENSG00000100207,TCF20,chr22,1679,332,8,B,70.4,0.0342,0.0187,-1,-1,TCF20_Other,TCF20_Other,TCF20_Other,junction:42215341-42343478,junction,42215341,42343478,128137,5.6,778.66,6.4,888.34,0.0,0.0,784.26,0.0,0.0,894.74,,,,insufficient_data,0.0071,0.0072,B,major,0.0,0.999437064604748,0.9995409156228034,True,8,False,chr22:42257031:T:C,42257031.0,T,C,A,0.9999940391390134,1.0,0.0,41690.0,-,+,reduces_event,True,0.0,38.0,0.0,37.0,75.0,,,,chi2_cross_event
scotch_target,Bulk,ENSG00000100207,TCF20,chr22,1679,332,8,B,70.4,0.0342,0.0187,-1,-1,TCF20_Other,TCF20_Other,TCF20_Other,junction:42215341-42343478,junction,42215341,42343478,128137,5.6,778.66,6.4,888.34,0.0,0.0,784.26,0.0,0.0,894.74,,,,insufficient_data,0.0071,0.0072,B,major,0.0,0.999437064604748,0.9995409156228034,True,8,False,chr22:42261813:G:A,42261813.0,G,A,A,0.9999940391390134,1.0,0.0,46472.0,-,+,reduces_event,True,0.0,12.0,0.0,12.0,24.0,,,,chi2_cross_event
scotch_target,Bulk,ENSG00000100207,TCF20,chr22,1679,332,8,B,70.4,0.0342,0.0187,-1,-1,TCF20_Other,TCF20_Other,TCF20_Other,junction:42215341-42343478,junction,42215341,42343478,128137,5.6,778.66,6.4,888.34,0.0,0.0,784.26,0.0,0.0,894.74,,,,insufficient_data,0.0071,0.0072,B,major,0.0,0.999437064604748,0.9995409156228034,True,8,False,chr22:42265137:A:G,42265137.0,A,G,A,0.9999940391390134,1.0,0.0,49796.0,-,+,reduces_event,True,0.0,21.0,0.0,22.0,43.0,,,,chi2_cross_event
scotch_target,Bulk,ENSG00000100347,SAMM50,chr22,453,313,2,A,70.4,0.0871,0.0422,-1,0,SAMM50_ENST00000350028,SAMM50_ENST00000350028,SAMM50_ENST00000350028,exon:43955441-43955598,exon,43955441,43955598,157,124.58,114.94,105.42,108.06,135.37,0.0,104.14,110.63,0.0,102.86,,,,insufficient_data,0.5201,0.4938,A,major,0.3128,0.5759936587547024,0.6499035346713575,False,0,False,,,,,,,,,,,,,False,,,,,,,,,
scotch_target,Bulk,ENSG00000100347,SAMM50,chr22,453,313,2,A,70.4,0.0871,0.0422,-1,0,SAMM50_ENST00000350028,SAMM50_ENST00000350028,SAMM50_ENST00000350028,exon:43963285-43963396,exon,43963285,43963396,111,124.05,115.46,104.95,108.54,137.02,2.53,99.96,115.98,0.47,97.04,1.0839,0.29783159968899,0.9779931495766951,chi2_hap_event,0.5179,0.4916,A,major,0.3127,0.5760508602768851,0.6499035346713575,False,0,False,,,,,,,,,,,,,False,,,,,,,,,
scotch_target,Bulk,ENSG00000100347,SAMM50,chr22,453,313,2,A,70.4,0.0871,0.0422,-1,0,SAMM50_ENST00000350028,SAMM50_ENST00000350028,SAMM50_ENST00000350028,exon:43964451-43964488,exon,43964451,43964488,37,124.58,114.94,105.42,108.06,136.96,1.53,101.02,115.04,0.47,97.98,0.3891,0.5327883298186239,0.9779931495766951,chi2_hap_event,0.5201,0.4938,A,major,0.3128,0.5759936587547024,0.6499035346713575,False,0,False,,,,,,,,,,,,,False,,,,,,,,,
scotch_target,Bulk,ENSG00000100347,SAMM50,chr22,453,313,2,A,70.4,0.0871,0.0422,-1,0,SAMM50_ENST00000350028,SAMM50_ENST00000350028,SAMM50_ENST00000350028,exon:43964488-43964553,exon,43964488,43964553,65,124.58,114.94,105.42,108.06,138.02,1.53,99.96,115.98,0.47,97.04,0.3895,0.5325729169578193,0.9779931495766951,chi2_hap_event,0.5201,0.4938,A,major,0.3128,0.5759936587547024,0.6499035346713575,False,0,False,,,,,,,,,,,,,False,,,,,,,,,
scotch_target,Bulk,ENSG00000100347,SAMM50,chr22,453,313,2,A,70.4,0.0871,0.0422,-1,0,SAMM50_ENST00000350028,SAMM50_ENST00000350028,SAMM50_ENST00000350028,exon:43968730-43968818,exon,43968730,43968818,88,124.58,114.94,105.42,108.06,133.79,2.06,103.67,111.21,2.94,99.33,0.3571,0.5501113871040114,0.9779931495766951,chi2_hap_event,0.5201,0.4938,A,major,0.3128,0.5759936587547024,0.6499035346713575,False,0,False,,,,,,,,,,,,,False,,,,,,,,,
scotch_target,Bulk,ENSG00000100347,SAMM50,chr22,453,313,2,A,70.4,0.0871,0.0422,-1,0,SAMM50_ENST00000350028,SAMM50_ENST00000350028,SAMM50_ENST00000350028,exon:43972235-43972342,exon,43972235,43972342,107,124.58,114.94,105.42,108.06,131.68,3.06,104.78,114.32,1.94,97.22,0.1142,0.7353655368690846,0.9779931495766951,chi2_hap_event,0.5201,0.4938,A,major,0.3128,0.5759936587547024,0.6499035346713575,True,1,True,chr22:43972323:A:G,43972323.0,A,G,A,0.9999940391390134,1.0,0.0,19.0,+,+,promotes_event,True,113.0,0.0,127.0,0.0,240.0,,0.40143649459799324,0.5146892576473925,binomial_intra_event
scotch_target,Bulk,ENSG00000100347,SAMM50,chr22,453,313,2,A,70.4,0.0871,0.0422,-1,0,SAMM50_ENST00000350028,SAMM50_ENST00000350028,SAMM50_ENST00000350028,exon:43972870-43973001,exon,43972870,43973001,131,124.58,114.94,105.42,108.06,135.25,3.06,101.2,118.75,1.94,92.79,0.1233,0.7254398203825916,0.9779931495766951,chi2_hap_event,0.5201,0.4938,A,major,0.3128,0.5759936587547024,0.6499035346713575,True,1,True,chr22:43972323:A:G,43972323.0,A,G,A,0.9999940391390134,1.0,19.0,547.0,+,+,promotes_event,True,94.0,19.0,113.0,14.0,240.0,1.6906,0.19351883032285627,0.5146892576473925,chi2_cross_event
scotch_target,Bulk,ENSG00000100347,SAMM50,chr22,453,313,2,A,70.4,0.0871,0.0422,-1,0,SAMM50_ENST00000350028,SAMM50_ENST00000350028,SAMM50_ENST00000350028,exon:43973235-43973322,exon,43973235,43973322,87,124.58,114.94,105.42,108.06,121.36,4.99,113.16,104.64,3.01,105.83,0.2335,0.6289751495109215,0.9779931495766951,chi2_hap_event,0.5201,0.4938,A,major,0.3128,0.5759936587547024,0.6499035346713575,False,0,False,,,,,,,,,,,,,False,,,,,,,,,
scotch_target,Bulk,ENSG00000100347,SAMM50,chr22,453,313,2,A,70.4,0.0871,0.0422,-1,0,SAMM50_ENST00000350028,SAMM50_ENST00000350028,SAMM50_ENST00000350028,exon:43974594-43975358,exon,43974594,43975358,764,23.3,216.21,16.7,196.79,1.06,126.35,112.11,0.94,106.65,105.89,0.0014,0.9700801066492466,0.9779931495766951,chi2_hap_event,0.0973,0.0782,A,major,0.5091,0.4755257603060752,0.6499035346713575,False,0,False,,,,,,,,,,,,,False,,,,,,,,,
scotch_target,Bulk,ENSG00000100347,SAMM50,chr22,453,313,2,A,70.4,0.0871,0.0422,-1,0,SAMM50_ENST00000350028,SAMM50_ENST00000350028,SAMM50_ENST00000350028,exon:43975358-43975948,exon,43975358,43975948,590,23.3,216.21,16.7,196.79,2.12,126.35,111.05,1.88,106.65,104.95,0.0028,0.9578762969690489,0.9779931495766951,chi2_hap_event,0.0973,0.0782,A,major,0.5091,0.4755257603060752,0.6499035346713575,False,0,False,,,,,,,,,,,,,False,,,,,,,,,
scotch_target,Bulk,ENSG00000100347,SAMM50,chr22,453,313,2,A,70.4,0.0871,0.0422,-1,0,SAMM50_ENST00000350028,SAMM50_ENST00000350028,SAMM50_ENST00000350028,exon:43975948-43976054,exon,43975948,43976054,106,23.3,216.21,16.7,196.79,0.53,114.3,124.69,1.47,93.7,118.31,0.6493,0.4203725982386113,0.9779931495766951,chi2_hap_event,0.0973,0.0782,A,major,0.5091,0.4755257603060752,0.6499035346713575,False,0,False,,,,,,,,,,,,,False,,,,,,,,,
scotch_target,Bulk,ENSG00000100347,SAMM50,chr22,453,313,2,A,70.4,0.0871,0.0422,-1,0,SAMM50_ENST00000350028,SAMM50_ENST00000350028,SAMM50_ENST00000350028,exon:43976054-43976183,exon,43976054,43976183,129,147.35,92.16,121.65,91.84,127.4,4.99,107.12,105.6,3.01,104.87,0.1845,0.6675487742261843,0.9779931495766951,chi2_hap_event,0.6152,0.5698,A,major,0.9633,0.32636857845980627,0.6499035346713575,False,0,False,,,,,,,,,,,,,False,,,,,,,,,
scotch_target,Bulk,ENSG00000100347,SAMM50,chr22,453,313,2,A,70.4,0.0871,0.0422,-1,0,SAMM50_ENST00000350028,SAMM50_ENST00000350028,SAMM50_ENST00000350028,exon:43976749-43976821,exon,43976749,43976821,72,147.35,92.16,121.65,91.84,130.5,4.99,104.03,110.5,3.01,99.97,0.2106,0.646310484027268,0.9779931495766951,chi2_hap_event,0.6152,0.5698,A,major,0.9633,0.32636857845980627,0.6499035346713575,False,0,False,,,,,,,,,,,,,False,,,,,,,,,
scotch_target,Bulk,ENSG00000100347,SAMM50,chr22,453,313,2,A,70.4,0.0871,0.0422,-1,0,SAMM50_ENST00000350028,SAMM50_ENST00000350028,SAMM50_ENST00000350028,exon:43977871-43977958,exon,43977871,43977958,87,147.35,92.16,121.65,91.84,131.01,5.99,102.51,111.99,4.01,97.49,0.139,0.7092321471945935,0.9779931495766951,chi2_hap_event,0.6152,0.5698,A,major,0.9633,0.32636857845980627,0.6499035346713575,False,0,False,,,,,,,,,,,,,False,,,,,,,,,
scotch_target,Bulk,ENSG00000100347,SAMM50,chr22,453,313,2,A,70.4,0.0871,0.0422,-1,0,SAMM50_ENST00000350028,SAMM50_ENST00000350028,SAMM50_ENST00000350028,exon:43981390-43981461,exon,43981390,43981461,71,147.35,92.16,121.65,91.84,137.55,5.0,96.96,114.45,5.0,94.03,0.0814,0.7753559275861606,0.9779931495766951,chi2_hap_event,0.6152,0.5698,A,major,0.9633,0.32636857845980627,0.6499035346713575,False,0,False,,,,,,,,,,,,,False,,,,,,,,,
scotch_target,Bulk,ENSG00000100347,SAMM50,chr22,453,313,2,A,70.4,0.0871,0.0422,-1,0,SAMM50_ENST00000350028,SAMM50_ENST00000350028,SAMM50_ENST00000350028,exon:43983932-43984000,exon,43983932,43984000,68,147.35,92.16,121.65,91.84,142.14,5.99,91.39,117.86,4.01,91.61,0.1065,0.744212406437327,0.9779931495766951,chi2_hap_event,0.6152,0.5698,A,major,0.9633,0.32636857845980627,0.6499035346713575,False,0,False,,,,,,,,,,,,,False,,,,,,,,,
scotch_target,Bulk,ENSG00000100347,SAMM50,chr22,453,313,2,A,70.4,0.0871,0.0422,-1,0,SAMM50_ENST00000350028,SAMM50_ENST00000350028,SAMM50_ENST00000350028,exon:43989110-43989257,exon,43989110,43989257,147,180.78,58.74,154.22,59.26,149.68,3.52,86.32,119.32,4.48,89.68,0.426,0.5139371328528698,0.9779931495766951,chi2_hap_event,0.7548,0.7224,A,major,0.6134,0.43352332465402266,0.6499035346713575,False,0,False,,,,,,,,,,,,,False,,,,,,,,,
scotch_target,Bulk,ENSG00000100347,SAMM50,chr22,453,313,2,A,70.4,0.0871,0.0422,-1,0,SAMM50_ENST00000350028,SAMM50_ENST00000350028,SAMM50_ENST00000350028,exon:43990264-43990327,exon,43990264,43990327,63,180.78,58.74,154.22,59.26,146.03,5.06,88.43,122.97,4.94,85.57,0.0536,0.8169503338102276,0.9779931495766951,chi2_hap_event,0.7548,0.7224,A,major,0.6134,0.43352332465402266,0.6499035346713575,False,0,False,,,,,,,,,,,,,False,,,,,,,,,
scotch_target,Bulk,ENSG00000100347,SAMM50,chr22,453,313,2,A,70.4,0.0871,0.0422,-1,0,SAMM50_ENST00000350028,SAMM50_ENST00000350028,SAMM50_ENST00000350028,exon:43990327-43990406,exon,43990327,43990406,79,181.85,57.66,156.15,57.34,147.18,5.06,87.28,127.82,3.94,81.72,0.025,0.8743997165953261,0.9779931495766951,chi2_hap_event,0.7593,0.7314,A,major,0.462,0.4967084335889064,0.6499035346713575,True,1,True,chr22:43990400:C:T,43990400.0,C,T,A,0.9999940391390134,1.0,0.0,6.0,+,+,promotes_event,True,128.0,0.0,142.0,0.0,270.0,,0.4289077147061604,0.5146892576473925,binomial_intra_event
scotch_target,Bulk,ENSG00000100347,SAMM50,chr22,453,313,2,A,70.4,0.0871,0.0422,-1,0,SAMM50_ENST00000350028,SAMM50_ENST00000350028,SAMM50_ENST00000350028,exon:43996337-43996376,exon,43996337,43996376,39,180.78,58.74,154.22,59.26,161.32,2.52,75.67,137.68,2.48,73.33,0.0256,0.8729753958079851,0.9779931495766951,chi2_hap_event,0.7548,0.7224,A,major,0.6134,0.43352332465402266,0.6499035346713575,False,0,False,,,,,,,,,,,,,False,,,,,,,,,
scotch_target,Bulk,ENSG00000100347,SAMM50,chr22,453,313,2,A,70.4,0.0871,0.0422,-1,0,SAMM50_ENST00000350028,SAMM50_ENST00000350028,SAMM50_ENST00000350028,exon:43996376-43996529,exon,43996376,43996529,153,180.78,58.74,154.22,59.26,167.01,1.06,71.44,142.99,0.94,69.56,0.0008,0.9779931495766951,0.9779931495766951,chi2_hap_event,0.7548,0.7224,A,major,0.6134,0.43352332465402266,0.6499035346713575,False,0,False,,,,,,,,,,,,,False,,,,,,,,,
scotch_target,Bulk,ENSG00000100347,SAMM50,chr22,453,313,2,A,70.4,0.0871,0.0422,-1,0,SAMM50_ENST00000350028,SAMM50_ENST00000350028,SAMM50_ENST00000350028,exon:44009476-44009526,exon,44009476,44009526,50,1.08,238.44,1.92,211.56,0.0,0.61,238.9,0.0,1.39,212.1,,,,insufficient_data,0.0045,0.009,B,minor,0.3492,0.5545944958137454,0.6499035346713575,False,0,False,,,,,,,,,,,,,False,,,,,,,,,
scotch_target,Bulk,ENSG00000100347,SAMM50,chr22,453,313,2,A,70.4,0.0871,0.0422,-1,0,SAMM50_ENST00000350028,SAMM50_ENST00000350028,SAMM50_ENST00000350028,exon:44010491-44010531,exon,44010491,44010531,40,1.08,238.44,1.92,211.56,1.06,0.61,237.84,0.94,1.39,211.16,,,,insufficient_data,0.0045,0.009,B,minor,0.3492,0.5545944958137454,0.6499035346713575,False,0,False,,,,,,,,,,,,,False,,,,,,,,,
scotch_target,Bulk,ENSG00000100347,SAMM50,chr22,453,313,2,A,70.4,0.0871,0.0422,-1,0,SAMM50_ENST00000350028,SAMM50_ENST00000350028,SAMM50_ENST00000350028,junction:43955598-43963285,junction,43955598,43963285,7687,124.05,115.46,104.95,108.54,2.0,0.0,237.51,2.0,0.0,211.49,,,,insufficient_data,0.5179,0.4916,A,major,0.3127,0.5760508602768851,0.6499035346713575,False,0,False,,,,,,,,,,,,,False,,,,,,,,,
scotch_target,Bulk,ENSG00000100347,SAMM50,chr22,453,313,2,A,70.4,0.0871,0.0422,-1,0,SAMM50_ENST00000350028,SAMM50_ENST00000350028,SAMM50_ENST00000350028,junction:43963396-43964451,junction,43963396,43964451,1055,124.05,115.46,104.95,108.54,1.59,0.0,237.93,1.41,0.0,212.07,,,,insufficient_data,0.5179,0.4916,A,major,0.3127,0.5760508602768851,0.6499035346713575,False,0,False,,,,,,,,,,,,,False,,,,,,,,,
scotch_target,Bulk,ENSG00000100347,SAMM50,chr22,453,313,2,A,70.4,0.0871,0.0422,-1,0,SAMM50_ENST00000350028,SAMM50_ENST00000350028,SAMM50_ENST00000350028,junction:43964553-43968730,junction,43964553,43968730,4177,124.58,114.94,105.42,108.06,0.0,0.0,239.51,0.0,0.0,213.49,,,,insufficient_data,0.5201,0.4938,A,major,0.3128,0.5759936587547024,0.6499035346713575,False,0,False,,,,,,,,,,,,,False,,,,,,,,,
scotch_target,Bulk,ENSG00000100347,SAMM50,chr22,453,313,2,A,70.4,0.0871,0.0422,-1,0,SAMM50_ENST00000350028,SAMM50_ENST00000350028,SAMM50_ENST00000350028,junction:43968818-43972235,junction,43968818,43972235,3417,124.58,114.94,105.42,108.06,1.0,0.0,238.51,0.0,0.0,213.49,,,,insufficient_data,0.5201,0.4938,A,major,0.3128,0.5759936587547024,0.6499035346713575,False,0,False,,,,,,,,,,,,,False,,,,,,,,,
scotch_target,Bulk,ENSG00000100347,SAMM50,chr22,453,313,2,A,70.4,0.0871,0.0422,-1,0,SAMM50_ENST00000350028,SAMM50_ENST00000350028,SAMM50_ENST00000350028,junction:43972342-43972870,junction,43972342,43972870,528,124.58,114.94,105.42,108.06,0.0,0.0,239.51,0.0,0.0,213.49,,,,insufficient_data,0.5201,0.4938,A,major,0.3128,0.5759936587547024,0.6499035346713575,True,1,True,chr22:43972323:A:G,43972323.0,A,G,A,0.9999940391390134,1.0,19.0,19.0,+,+,promotes_event,True,94.0,19.0,113.0,14.0,240.0,1.6906,0.19351883032285627,0.5146892576473925,chi2_cross_event
scotch_target,Bulk,ENSG00000100347,SAMM50,chr22,453,313,2,A,70.4,0.0871,0.0422,-1,0,SAMM50_ENST00000350028,SAMM50_ENST00000350028,SAMM50_ENST00000350028,junction:43973001-43973235,junction,43973001,43973235,234,124.58,114.94,105.42,108.06,95.29,2.95,141.27,84.71,3.05,125.73,0.0326,0.8567790586840025,0.9779931495766951,chi2_hap_event,0.5201,0.4938,A,major,0.3128,0.5759936587547024,0.6499035346713575,False,0,False,,,,,,,,,,,,,False,,,,,,,,,
scotch_target,Bulk,ENSG00000100347,SAMM50,chr22,453,313,2,A,70.4,0.0871,0.0422,-1,0,SAMM50_ENST00000350028,SAMM50_ENST00000350028,SAMM50_ENST00000350028,junction:43973323-43976054,junction,43973323,43976054,2731,124.05,115.46,104.95,108.54,105.19,0.0,134.32,82.81,0.0,130.68,,,,insufficient_data,0.5179,0.4916,A,major,0.3127,0.5760508602768851,0.6499035346713575,False,0,False,,,,,,,,,,,,,False,,,,,,,,,
scotch_target,Bulk,ENSG00000100347,SAMM50,chr22,453,313,2,A,70.4,0.0871,0.0422,-1,0,SAMM50_ENST00000350028,SAMM50_ENST00000350028,SAMM50_ENST00000350028,junction:43976183-43976749,junction,43976183,43976749,566,147.35,92.16,121.65,91.84,0.0,0.0,239.51,0.0,0.0,213.49,,,,insufficient_data,0.6152,0.5698,A,major,0.9633,0.32636857845980627,0.6499035346713575,False,0,False,,,,,,,,,,,,,False,,,,,,,,,
scotch_target,Bulk,ENSG00000100347,SAMM50,chr22,453,313,2,A,70.4,0.0871,0.0422,-1,0,SAMM50_ENST00000350028,SAMM50_ENST00000350028,SAMM50_ENST00000350028,junction:43976821-43977871,junction,43976821,43977871,1050,147.35,92.16,121.65,91.84,1.0,0.0,238.51,1.0,0.0,212.49,,,,insufficient_data,0.6152,0.5698,A,major,0.9633,0.32636857845980627,0.6499035346713575,False,0,False,,,,,,,,,,,,,False,,,,,,,,,
scotch_target,Bulk,ENSG00000100347,SAMM50,chr22,453,313,2,A,70.4,0.0871,0.0422,-1,0,SAMM50_ENST00000350028,SAMM50_ENST00000350028,SAMM50_ENST00000350028,junction:43977958-43981390,junction,43977958,43981390,3432,147.35,92.16,121.65,91.84,0.53,0.0,238.98,0.47,0.0,213.02,,,,insufficient_data,0.6152,0.5698,A,major,0.9633,0.32636857845980627,0.6499035346713575,False,0,False,,,,,,,,,,,,,False,,,,,,,,,
scotch_target,Bulk,ENSG00000100347,SAMM50,chr22,453,313,2,A,70.4,0.0871,0.0422,-1,0,SAMM50_ENST00000350028,SAMM50_ENST00000350028,SAMM50_ENST00000350028,junction:43981461-43983932,junction,43981461,43983932,2471,147.35,92.16,121.65,91.84,0.53,0.0,238.98,0.47,0.0,213.02,,,,insufficient_data,0.6152,0.5698,A,major,0.9633,0.32636857845980627,0.6499035346713575,False,0,False,,,,,,,,,,,,,False,,,,,,,,,
scotch_target,Bulk,ENSG00000100347,SAMM50,chr22,453,313,2,A,70.4,0.0871,0.0422,-1,0,SAMM50_ENST00000350028,SAMM50_ENST00000350028,SAMM50_ENST00000350028,junction:43984000-43989110,junction,43984000,43989110,5110,147.35,92.16,121.65,91.84,0.0,0.0,239.51,0.0,0.0,213.49,,,,insufficient_data,0.6152,0.5698,A,major,0.9633,0.32636857845980627,0.6499035346713575,False,0,False,,,,,,,,,,,,,False,,,,,,,,,
scotch_target,Bulk,ENSG00000100347,SAMM50,chr22,453,313,2,A,70.4,0.0871,0.0422,-1,0,SAMM50_ENST00000350028,SAMM50_ENST00000350028,SAMM50_ENST00000350028,junction:43989257-43990264,junction,43989257,43990264,1007,180.78,58.74,154.22,59.26,1.53,0.0,237.98,2.47,0.0,211.02,,,,insufficient_data,0.7548,0.7224,A,major,0.6134,0.43352332465402266,0.6499035346713575,False,0,False,,,,,,,,,,,,,False,,,,,,,,,
scotch_target,Bulk,ENSG00000100347,SAMM50,chr22,453,313,2,A,70.4,0.0871,0.0422,-1,0,SAMM50_ENST00000350028,SAMM50_ENST00000350028,SAMM50_ENST00000350028,junction:43990406-43996337,junction,43990406,43996337,5931,180.78,58.74,154.22,59.26,0.11,0.0,239.4,2.89,0.0,210.6,,,,insufficient_data,0.7548,0.7224,A,major,0.6134,0.43352332465402266,0.6499035346713575,True,1,True,chr22:43990400:C:T,43990400.0,C,T,A,0.9999940391390134,1.0,6.0,6.0,+,+,promotes_event,True,120.0,8.0,133.0,9.0,270.0,0.0009,0.9762783959104911,0.9762783959104911,chi2_cross_event
scotch_target,Bulk,ENSG00000100347,SAMM50,chr22,453,313,2,A,70.4,0.0871,0.0422,-1,0,SAMM50_ENST00000350028,SAMM50_ENST00000350028,SAMM50_ENST00000350028,junction:43990406-44009476,junction,43990406,44009476,19070,1.08,238.44,1.92,211.56,0.0,0.0,239.51,0.0,0.0,213.49,,,,insufficient_data,0.0045,0.009,B,minor,0.3492,0.5545944958137454,0.6499035346713575,True,1,True,chr22:43990400:C:T,43990400.0,C,T,A,0.9999940391390134,1.0,6.0,6.0,+,+,reduces_event,True,1.0,127.0,0.0,142.0,270.0,1.1135,0.29132259111300574,0.5146892576473925,chi2_cross_event
scotch_target,Bulk,ENSG00000100347,SAMM50,chr22,453,313,2,A,70.4,0.0871,0.0422,-1,0,SAMM50_ENST00000350028,SAMM50_ENST00000350028,SAMM50_ENST00000350028,junction:44009526-44010491,junction,44009526,44010491,965,1.08,238.44,1.92,211.56,0.0,0.0,239.51,0.0,0.0,213.49,,,,insufficient_data,0.0045,0.009,B,minor,0.3492,0.5545944958137454,0.6499035346713575,False,0,False,,,,,,,,,,,,,False,,,,,,,,,
scotch_target,Bulk,ENSG00000100347,SAMM50,chr22,453,313,2,A,70.4,0.0871,0.0422,-1,0,SAMM50_ENST00000350028,SAMM50_ENST00000350028,SAMM50_ENST00000350028,exon:43986343-43987587,exon,43986343,43987587,1244,33.43,206.09,32.57,180.91,6.35,145.0,88.17,5.65,119.0,88.83,0.019,0.8903928508772979,0.9779931495766951,chi2_hap_event,0.1396,0.1526,B,minor,0.1536,0.6951056129086428,0.6951056129086428,False,0,False,,,,,,,,,,,,,False,,,,,,,,,
scotch_target,Bulk,ENSG00000100347,SAMM50,chr22,453,313,2,A,70.4,0.0871,0.0422,-1,0,SAMM50_ENST00000350028,SAMM50_ENST00000350028,SAMM50_ENST00000350028,exon:43987587-43987676,exon,43987587,43987676,89,33.43,206.09,32.57,180.91,4.23,145.0,90.28,3.77,119.0,90.72,0.0128,0.9097533190149443,0.9779931495766951,chi2_hap_event,0.1396,0.1526,B,minor,0.1536,0.6951056129086428,0.6951056129086428,False,0,False,,,,,,,,,,,,,False,,,,,,,,,
scotch_target,Bulk,ENSG00000100347,SAMM50,chr22,453,313,2,A,70.4,0.0871,0.0422,-1,0,SAMM50_ENST00000350028,SAMM50_ENST00000350028,SAMM50_ENST00000350028,exon:43987676-43988741,exon,43987676,43988741,1065,33.43,206.09,32.57,180.91,7.41,145.0,87.11,6.59,119.0,87.89,0.022,0.8820994743921391,0.9779931495766951,chi2_hap_event,0.1396,0.1526,B,minor,0.1536,0.6951056129086428,0.6951056129086428,False,0,False,,,,,,,,,,,,,False,,,,,,,,,
scotch_target,Bulk,ENSG00000100347,SAMM50,chr22,453,313,2,A,70.4,0.0871,0.0422,-1,0,SAMM50_ENST00000350028,SAMM50_ENST00000350028,SAMM50_ENST00000350028,exon:43988741-43988934,exon,43988741,43988934,193,33.43,206.09,32.57,180.91,5.82,145.0,88.69,7.18,117.0,89.3,0.5592,0.45459870906164124,0.9779931495766951,chi2_hap_event,0.1396,0.1526,B,minor,0.1536,0.6951056129086428,0.6951056129086428,False,0,False,,,,,,,,,,,,,False,,,,,,,,,
scotch_target,Bulk,ENSG00000100347,SAMM50,chr22,453,313,2,A,70.4,0.0871,0.0422,-1,0,SAMM50_ENST00000350028,SAMM50_ENST00000350028,SAMM50_ENST00000350028,exon:43988934-43989110,exon,43988934,43989110,176,33.43,206.09,32.57,180.91,3.12,141.09,95.3,2.88,114.91,95.7,0.0237,0.8775744334315266,0.9779931495766951,chi2_hap_event,0.1396,0.1526,B,minor,0.1536,0.6951056129086428,0.6951056129086428,False,0,False,,,,,,,,,,,,,False,,,,,,,,,
scotch_target,Bulk,ENSG00000128294,TPST2,chr22,1596,592,8,A,70.4,0.0619,0.0471,-1,-1,TPST2_Other,TPST2_Other,TPST2_Other,exon:26525745-26525771,exon,26525745,26525771,26,261.31,586.45,252.69,495.55,42.35,12.54,792.87,99.65,9.47,639.13,6.3072,0.01202487472720209,0.30062186818005227,chi2_hap_event,0.3082,0.3377,B,minor,1.5818,0.20850664646645353,0.3945828982976204,True,1,True,chr22:26525758:A:G,26525758.0,A,G,B,5.9608609865491405e-06,1.0,0.0,13.0,-,-,promotes_event,True,40.0,0.0,99.0,0.0,139.0,,5.955419961683035e-07,4.168793973178125e-06,binomial_intra_event
scotch_target,Bulk,ENSG00000128294,TPST2,chr22,1596,592,8,A,70.4,0.0619,0.0471,-1,-1,TPST2_Other,TPST2_Other,TPST2_Other,exon:26525771-26526267,exon,26525771,26526267,496,261.31,586.45,252.69,495.55,238.75,5.82,603.19,232.25,4.18,511.81,0.2192,0.6396139265871468,0.9819006243974495,chi2_hap_event,0.3082,0.3377,B,minor,1.5818,0.20850664646645353,0.3945828982976204,True,1,True,chr22:26525758:A:G,26525758.0,A,G,B,5.9608609865491405e-06,1.0,13.0,13.0,-,-,promotes_event,True,29.0,11.0,77.0,22.0,139.0,0.4383,0.5079339019398446,0.592589552263152,chi2_cross_event
scotch_target,Bulk,ENSG00000128294,TPST2,chr22,1596,592,8,A,70.4,0.0619,0.0471,-1,-1,TPST2_Other,TPST2_Other,TPST2_Other,exon:26528213-26528262,exon,26528213,26528262,49,261.31,586.45,252.69,495.55,158.89,36.86,652.01,145.11,25.14,577.99,1.069,0.30116528981541896,0.9819006243974495,chi2_hap_event,0.3082,0.3377,B,minor,1.5818,0.20850664646645353,0.3945828982976204,False,0,False,,,,,,,,,,,,,False,,,,,,,,,
scotch_target,Bulk,ENSG00000128294,TPST2,chr22,1596,592,8,A,70.4,0.0619,0.0471,-1,-1,TPST2_Other,TPST2_Other,TPST2_Other,exon:26532694-26532745,exon,26532694,26532745,51,261.31,586.45,252.69,495.55,174.53,12.82,660.41,152.47,7.18,588.59,0.8705,0.3508035240261784,0.9819006243974495,chi2_hap_event,0.3082,0.3377,B,minor,1.5818,0.20850664646645353,0.3945828982976204,False,0,False,,,,,,,,,,,,,False,,,,,,,,,
scotch_target,Bulk,ENSG00000128294,TPST2,chr22,1596,592,8,A,70.4,0.0619,0.0471,-1,-1,TPST2_Other,TPST2_Other,TPST2_Other,exon:26540871-26541205,exon,26540871,26541205,334,261.31,586.45,252.69,495.55,161.21,6.9,679.64,112.79,6.1,629.36,0.1684,0.681570179736734,0.9819006243974495,chi2_hap_event,0.3082,0.3377,B,minor,1.5818,0.20850664646645353,0.3945828982976204,False,0,False,,,,,,,,,,,,,False,,,,,,,,,
scotch_target,Bulk,ENSG00000128294,TPST2,chr22,1596,592,8,A,70.4,0.0619,0.0471,-1,-1,TPST2_Other,TPST2_Other,TPST2_Other,exon:26541205-26541270,exon,26541205,26541270,65,261.84,585.92,253.16,495.08,115.8,6.93,725.03,86.2,8.07,653.97,0.7067,0.4005443526186714,0.9819006243974495,chi2_hap_event,0.3089,0.3383,B,minor,1.5802,0.20873172313070473,0.3945828982976204,False,0,False,,,,,,,,,,,,,False,,,,,,,,,
scotch_target,Bulk,ENSG00000128294,TPST2,chr22,1596,592,8,A,70.4,0.0619,0.0471,-1,-1,TPST2_Other,TPST2_Other,TPST2_Other,exon:26541270-26541438,exon,26541270,26541438,168,262.37,585.38,253.63,494.62,109.33,6.93,731.5,81.67,8.07,658.5,0.693,0.4051569749662274,0.9819006243974495,chi2_hap_event,0.3095,0.339,B,minor,1.5786,0.2089558113832117,0.3945828982976204,False,0,False,,,,,,,,,,,,,False,,,,,,,,,
scotch_target,Bulk,ENSG00000128294,TPST2,chr22,1596,592,8,A,70.4,0.0619,0.0471,-1,-1,TPST2_Other,TPST2_Other,TPST2_Other,exon:26541438-26541484,exon,26541438,26541484,46,262.9,584.85,254.1,494.15,100.31,6.93,740.52,80.69,8.07,659.48,0.478,0.4893393541988995,0.9819006243974495,chi2_hap_event,0.3101,0.3396,B,minor,1.5771,0.2091789131332055,0.3945828982976204,False,0,False,,,,,,,,,,,,,False,,,,,,,,,
scotch_target,Bulk,ENSG00000128294,TPST2,chr22,1596,592,8,A,70.4,0.0619,0.0471,-1,-1,TPST2_Other,TPST2_Other,TPST2_Other,exon:26541484-26541489,exon,26541484,26541489,5,262.9,584.85,254.1,494.15,100.31,7.46,739.99,80.69,8.54,659.01,0.4609,0.49722477829226763,0.9819006243974495,chi2_hap_event,0.3101,0.3396,B,minor,1.5771,0.2091789131332055,0.3945828982976204,False,0,False,,,,,,,,,,,,,False,,,,,,,,,
scotch_target,Bulk,ENSG00000128294,TPST2,chr22,1596,592,8,A,70.4,0.0619,0.0471,-1,-1,TPST2_Other,TPST2_Other,TPST2_Other,exon:26541489-26541718,exon,26541489,26541718,229,263.96,583.79,255.04,493.21,100.31,7.45,739.99,81.69,7.55,659.01,0.1645,0.6850320836725321,0.9819006243974495,chi2_hap_event,0.3114,0.3408,B,minor,1.574,0.20962216472061082,0.3945828982976204,False,0,False,,,,,,,,,,,,,False,,,,,,,,,
scotch_target,Bulk,ENSG00000128294,TPST2,chr22,1596,592,8,A,70.4,0.0619,0.0471,-1,-1,TPST2_Other,TPST2_Other,TPST2_Other,exon:26544603-26544675,exon,26544603,26544675,72,263.43,584.32,254.57,493.68,91.69,6.37,749.7,70.31,12.63,665.3,3.6407,0.05638170636815502,0.7047713296019377,chi2_hap_event,0.3107,0.3402,B,minor,1.5756,0.2094010302815214,0.3945828982976204,False,0,False,,,,,,,,,,,,,False,,,,,,,,,
scotch_target,Bulk,ENSG00000128294,TPST2,chr22,1596,592,8,A,70.4,0.0619,0.0471,-1,-1,TPST2_Other,TPST2_Other,TPST2_Other,exon:26565223-26565368,exon,26565223,26565368,145,156.79,690.97,164.21,584.03,0.53,98.65,748.58,0.47,82.35,665.42,0.0008,0.9776243050777769,0.9972889033648528,chi2_hap_event,0.1849,0.2195,B,minor,2.9477,0.0859993445870566,0.3945828982976204,False,0,False,,,,,,,,,,,,,False,,,,,,,,,
scotch_target,Bulk,ENSG00000128294,TPST2,chr22,1596,592,8,A,70.4,0.0619,0.0471,-1,-1,TPST2_Other,TPST2_Other,TPST2_Other,junction:26526267-26528213,junction,26526267,26528213,1946,261.31,586.45,252.69,495.55,0.0,0.0,847.75,0.0,0.0,748.25,,,,insufficient_data,0.3082,0.3377,B,minor,1.5818,0.20850664646645353,0.3945828982976204,False,0,False,,,,,,,,,,,,,False,,,,,,,,,
scotch_target,Bulk,ENSG00000128294,TPST2,chr22,1596,592,8,A,70.4,0.0619,0.0471,-1,-1,TPST2_Other,TPST2_Other,TPST2_Other,junction:26528262-26532694,junction,26528262,26532694,4432,261.31,586.45,252.69,495.55,0.0,0.0,847.75,0.0,0.0,748.25,,,,insufficient_data,0.3082,0.3377,B,minor,1.5818,0.20850664646645353,0.3945828982976204,False,0,False,,,,,,,,,,,,,False,,,,,,,,,
scotch_target,Bulk,ENSG00000128294,TPST2,chr22,1596,592,8,A,70.4,0.0619,0.0471,-1,-1,TPST2_Other,TPST2_Other,TPST2_Other,junction:26532745-26536287,junction,26532745,26536287,3542,261.31,586.45,252.69,495.55,2.52,0.0,845.24,1.48,0.0,746.76,,,,insufficient_data,0.3082,0.3377,B,minor,1.5818,0.20850664646645353,0.3945828982976204,True,1,True,chr22:26535908:G:A,26535908.0,G,A,A,0.9999940391390134,1.0,0.0,379.0,+,+,reduces_event,True,0.0,11.0,0.0,14.0,25.0,,,,chi2_cross_event
scotch_target,Bulk,ENSG00000128294,TPST2,chr22,1596,592,8,A,70.4,0.0619,0.0471,-1,-1,TPST2_Other,TPST2_Other,TPST2_Other,junction:26541718-26544603,junction,26541718,26544603,2885,261.37,586.38,253.63,494.62,75.63,0.0,772.13,48.37,0.0,699.87,,,,insufficient_data,0.3083,0.339,B,minor,1.7092,0.19108319702202906,0.3945828982976204,False,0,False,,,,,,,,,,,,,False,,,,,,,,,
scotch_target,Bulk,ENSG00000128294,TPST2,chr22,1596,592,8,A,70.4,0.0619,0.0471,-1,-1,TPST2_Other,TPST2_Other,TPST2_Other,junction:26544675-26565223,junction,26544675,26565223,20548,156.79,690.97,164.21,584.03,0.0,0.0,847.75,0.0,0.0,748.25,,,,insufficient_data,0.1849,0.2195,B,minor,2.9477,0.0859993445870566,0.3945828982976204,False,0,False,,,,,,,,,,,,,False,,,,,,,,,
scotch_target,Bulk,ENSG00000128294,TPST2,chr22,1596,592,8,A,70.4,0.0619,0.0471,-1,-1,TPST2_Other,TPST2_Other,TPST2_Other,exon:26536287-26536486,exon,26536287,26536486,199,283.93,563.82,271.07,477.18,174.25,7.22,666.28,145.75,3.77,598.72,0.5413,0.46187549857694954,0.9819006243974495,chi2_hap_event,0.3349,0.3623,B,minor,1.3102,0.2523562182121442,0.40376994913943076,False,0,False,,,,,,,,,,,,,False,,,,,,,,,
scotch_target,Bulk,ENSG00000128294,TPST2,chr22,1596,592,8,A,70.4,0.0619,0.0471,-1,-1,TPST2_Other,TPST2_Other,TPST2_Other,exon:26540788-26540871,exon,26540788,26540871,83,283.93,563.82,271.07,477.18,163.29,7.96,676.5,111.71,7.04,629.5,0.2319,0.6301459934678907,0.9819006243974495,chi2_hap_event,0.3349,0.3623,B,minor,1.3102,0.2523562182121442,0.40376994913943076,True,1,True,chr22:26540799:G:A,26540799.0,G,A,A,0.9999940391390134,1.0,0.0,11.0,+,+,reduces_event,True,109.0,0.0,160.0,0.0,269.0,,0.0022394933189252716,0.007838226616238451,binomial_intra_event
scotch_target,Bulk,ENSG00000128294,TPST2,chr22,1596,592,8,A,70.4,0.0619,0.0471,-1,-1,TPST2_Other,TPST2_Other,TPST2_Other,junction:26536486-26540788,junction,26536486,26540788,4302,283.93,563.82,271.07,477.18,0.0,0.0,847.75,0.0,0.0,748.25,,,,insufficient_data,0.3349,0.3623,B,minor,1.3102,0.2523562182121442,0.40376994913943076,True,2,True,chr22:26540595:G:A,26540595.0,G,A,A,0.9999940391390134,1.0,0.0,193.0,+,+,reduces_event,True,0.0,17.0,0.0,25.0,42.0,,,,chi2_cross_event
scotch_target,Bulk,ENSG00000128294,TPST2,chr22,1596,592,8,A,70.4,0.0619,0.0471,-1,-1,TPST2_Other,TPST2_Other,TPST2_Other,junction:26536486-26540788,junction,26536486,26540788,4302,283.93,563.82,271.07,477.18,0.0,0.0,847.75,0.0,0.0,748.25,,,,insufficient_data,0.3349,0.3623,B,minor,1.3102,0.2523562182121442,0.40376994913943076,True,2,False,chr22:26540799:G:A,26540799.0,G,A,A,0.9999940391390134,1.0,11.0,11.0,+,+,reduces_event,True,47.0,62.0,79.0,81.0,269.0,1.0189,0.31277051676774786,0.5473484043435588,chi2_cross_event
scotch_target,Bulk,ENSG00000128294,TPST2,chr22,1596,592,8,A,70.4,0.0619,0.0471,-1,-1,TPST2_Other,TPST2_Other,TPST2_Other,exon:26521995-26522387,exon,26521995,26522387,392,103.52,744.23,88.48,659.77,17.52,11.49,818.74,15.48,11.51,721.26,0.0535,0.8170918542412722,0.9819006243974495,chi2_hap_event,0.1221,0.1182,A,major,0.0561,0.8128508160445411,0.8145585800707439,False,0,False,,,,,,,,,,,,,False,,,,,,,,,
scotch_target,Bulk,ENSG00000128294,TPST2,chr22,1596,592,8,A,70.4,0.0619,0.0471,-1,-1,TPST2_Other,TPST2_Other,TPST2_Other,exon:26522387-26522481,exon,26522387,26522481,94,103.52,744.23,88.48,659.77,14.34,11.49,821.93,12.66,11.51,724.07,0.049,0.8247965244938575,0.9819006243974495,chi2_hap_event,0.1221,0.1182,A,major,0.0561,0.8128508160445411,0.8145585800707439,False,0,False,,,,,,,,,,,,,False,,,,,,,,,
scotch_target,Bulk,ENSG00000128294,TPST2,chr22,1596,592,8,A,70.4,0.0619,0.0471,-1,-1,TPST2_Other,TPST2_Other,TPST2_Other,exon:26522481-26522905,exon,26522481,26522905,424,103.52,744.23,88.48,659.77,17.52,11.49,818.74,15.48,11.51,721.26,0.0535,0.8170918542412722,0.9819006243974495,chi2_hap_event,0.1221,0.1182,A,major,0.0561,0.8128508160445411,0.8145585800707439,False,0,False,,,,,,,,,,,,,False,,,,,,,,,
scotch_target,Bulk,ENSG00000128294,TPST2,chr22,1596,592,8,A,70.4,0.0619,0.0471,-1,-1,TPST2_Other,TPST2_Other,TPST2_Other,exon:26522905-26523564,exon,26522905,26523564,659,103.52,744.23,88.48,659.77,5.84,12.02,829.89,5.16,11.98,731.11,0.0273,0.8687244866742241,0.9871869166752546,chi2_hap_event,0.1221,0.1182,A,major,0.0561,0.8128508160445411,0.8145585800707439,False,0,False,,,,,,,,,,,,,False,,,,,,,,,
scotch_target,Bulk,ENSG00000128294,TPST2,chr22,1596,592,8,A,70.4,0.0619,0.0471,-1,-1,TPST2_Other,TPST2_Other,TPST2_Other,exon:26523564-26525055,exon,26523564,26525055,1491,103.52,744.23,88.48,659.77,55.19,11.49,781.07,45.81,11.51,690.93,0.1655,0.6841072179331251,0.9819006243974495,chi2_hap_event,0.1221,0.1182,A,major,0.0561,0.8128508160445411,0.8145585800707439,True,1,True,chr22:26524303:T:C,26524303.0,T,C,B,0.011995203185189,0.91,0.0,739.0,-,-,reduces_event,True,38.0,0.0,31.0,0.0,69.0,,0.47036853185814453,0.592589552263152,binomial_intra_event
scotch_target,Bulk,ENSG00000128294,TPST2,chr22,1596,592,8,A,70.4,0.0619,0.0471,-1,-1,TPST2_Other,TPST2_Other,TPST2_Other,exon:26525055-26525224,exon,26525055,26525224,169,103.52,744.23,88.48,659.77,5.26,15.55,826.94,5.74,14.45,728.06,0.0517,0.820164793397449,0.9819006243974495,chi2_hap_event,0.1221,0.1182,A,major,0.0561,0.8128508160445411,0.8145585800707439,False,0,False,,,,,,,,,,,,,False,,,,,,,,,
scotch_target,Bulk,ENSG00000128294,TPST2,chr22,1596,592,8,A,70.4,0.0619,0.0471,-1,-1,TPST2_Other,TPST2_Other,TPST2_Other,exon:26525224-26525745,exon,26525224,26525745,521,103.52,744.23,88.48,659.77,17.87,12.55,817.34,19.13,13.45,715.66,0.0,0.9972889033648528,0.9972889033648528,chi2_hap_event,0.1221,0.1182,A,major,0.0561,0.8128508160445411,0.8145585800707439,True,1,True,chr22:26525758:A:G,26525758.0,A,G,B,5.9608609865491405e-06,1.0,13.0,13.0,-,-,reduces_event,True,11.0,29.0,14.0,85.0,139.0,3.4466,0.06338348229584345,0.14789479202363473,chi2_cross_event
scotch_target,Bulk,ENSG00000128294,TPST2,chr22,1596,592,8,A,70.4,0.0619,0.0471,-1,-1,TPST2_Other,TPST2_Other,TPST2_Other,exon:26535894-26536287,exon,26535894,26536287,393,22.63,825.13,18.37,729.87,17.53,7.88,822.34,13.47,6.12,728.66,0.0003,0.9861935523386518,0.9972889033648528,chi2_hap_event,0.0267,0.0246,A,major,0.0723,0.788075964660482,0.8145585800707439,True,1,True,chr22:26535908:G:A,26535908.0,G,A,A,0.9999940391390134,1.0,0.0,14.0,+,+,promotes_event,True,11.0,0.0,14.0,0.0,25.0,,0.6900379657745361,0.6900379657745361,binomial_intra_event
scotch_target,Bulk,ENSG00000128294,TPST2,chr22,1596,592,8,A,70.4,0.0619,0.0471,-1,-1,TPST2_Other,TPST2_Other,TPST2_Other,exon:26590052-26590105,exon,26590052,26590105,53,105.65,742.11,90.35,657.89,110.95,2.57,734.24,94.05,1.43,652.76,0.1607,0.6885549269448168,0.9819006243974495,chi2_hap_event,0.1246,0.1208,A,major,0.055,0.8145585800707439,0.8145585800707439,False,0,False,,,,,,,,,,,,,False,,,,,,,,,
scotch_target,Bulk,ENSG00000128294,TPST2,chr22,1596,592,8,A,70.4,0.0619,0.0471,-1,-1,TPST2_Other,TPST2_Other,TPST2_Other,exon:26590105-26590125,exon,26590105,26590125,20,105.65,742.11,90.35,657.89,34.02,2.57,811.17,33.98,1.43,712.83,0.3036,0.5816057086290147,0.9819006243974495,chi2_hap_event,0.1246,0.1208,A,major,0.055,0.8145585800707439,0.8145585800707439,False,0,False,,,,,,,,,,,,,False,,,,,,,,,
scotch_target,Bulk,ENSG00000128294,TPST2,chr22,1596,592,8,A,70.4,0.0619,0.0471,-1,-1,TPST2_Other,TPST2_Other,TPST2_Other,exon:26590125-26590132,exon,26590125,26590132,7,103.52,744.23,88.48,659.77,13.7,2.57,831.49,13.3,1.43,733.51,0.2533,0.6147328463949482,0.9819006243974495,chi2_hap_event,0.1221,0.1182,A,major,0.0561,0.8128508160445411,0.8145585800707439,False,0,False,,,,,,,,,,,,,False,,,,,,,,,
scotch_target,Bulk,ENSG00000128294,TPST2,chr22,1596,592,8,A,70.4,0.0619,0.0471,-1,-1,TPST2_Other,TPST2_Other,TPST2_Other,junction:26544675-26590052,junction,26544675,26590052,45377,104.58,743.17,89.42,658.83,0.01,0.0,847.75,2.99,0.0,745.25,,,,insufficient_data,0.1234,0.1195,A,major,0.0555,0.8137115282896935,0.8145585800707439,True,3,False,chr22:26578964:C:T,26578964.0,C,T,A,0.9999940391390134,1.0,0.0,11088.0,+,+,promotes_event,True,0.0,13.0,0.0,13.0,26.0,,,,chi2_cross_event
scotch_target,Bulk,ENSG00000128294,TPST2,chr22,1596,592,8,A,70.4,0.0619,0.0471,-1,-1,TPST2_Other,TPST2_Other,TPST2_Other,junction:26544675-26590052,junction,26544675,26590052,45377,104.58,743.17,89.42,658.83,0.01,0.0,847.75,2.99,0.0,745.25,,,,insufficient_data,0.1234,0.1195,A,major,0.0555,0.8137115282896935,0.8145585800707439,True,3,False,chr22:26579131:G:A,26579131.0,G,A,B,5.9608609865491405e-06,1.0,0.0,10921.0,-,-,reduces_event,True,0.0,14.0,0.0,12.0,26.0,,,,chi2_cross_event
scotch_target,Bulk,ENSG00000128294,TPST2,chr22,1596,592,8,A,70.4,0.0619,0.0471,-1,-1,TPST2_Other,TPST2_Other,TPST2_Other,junction:26544675-26590052,junction,26544675,26590052,45377,104.58,743.17,89.42,658.83,0.01,0.0,847.75,2.99,0.0,745.25,,,,insufficient_data,0.1234,0.1195,A,major,0.0555,0.8137115282896935,0.8145585800707439,True,3,True,chr22:26583360:G:C,26583360.0,G,C,B,5.9608609865491405e-06,1.0,0.0,6692.0,-,-,reduces_event,True,0.0,66.0,0.0,53.0,119.0,,,,chi2_cross_event
scotch_target,Bulk,ENSG00000184983,NDUFA6,chr22,2153,400,5,B,70.4,0.0319,0.0062,-1,-1,NDUFA6_ENST00000498737,NDUFA6_ENST00000498737,NDUFA6_ENST00000498737,exon:42085526-42086115,exon,42085526,42086115,589,757.26,250.47,861.74,283.53,235.6,1.4,770.72,275.4,1.6,868.28,0.0006,0.9808197685100225,0.9888746265768708,chi2_hap_event,0.7515,0.7524,B,major,0.0028,0.9580859721884064,0.9988239068379529,True,1,True,chr22:42085844:G:A,42085844.0,G,A,A,0.9999940391390134,1.0,0.0,271.0,-,-,reduces_event,True,136.0,0.0,113.0,0.0,249.0,,0.16312662303857622,0.16312662303857622,binomial_intra_event
scotch_target,Bulk,ENSG00000184983,NDUFA6,chr22,2153,400,5,B,70.4,0.0319,0.0062,-1,-1,NDUFA6_ENST00000498737,NDUFA6_ENST00000498737,NDUFA6_ENST00000498737,exon:42086115-42086314,exon,42086115,42086314,199,825.12,182.61,938.88,206.39,873.52,2.34,131.87,1005.48,2.66,137.13,0.0002,0.9888746265768708,0.9888746265768708,chi2_hap_event,0.8188,0.8198,B,major,0.0036,0.9521941623748913,0.9988239068379529,False,0,False,,,,,,,,,,,,,False,,,,,,,,,
scotch_target,Bulk,ENSG00000184983,NDUFA6,chr22,2153,400,5,B,70.4,0.0319,0.0062,-1,-1,NDUFA6_ENST00000498737,NDUFA6_ENST00000498737,NDUFA6_ENST00000498737,exon:42087059-42087175,exon,42087059,42087175,116,825.12,182.61,938.88,206.39,815.76,34.79,157.18,927.24,46.21,171.82,0.4611,0.49711971155628765,0.8953668715261914,chi2_hap_event,0.8188,0.8198,B,major,0.0036,0.9521941623748913,0.9988239068379529,False,0,False,,,,,,,,,,,,,False,,,,,,,,,
scotch_target,Bulk,ENSG00000184983,NDUFA6,chr22,2153,400,5,B,70.4,0.0319,0.0062,-1,-1,NDUFA6_ENST00000498737,NDUFA6_ENST00000498737,NDUFA6_ENST00000498737,exon:42087175-42087335,exon,42087175,42087335,160,67.86,939.87,77.14,1068.13,20.17,73.81,913.75,18.83,90.19,1036.25,0.5717,0.4495693245323351,0.8953668715261914,chi2_hap_event,0.0673,0.0674,B,major,0.0,0.9988239068379529,0.9988239068379529,False,0,False,,,,,,,,,,,,,False,,,,,,,,,
scotch_target,Bulk,ENSG00000184983,NDUFA6,chr22,2153,400,5,B,70.4,0.0319,0.0062,-1,-1,NDUFA6_ENST00000498737,NDUFA6_ENST00000498737,NDUFA6_ENST00000498737,exon:42090605-42090772,exon,42090605,42090772,167,757.26,250.47,861.74,283.53,834.43,0.47,172.83,946.57,1.53,197.17,0.4319,0.5110535806441905,0.8953668715261914,chi2_hap_event,0.7515,0.7524,B,major,0.0028,0.9580859721884064,0.9988239068379529,False,0,False,,,,,,,,,,,,,False,,,,,,,,,
scotch_target,Bulk,ENSG00000184983,NDUFA6,chr22,2153,400,5,B,70.4,0.0319,0.0062,-1,-1,NDUFA6_ENST00000498737,NDUFA6_ENST00000498737,NDUFA6_ENST00000498737,exon:42090772-42090884,exon,42090772,42090884,112,18.04,989.7,17.96,1127.3,2.34,0.47,1004.92,2.66,1.53,1141.08,,,,insufficient_data,0.0179,0.0157,A,minor,0.1596,0.6895580516450335,0.9988239068379529,False,0,False,,,,,,,,,,,,,False,,,,,,,,,
scotch_target,Bulk,ENSG00000184983,NDUFA6,chr22,2153,400,5,B,70.4,0.0319,0.0062,-1,-1,NDUFA6_ENST00000498737,NDUFA6_ENST00000498737,NDUFA6_ENST00000498737,junction:42086314-42087059,junction,42086314,42087059,745,825.12,182.61,938.88,206.39,4.27,2.34,1001.12,3.73,3.66,1137.88,0.2797,0.5969112476841276,0.8953668715261914,chi2_hap_event,0.8188,0.8198,B,major,0.0036,0.9521941623748913,0.9988239068379529,False,0,False,,,,,,,,,,,,,False,,,,,,,,,
scotch_target,Bulk,ENSG00000184983,NDUFA6,chr22,2153,400,5,B,70.4,0.0319,0.0062,-1,-1,NDUFA6_ENST00000498737,NDUFA6_ENST00000498737,NDUFA6_ENST00000498737,junction:42087175-42090605,junction,42087175,42090605,3430,757.26,250.47,861.74,283.53,0.0,0.0,1007.73,0.0,0.0,1145.27,,,,insufficient_data,0.7515,0.7524,B,major,0.0028,0.9580859721884064,0.9988239068379529,True,4,True,chr22:42087736:C:G,42087736.0,C,G,A,0.9999940391390134,1.0,0.0,561.0,-,-,reduces_event,True,0.0,40.0,0.0,33.0,73.0,,,,chi2_cross_event
scotch_target,Bulk,ENSG00000184983,NDUFA6,chr22,2153,400,5,B,70.4,0.0319,0.0062,-1,-1,NDUFA6_ENST00000498737,NDUFA6_ENST00000498737,NDUFA6_ENST00000498737,junction:42087175-42090605,junction,42087175,42090605,3430,757.26,250.47,861.74,283.53,0.0,0.0,1007.73,0.0,0.0,1145.27,,,,insufficient_data,0.7515,0.7524,B,major,0.0028,0.9580859721884064,0.9988239068379529,True,4,False,chr22:42089287:T:C,42089287.0,T,C,B,5.9608609865491405e-06,1.0,0.0,1318.0,+,+,promotes_event,True,0.0,28.0,0.0,19.0,47.0,,,,chi2_cross_event
scotch_target,Bulk,ENSG00000184983,NDUFA6,chr22,2153,400,5,B,70.4,0.0319,0.0062,-1,-1,NDUFA6_ENST00000498737,NDUFA6_ENST00000498737,NDUFA6_ENST00000498737,junction:42087175-42090605,junction,42087175,42090605,3430,757.26,250.47,861.74,283.53,0.0,0.0,1007.73,0.0,0.0,1145.27,,,,insufficient_data,0.7515,0.7524,B,major,0.0028,0.9580859721884064,0.9988239068379529,True,4,False,chr22:42089666:T:C,42089666.0,T,C,B,5.9608609865491405e-06,1.0,0.0,939.0,+,+,promotes_event,True,0.0,27.0,0.0,26.0,53.0,,,,chi2_cross_event
scotch_target,Bulk,ENSG00000184983,NDUFA6,chr22,2153,400,5,B,70.4,0.0319,0.0062,-1,-1,NDUFA6_ENST00000498737,NDUFA6_ENST00000498737,NDUFA6_ENST00000498737,junction:42087175-42090605,junction,42087175,42090605,3430,757.26,250.47,861.74,283.53,0.0,0.0,1007.73,0.0,0.0,1145.27,,,,insufficient_data,0.7515,0.7524,B,major,0.0028,0.9580859721884064,0.9988239068379529,True,4,False,chr22:42090033:T:A,42090033.0,T,A,B,5.9608609865491405e-06,1.0,0.0,572.0,+,+,promotes_event,True,0.0,26.0,0.0,24.0,50.0,,,,chi2_cross_event
scotch_target,Bulk,ENSG00000185651,UBE2L3,chr22,4459,513,7,B,70.4,0.044,0.0031,-1,0,UBE2L3_Other,UBE2L3_Other,UBE2L3_Other,exon:21549446-21549650,exon,21549446,21549650,204,137.63,1788.47,178.37,2354.53,0.43,6.18,1919.49,0.57,7.82,2524.51,0.0003,0.985362206796467,0.985362206796467,chi2_hap_event,0.0715,0.0704,A,minor,0.0178,0.8938051316720893,0.9998118326505832,False,0,False,,,,,,,,,,,,,False,,,,,,,,,
scotch_target,Bulk,ENSG00000185651,UBE2L3,chr22,4459,513,7,B,70.4,0.044,0.0031,-1,0,UBE2L3_Other,UBE2L3_Other,UBE2L3_Other,exon:21567546-21567729,exon,21567546,21567729,183,350.05,1576.05,458.95,2073.95,15.55,7.04,1903.51,20.45,8.96,2503.49,0.0031,0.955826085218322,0.985362206796467,chi2_hap_event,0.1817,0.1812,A,minor,0.0022,0.9626215626678553,0.9998118326505832,False,0,False,,,,,,,,,,,,,False,,,,,,,,,
scotch_target,Bulk,ENSG00000185651,UBE2L3,chr22,4459,513,7,B,70.4,0.044,0.0031,-1,0,UBE2L3_Other,UBE2L3_Other,UBE2L3_Other,exon:21567729-21567771,exon,21567729,21567771,42,350.48,1575.62,459.52,2073.38,1109.3,7.48,809.33,1459.7,9.52,1063.67,0.0044,0.9473272642592424,0.985362206796467,chi2_hap_event,0.182,0.1814,A,minor,0.0022,0.962636932716151,0.9998118326505832,False,0,False,,,,,,,,,,,,,False,,,,,,,,,
scotch_target,Bulk,ENSG00000185651,UBE2L3,chr22,4459,513,7,B,70.4,0.044,0.0031,-1,0,UBE2L3_Other,UBE2L3_Other,UBE2L3_Other,exon:21592860-21592956,exon,21592860,21592956,96,484.66,1441.44,633.34,1899.56,1121.83,19.24,785.03,1476.17,23.76,1032.97,0.0427,0.8363717025784505,0.985362206796467,chi2_hap_event,0.2516,0.25,A,minor,0.0146,0.9039460437191023,0.9998118326505832,False,0,False,,,,,,,,,,,,,False,,,,,,,,,
scotch_target,Bulk,ENSG00000185651,UBE2L3,chr22,4459,513,7,B,70.4,0.044,0.0031,-1,0,UBE2L3_Other,UBE2L3_Other,UBE2L3_Other,exon:21610856-21611043,exon,21610856,21611043,187,488.12,1437.99,637.88,1895.01,1253.17,10.55,662.39,1644.83,13.45,874.61,0.0047,0.9451104575599273,0.985362206796467,chi2_hap_event,0.2534,0.2518,A,minor,0.0145,0.9041537842471332,0.9998118326505832,True,1,True,chr22:21611047:G:A,21611047.0,G,A,B,5.9608609865491405e-06,1.0,0.0,4.0,+,-,reduces_event,True,3.0,10.0,0.0,14.0,27.0,3.6346,0.05658967848755084,0.05658967848755084,chi2_cross_event
scotch_target,Bulk,ENSG00000185651,UBE2L3,chr22,4459,513,7,B,70.4,0.044,0.0031,-1,0,UBE2L3_Other,UBE2L3_Other,UBE2L3_Other,exon:21621514-21621870,exon,21621514,21621870,356,488.12,1437.99,637.88,1895.01,1209.01,4.8,712.29,1590.99,7.2,934.71,0.0497,0.8235139379941417,0.985362206796467,chi2_hap_event,0.2534,0.2518,A,minor,0.0145,0.9041537842471332,0.9998118326505832,False,0,False,,,,,,,,,,,,,False,,,,,,,,,
scotch_target,Bulk,ENSG00000185651,UBE2L3,chr22,4459,513,7,B,70.4,0.044,0.0031,-1,0,UBE2L3_Other,UBE2L3_Other,UBE2L3_Other,exon:21621870-21622939,exon,21621870,21622939,1069,488.12,1437.99,637.88,1895.01,245.81,7.82,1672.47,325.19,11.18,2196.53,0.0265,0.87056433694232,0.985362206796467,chi2_hap_event,0.2534,0.2518,A,minor,0.0145,0.9041537842471332,0.9998118326505832,False,0,False,,,,,,,,,,,,,False,,,,,,,,,
scotch_target,Bulk,ENSG00000185651,UBE2L3,chr22,4459,513,7,B,70.4,0.044,0.0031,-1,0,UBE2L3_Other,UBE2L3_Other,UBE2L3_Other,exon:21622939-21624034,exon,21622939,21624034,1095,488.12,1437.99,637.88,1895.01,28.08,6.96,1891.07,36.92,10.04,2485.93,0.0284,0.8661949498287009,0.985362206796467,chi2_hap_event,0.2534,0.2518,A,minor,0.0145,0.9041537842471332,0.9998118326505832,False,0,False,,,,,,,,,,,,,False,,,,,,,,,
scotch_target,Bulk,ENSG00000185651,UBE2L3,chr22,4459,513,7,B,70.4,0.044,0.0031,-1,0,UBE2L3_Other,UBE2L3_Other,UBE2L3_Other,junction:21549650-21592860,junction,21549650,21592860,43210,137.63,1788.47,178.37,2354.53,0.0,0.0,1926.1,0.0,0.0,2532.9,,,,insufficient_data,0.0715,0.0704,A,minor,0.0178,0.8938051316720893,0.9998118326505832,True,5,False,chr22:21582688:T:C,21582688.0,T,C,A,0.8902501675920234,0.5,0.0,10172.0,-,+,promotes_event,True,0.0,36.0,0.0,16.0,52.0,,,,chi2_cross_event
scotch_target,Bulk,ENSG00000185651,UBE2L3,chr22,4459,513,7,B,70.4,0.044,0.0031,-1,0,UBE2L3_Other,UBE2L3_Other,UBE2L3_Other,junction:21549650-21592860,junction,21549650,21592860,43210,137.63,1788.47,178.37,2354.53,0.0,0.0,1926.1,0.0,0.0,2532.9,,,,insufficient_data,0.0715,0.0704,A,minor,0.0178,0.8938051316720893,0.9998118326505832,True,5,False,chr22:21582715:A:G,21582715.0,A,G,A,0.9999940391390134,1.0,0.0,10145.0,-,+,promotes_event,True,0.0,47.0,0.0,15.0,62.0,,,,chi2_cross_event
scotch_target,Bulk,ENSG00000185651,UBE2L3,chr22,4459,513,7,B,70.4,0.044,0.0031,-1,0,UBE2L3_Other,UBE2L3_Other,UBE2L3_Other,junction:21549650-21592860,junction,21549650,21592860,43210,137.63,1788.47,178.37,2354.53,0.0,0.0,1926.1,0.0,0.0,2532.9,,,,insufficient_data,0.0715,0.0704,A,minor,0.0178,0.8938051316720893,0.9998118326505832,True,5,False,chr22:21582769:T:C,21582769.0,T,C,A,0.9905167466210992,0.92,0.0,10091.0,-,+,promotes_event,True,0.0,51.0,0.0,12.0,63.0,,,,chi2_cross_event
scotch_target,Bulk,ENSG00000185651,UBE2L3,chr22,4459,513,7,B,70.4,0.044,0.0031,-1,0,UBE2L3_Other,UBE2L3_Other,UBE2L3_Other,junction:21549650-21592860,junction,21549650,21592860,43210,137.63,1788.47,178.37,2354.53,0.0,0.0,1926.1,0.0,0.0,2532.9,,,,insufficient_data,0.0715,0.0704,A,minor,0.0178,0.8938051316720893,0.9998118326505832,True,5,False,chr22:21587322:C:T,21587322.0,C,T,B,5.9608609865491405e-06,1.0,0.0,5538.0,+,-,reduces_event,True,0.0,38.0,0.0,36.0,74.0,,,,chi2_cross_event
scotch_target,Bulk,ENSG00000185651,UBE2L3,chr22,4459,513,7,B,70.4,0.044,0.0031,-1,0,UBE2L3_Other,UBE2L3_Other,UBE2L3_Other,junction:21549650-21592860,junction,21549650,21592860,43210,137.63,1788.47,178.37,2354.53,0.0,0.0,1926.1,0.0,0.0,2532.9,,,,insufficient_data,0.0715,0.0704,A,minor,0.0178,0.8938051316720893,0.9998118326505832,True,5,True,chr22:21587474:C:G,21587474.0,C,G,B,5.9608609865491405e-06,1.0,0.0,5386.0,+,-,reduces_event,True,0.0,34.0,0.0,28.0,62.0,,,,chi2_cross_event
scotch_target,Bulk,ENSG00000185651,UBE2L3,chr22,4459,513,7,B,70.4,0.044,0.0031,-1,0,UBE2L3_Other,UBE2L3_Other,UBE2L3_Other,junction:21567771-21592860,junction,21567771,21592860,25089,346.6,1579.51,454.4,2078.49,4.75,0.0,1921.35,6.25,0.0,2526.65,,,,insufficient_data,0.1799,0.1794,A,minor,0.0022,0.9624972940084952,0.9998118326505832,True,5,False,chr22:21582688:T:C,21582688.0,T,C,A,0.8902501675920234,0.5,0.0,10172.0,-,+,promotes_event,True,0.0,36.0,0.0,16.0,52.0,,,,chi2_cross_event
scotch_target,Bulk,ENSG00000185651,UBE2L3,chr22,4459,513,7,B,70.4,0.044,0.0031,-1,0,UBE2L3_Other,UBE2L3_Other,UBE2L3_Other,junction:21567771-21592860,junction,21567771,21592860,25089,346.6,1579.51,454.4,2078.49,4.75,0.0,1921.35,6.25,0.0,2526.65,,,,insufficient_data,0.1799,0.1794,A,minor,0.0022,0.9624972940084952,0.9998118326505832,True,5,False,chr22:21582715:A:G,21582715.0,A,G,A,0.9999940391390134,1.0,0.0,10145.0,-,+,promotes_event,True,0.0,47.0,0.0,15.0,62.0,,,,chi2_cross_event
scotch_target,Bulk,ENSG00000185651,UBE2L3,chr22,4459,513,7,B,70.4,0.044,0.0031,-1,0,UBE2L3_Other,UBE2L3_Other,UBE2L3_Other,junction:21567771-21592860,junction,21567771,21592860,25089,346.6,1579.51,454.4,2078.49,4.75,0.0,1921.35,6.25,0.0,2526.65,,,,insufficient_data,0.1799,0.1794,A,minor,0.0022,0.9624972940084952,0.9998118326505832,True,5,False,chr22:21582769:T:C,21582769.0,T,C,A,0.9905167466210992,0.92,0.0,10091.0,-,+,promotes_event,True,0.0,51.0,0.0,12.0,63.0,,,,chi2_cross_event
scotch_target,Bulk,ENSG00000185651,UBE2L3,chr22,4459,513,7,B,70.4,0.044,0.0031,-1,0,UBE2L3_Other,UBE2L3_Other,UBE2L3_Other,junction:21567771-21592860,junction,21567771,21592860,25089,346.6,1579.51,454.4,2078.49,4.75,0.0,1921.35,6.25,0.0,2526.65,,,,insufficient_data,0.1799,0.1794,A,minor,0.0022,0.9624972940084952,0.9998118326505832,True,5,False,chr22:21587322:C:T,21587322.0,C,T,B,5.9608609865491405e-06,1.0,0.0,5538.0,+,-,reduces_event,True,0.0,38.0,0.0,36.0,74.0,,,,chi2_cross_event
scotch_target,Bulk,ENSG00000185651,UBE2L3,chr22,4459,513,7,B,70.4,0.044,0.0031,-1,0,UBE2L3_Other,UBE2L3_Other,UBE2L3_Other,junction:21567771-21592860,junction,21567771,21592860,25089,346.6,1579.51,454.4,2078.49,4.75,0.0,1921.35,6.25,0.0,2526.65,,,,insufficient_data,0.1799,0.1794,A,minor,0.0022,0.9624972940084952,0.9998118326505832,True,5,True,chr22:21587474:C:G,21587474.0,C,G,B,5.9608609865491405e-06,1.0,0.0,5386.0,+,-,reduces_event,True,0.0,34.0,0.0,28.0,62.0,,,,chi2_cross_event
scotch_target,Bulk,ENSG00000185651,UBE2L3,chr22,4459,513,7,B,70.4,0.044,0.0031,-1,0,UBE2L3_Other,UBE2L3_Other,UBE2L3_Other,junction:21567771-21610856,junction,21567771,21610856,43085,3.46,1922.65,4.54,2528.35,0.0,11.23,1914.87,0.0,14.77,2518.13,,,,insufficient_data,0.0018,0.0018,B,major,0.0,0.9998118326505832,0.9998118326505832,True,5,True,chr22:21582688:T:C,21582688.0,T,C,A,0.8902501675920234,0.5,0.0,14917.0,-,+,reduces_event,True,0.0,36.0,0.0,16.0,52.0,,,,chi2_cross_event
scotch_target,Bulk,ENSG00000185651,UBE2L3,chr22,4459,513,7,B,70.4,0.044,0.0031,-1,0,UBE2L3_Other,UBE2L3_Other,UBE2L3_Other,junction:21567771-21610856,junction,21567771,21610856,43085,3.46,1922.65,4.54,2528.35,0.0,11.23,1914.87,0.0,14.77,2518.13,,,,insufficient_data,0.0018,0.0018,B,major,0.0,0.9998118326505832,0.9998118326505832,True,5,False,chr22:21582715:A:G,21582715.0,A,G,A,0.9999940391390134,1.0,0.0,14944.0,-,+,reduces_event,True,0.0,47.0,0.0,15.0,62.0,,,,chi2_cross_event
scotch_target,Bulk,ENSG00000185651,UBE2L3,chr22,4459,513,7,B,70.4,0.044,0.0031,-1,0,UBE2L3_Other,UBE2L3_Other,UBE2L3_Other,junction:21567771-21610856,junction,21567771,21610856,43085,3.46,1922.65,4.54,2528.35,0.0,11.23,1914.87,0.0,14.77,2518.13,,,,insufficient_data,0.0018,0.0018,B,major,0.0,0.9998118326505832,0.9998118326505832,True,5,False,chr22:21582769:T:C,21582769.0,T,C,A,0.9905167466210992,0.92,0.0,14998.0,-,+,reduces_event,True,0.0,51.0,0.0,12.0,63.0,,,,chi2_cross_event
scotch_target,Bulk,ENSG00000185651,UBE2L3,chr22,4459,513,7,B,70.4,0.044,0.0031,-1,0,UBE2L3_Other,UBE2L3_Other,UBE2L3_Other,junction:21567771-21610856,junction,21567771,21610856,43085,3.46,1922.65,4.54,2528.35,0.0,11.23,1914.87,0.0,14.77,2518.13,,,,insufficient_data,0.0018,0.0018,B,major,0.0,0.9998118326505832,0.9998118326505832,True,5,False,chr22:21587322:C:T,21587322.0,C,T,B,5.9608609865491405e-06,1.0,0.0,19551.0,+,-,promotes_event,True,0.0,38.0,0.0,36.0,74.0,,,,chi2_cross_event
scotch_target,Bulk,ENSG00000185651,UBE2L3,chr22,4459,513,7,B,70.4,0.044,0.0031,-1,0,UBE2L3_Other,UBE2L3_Other,UBE2L3_Other,junction:21567771-21610856,junction,21567771,21610856,43085,3.46,1922.65,4.54,2528.35,0.0,11.23,1914.87,0.0,14.77,2518.13,,,,insufficient_data,0.0018,0.0018,B,major,0.0,0.9998118326505832,0.9998118326505832,True,5,False,chr22:21587474:C:G,21587474.0,C,G,B,5.9608609865491405e-06,1.0,0.0,19703.0,+,-,promotes_event,True,0.0,34.0,0.0,28.0,62.0,,,,chi2_cross_event
scotch_target,Bulk,ENSG00000185651,UBE2L3,chr22,4459,513,7,B,70.4,0.044,0.0031,-1,0,UBE2L3_Other,UBE2L3_Other,UBE2L3_Other,junction:21592956-21610856,junction,21592956,21610856,17900,484.66,1441.44,633.34,1899.56,0.0,0.0,1926.1,0.0,0.0,2532.9,,,,insufficient_data,0.2516,0.25,A,minor,0.0146,0.9039460437191023,0.9998118326505832,False,0,False,,,,,,,,,,,,,False,,,,,,,,,
scotch_target,Bulk,ENSG00000185651,UBE2L3,chr22,4459,513,7,B,70.4,0.044,0.0031,-1,0,UBE2L3_Other,UBE2L3_Other,UBE2L3_Other,junction:21611043-21621514,junction,21611043,21621514,10471,488.12,1437.99,637.88,1895.01,0.86,14.01,1911.23,1.14,22.99,2508.77,0.023,0.8794915901443521,0.985362206796467,chi2_hap_event,0.2534,0.2518,A,minor,0.0145,0.9041537842471332,0.9998118326505832,True,2,True,chr22:21611047:G:A,21611047.0,G,A,B,5.9608609865491405e-06,1.0,0.0,4.0,+,-,reduces_event,True,3.0,10.0,0.0,14.0,27.0,3.6346,0.05658967848755084,0.05658967848755084,chi2_cross_event
scotch_target,Bulk,ENSG00000185651,UBE2L3,chr22,4459,513,7,B,70.4,0.044,0.0031,-1,0,UBE2L3_Other,UBE2L3_Other,UBE2L3_Other,junction:21611043-21621514,junction,21611043,21621514,10471,488.12,1437.99,637.88,1895.01,0.86,14.01,1911.23,1.14,22.99,2508.77,0.023,0.8794915901443521,0.985362206796467,chi2_hap_event,0.2534,0.2518,A,minor,0.0145,0.9041537842471332,0.9998118326505832,True,2,False,chr22:21613105:C:T,21613105.0,C,T,B,5.9608609865491405e-06,1.0,0.0,2062.0,+,-,reduces_event,True,0.0,73.0,0.0,85.0,158.0,,,,chi2_cross_event
scotch_target,Bulk,ENSG00000198089,SFI1,chr22,1220,402,10,B,70.4,0.0589,0.0119,0,0,SFI1_Other,SFI1_Other,SFI1_Other,exon:31496138-31496274,exon,31496138,31496274,136,3.73,563.74,7.27,645.26,0.95,4.65,561.87,3.06,5.35,644.13,0.6231,0.4298898427467688,0.9919812917418052,chi2_hap_event,0.0066,0.0111,B,major,0.7058,0.4008338522668343,0.9996134439058488,False,0,False,,,,,,,,,,,,,False,,,,,,,,,
scotch_target,Bulk,ENSG00000198089,SFI1,chr22,1220,402,10,B,70.4,0.0589,0.0119,0,0,SFI1_Other,SFI1_Other,SFI1_Other,exon:31496274-31496386,exon,31496274,31496386,112,3.73,563.74,7.27,645.26,1.41,4.65,561.41,3.59,5.35,643.59,0.4636,0.49594139962847883,0.9919812917418052,chi2_hap_event,0.0066,0.0111,B,major,0.7058,0.4008338522668343,0.9996134439058488,False,0,False,,,,,,,,,,,,,False,,,,,,,,,
scotch_target,Bulk,ENSG00000198089,SFI1,chr22,1220,402,10,B,70.4,0.0589,0.0119,0,0,SFI1_Other,SFI1_Other,SFI1_Other,exon:31496386-31496463,exon,31496386,31496463,77,6.64,560.83,9.36,643.17,2.39,4.65,560.43,3.61,5.35,643.57,0.0663,0.7968222848297115,0.9919812917418052,chi2_hap_event,0.0117,0.0143,B,major,0.1646,0.6849151151506129,0.9996134439058488,False,0,False,,,,,,,,,,,,,False,,,,,,,,,
scotch_target,Bulk,ENSG00000198089,SFI1,chr22,1220,402,10,B,70.4,0.0589,0.0119,0,0,SFI1_Other,SFI1_Other,SFI1_Other,exon:31496463-31496518,exon,31496463,31496518,55,8.5,558.97,11.5,641.03,6.7,4.65,556.12,6.3,5.35,640.88,0.0571,0.8112132502918956,0.9919812917418052,chi2_hap_event,0.015,0.0176,B,major,0.1323,0.7160194823338113,0.9996134439058488,False,0,False,,,,,,,,,,,,,False,,,,,,,,,
scotch_target,Bulk,ENSG00000198089,SFI1,chr22,1220,402,10,B,70.4,0.0589,0.0119,0,0,SFI1_Other,SFI1_Other,SFI1_Other,exon:31496518-31496535,exon,31496518,31496535,17,9.5,557.97,12.5,640.03,10.89,4.65,551.93,13.11,5.35,634.07,0.0036,0.9521550849758801,0.9919812917418052,chi2_hap_event,0.0167,0.0192,B,major,0.1005,0.7511909131214435,0.9996134439058488,False,0,False,,,,,,,,,,,,,False,,,,,,,,,
scotch_target,Bulk,ENSG00000198089,SFI1,chr22,1220,402,10,B,70.4,0.0589,0.0119,0,0,SFI1_Other,SFI1_Other,SFI1_Other,exon:31496537-31496557,exon,31496537,31496557,20,16.73,550.74,16.27,636.26,26.47,4.65,536.34,33.52,5.35,613.66,0.0196,0.8887184688478497,0.9919812917418052,chi2_hap_event,0.0295,0.0249,A,minor,0.2392,0.6247531227888492,0.9996134439058488,False,0,False,,,,,,,,,,,,,False,,,,,,,,,
scotch_target,Bulk,ENSG00000198089,SFI1,chr22,1220,402,10,B,70.4,0.0589,0.0119,0,0,SFI1_Other,SFI1_Other,SFI1_Other,exon:31496557-31496582,exon,31496557,31496582,25,16.73,550.74,16.27,636.26,32.26,4.65,530.56,37.74,5.35,609.44,0.0006,0.9801846719027872,0.9919812917418052,chi2_hap_event,0.0295,0.0249,A,minor,0.2392,0.6247531227888492,0.9996134439058488,False,0,False,,,,,,,,,,,,,False,,,,,,,,,
scotch_target,Bulk,ENSG00000198089,SFI1,chr22,1220,402,10,B,70.4,0.0589,0.0119,0,0,SFI1_Other,SFI1_Other,SFI1_Other,exon:31496582-31496637,exon,31496582,31496637,55,20.45,547.02,20.55,631.98,32.72,4.65,530.1,38.28,5.35,608.9,0.0006,0.9804466255587609,0.9919812917418052,chi2_hap_event,0.036,0.0315,A,minor,0.1936,0.6599734779190088,0.9996134439058488,False,0,False,,,,,,,,,,,,,False,,,,,,,,,
scotch_target,Bulk,ENSG00000198089,SFI1,chr22,1220,402,10,B,70.4,0.0589,0.0119,0,0,SFI1_Other,SFI1_Other,SFI1_Other,exon:31508258-31508284,exon,31508258,31508284,26,20.92,546.55,21.08,631.45,32.72,5.58,529.17,38.28,6.42,607.83,0.0007,0.9788406417892408,0.9919812917418052,chi2_hap_event,0.0369,0.0323,A,minor,0.1891,0.6636921247804954,0.9996134439058488,False,0,False,,,,,,,,,,,,,False,,,,,,,,,
scotch_target,Bulk,ENSG00000198089,SFI1,chr22,1220,402,10,B,70.4,0.0589,0.0119,0,0,SFI1_Other,SFI1_Other,SFI1_Other,exon:31508284-31508376,exon,31508284,31508376,92,20.92,546.55,21.08,631.45,32.72,5.58,529.17,38.28,6.42,607.83,0.0007,0.9788406417892408,0.9919812917418052,chi2_hap_event,0.0369,0.0323,A,minor,0.1891,0.6636921247804954,0.9996134439058488,False,0,False,,,,,,,,,,,,,False,,,,,,,,,
scotch_target,Bulk,ENSG00000198089,SFI1,chr22,1220,402,10,B,70.4,0.0589,0.0119,0,0,SFI1_Other,SFI1_Other,SFI1_Other,exon:31521234-31521320,exon,31521234,31521320,86,1.86,565.61,2.14,650.39,3.79,39.17,524.52,3.21,45.83,603.48,0.1672,0.6826339479242319,0.9919812917418052,chi2_hap_event,0.0033,0.0033,B,major,0.0,0.9995534599787722,0.9996134439058488,False,0,False,,,,,,,,,,,,,False,,,,,,,,,
scotch_target,Bulk,ENSG00000198089,SFI1,chr22,1220,402,10,B,70.4,0.0589,0.0119,0,0,SFI1_Other,SFI1_Other,SFI1_Other,exon:31528689-31528740,exon,31528689,31528740,51,12.64,554.83,17.36,635.17,26.02,18.35,523.1,33.98,18.65,599.9,0.3567,0.5503601589352131,0.9919812917418052,chi2_hap_event,0.0223,0.0266,B,major,0.238,0.6256855102449129,0.9996134439058488,False,0,False,,,,,,,,,,,,,False,,,,,,,,,
scotch_target,Bulk,ENSG00000198089,SFI1,chr22,1220,402,10,B,70.4,0.0589,0.0119,0,0,SFI1_Other,SFI1_Other,SFI1_Other,exon:31528744-31528819,exon,31528744,31528819,75,16.82,550.65,22.18,630.35,26.02,18.35,523.1,33.98,18.65,599.9,0.3567,0.5503601589352131,0.9919812917418052,chi2_hap_event,0.0296,0.034,B,major,0.1848,0.6672882874062671,0.9996134439058488,False,0,False,,,,,,,,,,,,,False,,,,,,,,,
scotch_target,Bulk,ENSG00000198089,SFI1,chr22,1220,402,10,B,70.4,0.0589,0.0119,0,0,SFI1_Other,SFI1_Other,SFI1_Other,exon:31528819-31528835,exon,31528819,31528835,16,20.08,547.39,25.92,626.61,25.56,18.35,523.56,33.44,18.65,600.44,0.3605,0.5482493971604858,0.9919812917418052,chi2_hap_event,0.0354,0.0397,B,major,0.1578,0.6911550457332817,0.9996134439058488,False,0,False,,,,,,,,,,,,,False,,,,,,,,,
scotch_target,Bulk,ENSG00000198089,SFI1,chr22,1220,402,10,B,70.4,0.0589,0.0119,0,0,SFI1_Other,SFI1_Other,SFI1_Other,exon:31528835-31528863,exon,31528835,31528863,28,20.08,547.39,25.92,626.61,25.56,18.35,523.56,33.44,18.65,600.44,0.3605,0.5482493971604858,0.9919812917418052,chi2_hap_event,0.0354,0.0397,B,major,0.1578,0.6911550457332817,0.9996134439058488,False,0,False,,,,,,,,,,,,,False,,,,,,,,,
scotch_target,Bulk,ENSG00000198089,SFI1,chr22,1220,402,10,B,70.4,0.0589,0.0119,0,0,SFI1_Other,SFI1_Other,SFI1_Other,exon:31530591-31530634,exon,31530591,31530634,43,1.0,566.47,1.0,651.53,16.01,42.49,508.96,16.99,49.51,586.04,0.0534,0.8172838836596816,0.9919812917418052,chi2_hap_event,0.0018,0.0015,A,minor,0.0098,0.9211998270321733,0.9996134439058488,False,0,False,,,,,,,,,,,,,False,,,,,,,,,
scotch_target,Bulk,ENSG00000198089,SFI1,chr22,1220,402,10,B,70.4,0.0589,0.0119,0,0,SFI1_Other,SFI1_Other,SFI1_Other,exon:31530634-31530784,exon,31530634,31530784,150,1.0,566.47,1.0,651.53,18.0,42.49,506.97,22.0,49.51,581.03,0.0156,0.9006526357891014,0.9919812917418052,chi2_hap_event,0.0018,0.0015,A,minor,0.0098,0.9211998270321733,0.9996134439058488,True,2,False,chr22:31530702:C:T,31530702.0,C,T,B,5.9608609865491405e-06,1.0,0.0,68.0,+,-,reduces_event,True,16.0,0.0,21.0,0.0,37.0,,0.5113757815852296,0.852292969308716,binomial_intra_event
scotch_target,Bulk,ENSG00000198089,SFI1,chr22,1220,402,10,B,70.4,0.0589,0.0119,0,0,SFI1_Other,SFI1_Other,SFI1_Other,exon:31530634-31530784,exon,31530634,31530784,150,1.0,566.47,1.0,651.53,18.0,42.49,506.97,22.0,49.51,581.03,0.0156,0.9006526357891014,0.9919812917418052,chi2_hap_event,0.0018,0.0015,A,minor,0.0098,0.9211998270321733,0.9996134439058488,True,2,True,chr22:31530756:A:G,31530756.0,A,G,B,5.9608609865491405e-06,1.0,0.0,28.0,+,-,reduces_event,True,19.0,0.0,20.0,0.0,39.0,,1.0,1.0,binomial_intra_event
scotch_target,Bulk,ENSG00000198089,SFI1,chr22,1220,402,10,B,70.4,0.0589,0.0119,0,0,SFI1_Other,SFI1_Other,SFI1_Other,exon:31531057-31531105,exon,31531057,31531105,48,14.02,553.45,15.98,636.55,32.11,29.72,505.64,37.89,36.28,578.36,0.0097,0.9215710528778882,0.9919812917418052,chi2_hap_event,0.0247,0.0245,A,minor,0.0006,0.9805380368013707,0.9996134439058488,False,0,False,,,,,,,,,,,,,False,,,,,,,,,
scotch_target,Bulk,ENSG00000198089,SFI1,chr22,1220,402,10,B,70.4,0.0589,0.0119,0,0,SFI1_Other,SFI1_Other,SFI1_Other,exon:31531105-31531129,exon,31531105,31531129,24,13.02,554.45,14.98,637.55,32.58,29.72,505.17,38.42,36.28,577.83,0.01,0.9204780227202963,0.9919812917418052,chi2_hap_event,0.0229,0.023,B,major,0.0,0.9988067321786421,0.9996134439058488,False,0,False,,,,,,,,,,,,,False,,,,,,,,,
scotch_target,Bulk,ENSG00000198089,SFI1,chr22,1220,402,10,B,70.4,0.0589,0.0119,0,0,SFI1_Other,SFI1_Other,SFI1_Other,exon:31546860-31546971,exon,31546860,31546971,111,20.85,546.62,21.15,631.38,20.97,14.61,531.89,27.03,14.39,611.11,0.3249,0.5686945006167464,0.9919812917418052,chi2_hap_event,0.0367,0.0324,A,minor,0.1704,0.679765243982541,0.9996134439058488,False,0,False,,,,,,,,,,,,,False,,,,,,,,,
scotch_target,Bulk,ENSG00000198089,SFI1,chr22,1220,402,10,B,70.4,0.0589,0.0119,0,0,SFI1_Other,SFI1_Other,SFI1_Other,exon:31550253-31550348,exon,31550253,31550348,95,22.13,545.34,23.87,628.66,23.89,13.14,530.43,28.11,13.86,610.57,0.0532,0.8176347890413058,0.9919812917418052,chi2_hap_event,0.039,0.0366,A,minor,0.0485,0.8257503017160306,0.9996134439058488,False,0,False,,,,,,,,,,,,,False,,,,,,,,,
scotch_target,Bulk,ENSG00000198089,SFI1,chr22,1220,402,10,B,70.4,0.0589,0.0119,0,0,SFI1_Other,SFI1_Other,SFI1_Other,exon:31550348-31550369,exon,31550348,31550369,21,3.26,564.21,3.74,648.79,6.51,26.34,534.62,8.49,28.66,615.38,0.0957,0.7569942201108744,0.9919812917418052,chi2_hap_event,0.0057,0.0057,B,major,0.0,0.999408553068495,0.9996134439058488,False,0,False,,,,,,,,,,,,,False,,,,,,,,,
scotch_target,Bulk,ENSG00000198089,SFI1,chr22,1220,402,10,B,70.4,0.0589,0.0119,0,0,SFI1_Other,SFI1_Other,SFI1_Other,exon:31550369-31550677,exon,31550369,31550677,308,3.26,564.21,3.74,648.79,2.79,26.34,538.34,3.21,29.66,619.66,0.0006,0.9797990770292032,0.9919812917418052,chi2_hap_event,0.0057,0.0057,B,major,0.0,0.999408553068495,0.9996134439058488,False,0,False,,,,,,,,,,,,,False,,,,,,,,,
scotch_target,Bulk,ENSG00000198089,SFI1,chr22,1220,402,10,B,70.4,0.0589,0.0119,0,0,SFI1_Other,SFI1_Other,SFI1_Other,exon:31556941-31557059,exon,31556941,31557059,118,18.87,548.6,20.13,632.4,21.16,9.95,536.36,24.84,11.05,616.64,0.0106,0.9180724973969373,0.9919812917418052,chi2_hap_event,0.0333,0.0308,A,minor,0.057,0.8113332555651266,0.9996134439058488,False,0,False,,,,,,,,,,,,,False,,,,,,,,,
scotch_target,Bulk,ENSG00000198089,SFI1,chr22,1220,402,10,B,70.4,0.0589,0.0119,0,0,SFI1_Other,SFI1_Other,SFI1_Other,exon:31561289-31561333,exon,31561289,31561333,44,21.78,545.69,22.22,630.31,15.06,12.39,540.02,17.94,12.61,621.98,0.0884,0.7662370451363463,0.9919812917418052,chi2_hap_event,0.0384,0.0341,A,minor,0.1629,0.6865436977453656,0.9996134439058488,False,0,False,,,,,,,,,,,,,False,,,,,,,,,
scotch_target,Bulk,ENSG00000198089,SFI1,chr22,1220,402,10,B,70.4,0.0589,0.0119,0,0,SFI1_Other,SFI1_Other,SFI1_Other,exon:31561333-31561392,exon,31561333,31561392,59,17.59,549.88,17.41,635.12,15.52,12.39,539.56,19.48,12.61,620.44,0.1594,0.6897335487412113,0.9919812917418052,chi2_hap_event,0.031,0.0267,A,minor,0.2036,0.6518601631446839,0.9996134439058488,False,0,False,,,,,,,,,,,,,False,,,,,,,,,
scotch_target,Bulk,ENSG00000198089,SFI1,chr22,1220,402,10,B,70.4,0.0589,0.0119,0,0,SFI1_Other,SFI1_Other,SFI1_Other,exon:31572976-31573057,exon,31572976,31573057,81,1.93,565.54,1.07,651.46,0.93,10.53,556.01,1.07,10.47,640.99,0.0097,0.9215714146027081,0.9919812917418052,chi2_hap_event,0.0034,0.0016,A,minor,0.3781,0.5386112929769937,0.9996134439058488,False,0,False,,,,,,,,,,,,,False,,,,,,,,,
scotch_target,Bulk,ENSG00000198089,SFI1,chr22,1220,402,10,B,70.4,0.0589,0.0119,0,0,SFI1_Other,SFI1_Other,SFI1_Other,exon:31573057-31573173,exon,31573057,31573173,116,19.52,547.95,18.48,634.05,19.48,4.77,543.22,20.52,6.23,625.78,0.0976,0.7547727574108389,0.9919812917418052,chi2_hap_event,0.0344,0.0283,A,minor,0.3707,0.5426117879839154,0.9996134439058488,False,0,False,,,,,,,,,,,,,False,,,,,,,,,
scotch_target,Bulk,ENSG00000198089,SFI1,chr22,1220,402,10,B,70.4,0.0589,0.0119,0,0,SFI1_Other,SFI1_Other,SFI1_Other,exon:31573173-31573214,exon,31573173,31573214,41,22.52,544.95,20.48,632.05,17.62,4.77,545.08,18.38,6.23,627.92,0.1042,0.7468411973211829,0.9919812917418052,chi2_hap_event,0.0397,0.0314,A,minor,0.6158,0.4326123201289085,0.9996134439058488,False,0,False,,,,,,,,,,,,,False,,,,,,,,,
scotch_target,Bulk,ENSG00000198089,SFI1,chr22,1220,402,10,B,70.4,0.0589,0.0119,0,0,SFI1_Other,SFI1_Other,SFI1_Other,exon:31575230-31575392,exon,31575230,31575392,162,22.52,544.95,20.48,632.05,18.88,5.24,543.35,18.11,6.76,627.65,0.1985,0.6559636088941925,0.9919812917418052,chi2_hap_event,0.0397,0.0314,A,minor,0.6158,0.4326123201289085,0.9996134439058488,True,1,True,chr22:31575364:C:T,31575364.0,C,T,A,0.9999940391390134,1.0,0.0,28.0,-,+,promotes_event,True,17.0,0.0,18.0,0.0,35.0,,1.0,1.0,binomial_intra_event
scotch_target,Bulk,ENSG00000198089,SFI1,chr22,1220,402,10,B,70.4,0.0589,0.0119,0,0,SFI1_Other,SFI1_Other,SFI1_Other,exon:31577947-31578381,exon,31577947,31578381,434,1.86,565.61,2.14,650.39,2.33,6.22,558.92,3.68,6.78,642.08,0.1375,0.7107950269972659,0.9919812917418052,chi2_hap_event,0.0033,0.0033,B,major,0.0,0.9995534599787722,0.9996134439058488,False,0,False,,,,,,,,,,,,,False,,,,,,,,,
scotch_target,Bulk,ENSG00000198089,SFI1,chr22,1220,402,10,B,70.4,0.0589,0.0119,0,0,SFI1_Other,SFI1_Other,SFI1_Other,exon:31578381-31578452,exon,31578381,31578452,71,24.38,543.09,22.62,629.91,6.96,5.24,555.27,8.04,6.76,637.73,0.0206,0.8859326571494714,0.9919812917418052,chi2_hap_event,0.043,0.0347,A,minor,0.5651,0.45222754104113116,0.9996134439058488,False,0,False,,,,,,,,,,,,,False,,,,,,,,,
scotch_target,Bulk,ENSG00000198089,SFI1,chr22,1220,402,10,B,70.4,0.0589,0.0119,0,0,SFI1_Other,SFI1_Other,SFI1_Other,exon:31580271-31580364,exon,31580271,31580364,93,19.72,547.75,14.28,638.25,5.91,5.77,555.79,9.09,6.23,637.21,0.203,0.6523185820667994,0.9919812917418052,chi2_hap_event,0.0348,0.0219,A,minor,1.8537,0.17334822031193434,0.9996134439058488,False,0,False,,,,,,,,,,,,,False,,,,,,,,,
scotch_target,Bulk,ENSG00000198089,SFI1,chr22,1220,402,10,B,70.4,0.0589,0.0119,0,0,SFI1_Other,SFI1_Other,SFI1_Other,exon:31583877-31583905,exon,31583877,31583905,28,25.25,542.22,24.75,627.78,6.44,4.25,556.78,11.56,3.75,637.22,0.6909,0.4058710442619391,0.9919812917418052,chi2_hap_event,0.0445,0.0379,A,minor,0.3316,0.5646962375494828,0.9996134439058488,False,0,False,,,,,,,,,,,,,False,,,,,,,,,
scotch_target,Bulk,ENSG00000198089,SFI1,chr22,1220,402,10,B,70.4,0.0589,0.0119,0,0,SFI1_Other,SFI1_Other,SFI1_Other,exon:31583905-31583934,exon,31583905,31583934,29,31.76,535.71,32.24,620.29,6.44,4.25,556.78,11.56,3.75,637.22,0.6909,0.4058710442619391,0.9919812917418052,chi2_hap_event,0.056,0.0494,A,minor,0.2617,0.608943854847068,0.9996134439058488,False,0,False,,,,,,,,,,,,,False,,,,,,,,,
scotch_target,Bulk,ENSG00000198089,SFI1,chr22,1220,402,10,B,70.4,0.0589,0.0119,0,0,SFI1_Other,SFI1_Other,SFI1_Other,exon:31583934-31583969,exon,31583934,31583969,35,30.83,536.64,31.17,621.36,6.43,4.25,556.79,10.57,3.75,638.21,0.5234,0.46937665434164866,0.9919812917418052,chi2_hap_event,0.0543,0.0478,A,minor,0.2698,0.6034879441070392,0.9996134439058488,False,0,False,,,,,,,,,,,,,False,,,,,,,,,
scotch_target,Bulk,ENSG00000198089,SFI1,chr22,1220,402,10,B,70.4,0.0589,0.0119,0,0,SFI1_Other,SFI1_Other,SFI1_Other,exon:31585067-31585126,exon,31585067,31585126,59,30.36,537.11,30.64,621.89,6.43,4.25,556.79,11.57,3.75,637.21,0.6964,0.4039928162767775,0.9919812917418052,chi2_hap_event,0.0535,0.047,A,minor,0.274,0.6006667146387883,0.9996134439058488,False,0,False,,,,,,,,,,,,,False,,,,,,,,,
scotch_target,Bulk,ENSG00000198089,SFI1,chr22,1220,402,10,B,70.4,0.0589,0.0119,0,0,SFI1_Other,SFI1_Other,SFI1_Other,exon:31585126-31585134,exon,31585126,31585134,8,28.5,538.97,28.5,624.03,6.89,4.25,556.32,12.11,3.75,636.68,0.6616,0.4159960496459618,0.9919812917418052,chi2_hap_event,0.0502,0.0437,A,minor,0.2924,0.588702954223145,0.9996134439058488,False,0,False,,,,,,,,,,,,,False,,,,,,,,,
scotch_target,Bulk,ENSG00000198089,SFI1,chr22,1220,402,10,B,70.4,0.0589,0.0119,0,0,SFI1_Other,SFI1_Other,SFI1_Other,exon:31587327-31587443,exon,31587327,31587443,116,6.51,560.96,7.49,645.04,4.65,10.62,552.2,5.35,13.38,633.8,0.0143,0.904869662046729,0.9919812917418052,chi2_hap_event,0.0115,0.0115,B,major,0.0,0.9991611438611572,0.9996134439058488,False,0,False,,,,,,,,,,,,,False,,,,,,,,,
scotch_target,Bulk,ENSG00000198089,SFI1,chr22,1220,402,10,B,70.4,0.0589,0.0119,0,0,SFI1_Other,SFI1_Other,SFI1_Other,exon:31587443-31587890,exon,31587443,31587890,447,6.51,560.96,7.49,645.04,9.3,10.62,547.55,10.7,13.38,628.45,0.022,0.881973819042049,0.9919812917418052,chi2_hap_event,0.0115,0.0115,B,major,0.0,0.9991611438611572,0.9996134439058488,False,0,False,,,,,,,,,,,,,False,,,,,,,,,
scotch_target,Bulk,ENSG00000198089,SFI1,chr22,1220,402,10,B,70.4,0.0589,0.0119,0,0,SFI1_Other,SFI1_Other,SFI1_Other,exon:31587890-31587912,exon,31587890,31587912,22,6.51,560.96,7.49,645.04,3.25,10.62,553.59,3.75,13.38,635.41,0.011,0.9165734562704639,0.9919812917418052,chi2_hap_event,0.0115,0.0115,B,major,0.0,0.9991611438611572,0.9996134439058488,False,0,False,,,,,,,,,,,,,False,,,,,,,,,
scotch_target,Bulk,ENSG00000198089,SFI1,chr22,1220,402,10,B,70.4,0.0589,0.0119,0,0,SFI1_Other,SFI1_Other,SFI1_Other,exon:31589446-31589577,exon,31589446,31589577,131,21.99,545.48,21.01,631.52,8.69,3.32,555.45,12.31,2.68,637.55,0.3692,0.5434424212889897,0.9919812917418052,chi2_hap_event,0.0388,0.0322,A,minor,0.3837,0.5356253996252338,0.9996134439058488,False,0,False,,,,,,,,,,,,,False,,,,,,,,,
scotch_target,Bulk,ENSG00000198089,SFI1,chr22,1220,402,10,B,70.4,0.0589,0.0119,0,0,SFI1_Other,SFI1_Other,SFI1_Other,exon:31602211-31602293,exon,31602211,31602293,82,21.99,545.48,21.01,631.52,3.8,5.25,558.42,9.2,5.75,637.58,0.8718,0.35045644678784016,0.9919812917418052,chi2_hap_event,0.0388,0.0322,A,minor,0.3837,0.5356253996252338,0.9996134439058488,False,0,False,,,,,,,,,,,,,False,,,,,,,,,
scotch_target,Bulk,ENSG00000198089,SFI1,chr22,1220,402,10,B,70.4,0.0589,0.0119,0,0,SFI1_Other,SFI1_Other,SFI1_Other,exon:31602606-31602785,exon,31602606,31602785,179,21.99,545.48,21.01,631.52,3.26,6.25,557.95,10.74,5.75,636.05,2.3099,0.12855527153822172,0.9919812917418052,chi2_hap_event,0.0388,0.0322,A,minor,0.3837,0.5356253996252338,0.9996134439058488,False,0,False,,,,,,,,,,,,,False,,,,,,,,,
scotch_target,Bulk,ENSG00000198089,SFI1,chr22,1220,402,10,B,70.4,0.0589,0.0119,0,0,SFI1_Other,SFI1_Other,SFI1_Other,exon:31603743-31603819,exon,31603743,31603819,76,15.27,552.2,14.73,637.8,2.33,6.73,558.41,7.67,9.27,635.59,0.9476,0.3303344248455982,0.9919812917418052,chi2_hap_event,0.0269,0.0226,A,minor,0.2367,0.6265680984749107,0.9996134439058488,False,0,False,,,,,,,,,,,,,False,,,,,,,,,
scotch_target,Bulk,ENSG00000198089,SFI1,chr22,1220,402,10,B,70.4,0.0589,0.0119,0,0,SFI1_Other,SFI1_Other,SFI1_Other,exon:31604308-31604313,exon,31604308,31604313,5,17.59,549.88,17.41,635.12,1.88,6.25,559.34,11.12,4.75,636.66,4.7836,0.028732011818296294,0.9919812917418052,chi2_hap_event,0.031,0.0267,A,minor,0.2036,0.6518601631446839,0.9996134439058488,False,0,False,,,,,,,,,,,,,False,,,,,,,,,
scotch_target,Bulk,ENSG00000198089,SFI1,chr22,1220,402,10,B,70.4,0.0589,0.0119,0,0,SFI1_Other,SFI1_Other,SFI1_Other,exon:31604313-31604404,exon,31604313,31604404,91,24.1,543.37,24.9,627.63,1.88,6.25,559.34,11.12,4.75,636.66,4.7836,0.028732011818296294,0.9919812917418052,chi2_hap_event,0.0425,0.0382,A,minor,0.1467,0.7017059362704691,0.9996134439058488,False,0,False,,,,,,,,,,,,,False,,,,,,,,,
scotch_target,Bulk,ENSG00000198089,SFI1,chr22,1220,402,10,B,70.4,0.0589,0.0119,0,0,SFI1_Other,SFI1_Other,SFI1_Other,exon:31604868-31604945,exon,31604868,31604945,77,25.96,541.51,27.04,625.49,3.87,6.25,557.35,13.13,4.75,634.65,3.3619,0.06672175589002081,0.9919812917418052,chi2_hap_event,0.0457,0.0414,A,minor,0.136,0.7123101405146348,0.9996134439058488,False,0,False,,,,,,,,,,,,,False,,,,,,,,,
scotch_target,Bulk,ENSG00000198089,SFI1,chr22,1220,402,10,B,70.4,0.0589,0.0119,0,0,SFI1_Other,SFI1_Other,SFI1_Other,exon:31604945-31605225,exon,31604945,31605225,280,3.72,563.75,4.28,648.25,1.86,9.66,555.95,2.14,17.34,633.05,0.1719,0.6784344370054247,0.9919812917418052,chi2_hap_event,0.0066,0.0066,B,major,0.0,0.9993674558533823,0.9996134439058488,False,0,False,,,,,,,,,,,,,False,,,,,,,,,
scotch_target,Bulk,ENSG00000198089,SFI1,chr22,1220,402,10,B,70.4,0.0589,0.0119,0,0,SFI1_Other,SFI1_Other,SFI1_Other,exon:31605225-31605871,exon,31605225,31605871,646,3.72,563.75,4.28,648.25,5.58,9.66,552.23,7.42,17.34,627.77,0.1906,0.66244252222933,0.9919812917418052,chi2_hap_event,0.0066,0.0066,B,major,0.0,0.9993674558533823,0.9996134439058488,False,0,False,,,,,,,,,,,,,False,,,,,,,,,
scotch_target,Bulk,ENSG00000198089,SFI1,chr22,1220,402,10,B,70.4,0.0589,0.0119,0,0,SFI1_Other,SFI1_Other,SFI1_Other,exon:31605871-31606020,exon,31605871,31606020,149,3.72,563.75,4.28,648.25,3.32,9.66,554.49,3.68,17.34,631.51,0.3203,0.5714035946521674,0.9919812917418052,chi2_hap_event,0.0066,0.0066,B,major,0.0,0.9993674558533823,0.9996134439058488,False,0,False,,,,,,,,,,,,,False,,,,,,,,,
scotch_target,Bulk,ENSG00000198089,SFI1,chr22,1220,402,10,B,70.4,0.0589,0.0119,0,0,SFI1_Other,SFI1_Other,SFI1_Other,exon:31606020-31606124,exon,31606020,31606124,104,3.72,563.75,4.28,648.25,2.85,9.66,554.96,3.15,17.34,632.04,0.2912,0.5894520297665884,0.9919812917418052,chi2_hap_event,0.0066,0.0066,B,major,0.0,0.9993674558533823,0.9996134439058488,False,0,False,,,,,,,,,,,,,False,,,,,,,,,
scotch_target,Bulk,ENSG00000198089,SFI1,chr22,1220,402,10,B,70.4,0.0589,0.0119,0,0,SFI1_Other,SFI1_Other,SFI1_Other,exon:31606124-31606327,exon,31606124,31606327,203,3.72,563.75,4.28,648.25,1.93,4.25,561.29,3.08,4.75,644.71,0.0999,0.751900845811995,0.9919812917418052,chi2_hap_event,0.0066,0.0066,B,major,0.0,0.9993674558533823,0.9996134439058488,False,0,False,,,,,,,,,,,,,False,,,,,,,,,
scotch_target,Bulk,ENSG00000198089,SFI1,chr22,1220,402,10,B,70.4,0.0589,0.0119,0,0,SFI1_Other,SFI1_Other,SFI1_Other,exon:31606327-31606430,exon,31606327,31606430,103,25.96,541.51,27.04,625.49,8.26,4.25,554.95,17.74,4.75,630.05,0.6966,0.40393969253425166,0.9919812917418052,chi2_hap_event,0.0457,0.0414,A,minor,0.136,0.7123101405146348,0.9996134439058488,False,0,False,,,,,,,,,,,,,False,,,,,,,,,
scotch_target,Bulk,ENSG00000198089,SFI1,chr22,1220,402,10,B,70.4,0.0589,0.0119,0,0,SFI1_Other,SFI1_Other,SFI1_Other,exon:31606430-31606582,exon,31606430,31606582,152,6.51,560.96,7.49,645.04,2.79,10.18,554.49,4.21,17.82,630.51,0.0304,0.8616527707328965,0.9919812917418052,chi2_hap_event,0.0115,0.0115,B,major,0.0,0.9991611438611572,0.9996134439058488,False,0,False,,,,,,,,,,,,,False,,,,,,,,,
scotch_target,Bulk,ENSG00000198089,SFI1,chr22,1220,402,10,B,70.4,0.0589,0.0119,0,0,SFI1_Other,SFI1_Other,SFI1_Other,exon:31606582-31606726,exon,31606582,31606726,144,6.51,560.96,7.49,645.04,8.37,10.18,548.91,10.62,17.82,624.09,0.2814,0.5957786592781618,0.9919812917418052,chi2_hap_event,0.0115,0.0115,B,major,0.0,0.9991611438611572,0.9996134439058488,False,0,False,,,,,,,,,,,,,False,,,,,,,,,
scotch_target,Bulk,ENSG00000198089,SFI1,chr22,1220,402,10,B,70.4,0.0589,0.0119,0,0,SFI1_Other,SFI1_Other,SFI1_Other,exon:31607936-31608033,exon,31607936,31608033,97,22.46,545.01,21.54,630.99,12.64,2.86,551.97,24.36,2.14,626.03,1.0008,0.31711303186835477,0.9919812917418052,chi2_hap_event,0.0396,0.033,A,minor,0.3753,0.5401543728426224,0.9996134439058488,False,0,False,,,,,,,,,,,,,False,,,,,,,,,
scotch_target,Bulk,ENSG00000198089,SFI1,chr22,1220,402,10,B,70.4,0.0589,0.0119,0,0,SFI1_Other,SFI1_Other,SFI1_Other,exon:31611142-31611303,exon,31611142,31611303,161,22.46,545.01,21.54,630.99,17.3,2.86,547.31,23.7,2.14,626.69,0.4055,0.5242433396121007,0.9919812917418052,chi2_hap_event,0.0396,0.033,A,minor,0.3753,0.5401543728426224,0.9996134439058488,False,0,False,,,,,,,,,,,,,False,,,,,,,,,
scotch_target,Bulk,ENSG00000198089,SFI1,chr22,1220,402,10,B,70.4,0.0589,0.0119,0,0,SFI1_Other,SFI1_Other,SFI1_Other,exon:31611769-31611801,exon,31611769,31611801,32,26.77,540.7,28.23,624.3,19.29,2.86,545.32,24.71,2.14,625.68,0.3214,0.570741236613723,0.9919812917418052,chi2_hap_event,0.0472,0.0433,A,minor,0.1086,0.7417189518482142,0.9996134439058488,False,0,False,,,,,,,,,,,,,False,,,,,,,,,
scotch_target,Bulk,ENSG00000198089,SFI1,chr22,1220,402,10,B,70.4,0.0589,0.0119,0,0,SFI1_Other,SFI1_Other,SFI1_Other,exon:31611801-31611840,exon,31611801,31611840,39,26.77,540.7,28.23,624.3,20.29,2.86,544.32,27.71,2.14,622.68,0.4082,0.5228875324236204,0.9919812917418052,chi2_hap_event,0.0472,0.0433,A,minor,0.1086,0.7417189518482142,0.9996134439058488,False,0,False,,,,,,,,,,,,,False,,,,,,,,,
scotch_target,Bulk,ENSG00000198089,SFI1,chr22,1220,402,10,B,70.4,0.0589,0.0119,0,0,SFI1_Other,SFI1_Other,SFI1_Other,exon:31611998-31612230,exon,31611998,31612230,232,4.78,562.69,7.22,645.31,20.21,6.79,540.47,31.79,4.21,616.53,1.934,0.1643211367380027,0.9919812917418052,chi2_hap_event,0.0084,0.0111,B,major,0.2158,0.6422690480985473,0.9996134439058488,True,1,True,chr22:31612204:C:T,31612204.0,C,T,A,0.9999940391390134,1.0,0.0,26.0,-,+,reduces_event,True,28.0,0.0,17.0,0.0,45.0,,0.1351564508456704,0.5579094205879291,binomial_intra_event
scotch_target,Bulk,ENSG00000198089,SFI1,chr22,1220,402,10,B,70.4,0.0589,0.0119,0,0,SFI1_Other,SFI1_Other,SFI1_Other,exon:31612230-31612399,exon,31612230,31612399,169,4.78,562.69,7.22,645.31,16.28,6.79,544.4,25.72,4.21,622.6,1.8666,0.17186949293558912,0.9919812917418052,chi2_hap_event,0.0084,0.0111,B,major,0.2158,0.6422690480985473,0.9996134439058488,True,1,True,chr22:31612204:C:T,31612204.0,C,T,A,0.9999940391390134,1.0,26.0,26.0,-,+,reduces_event,True,4.0,24.0,2.0,15.0,45.0,0.0582,0.8094006298206501,1.0,chi2_cross_event
scotch_target,Bulk,ENSG00000198089,SFI1,chr22,1220,402,10,B,70.4,0.0589,0.0119,0,0,SFI1_Other,SFI1_Other,SFI1_Other,exon:31612399-31612442,exon,31612399,31612442,43,4.78,562.69,7.22,645.31,2.46,10.25,554.76,0.54,5.75,646.24,0.368,0.5441219636283425,0.9919812917418052,chi2_hap_event,0.0084,0.0111,B,major,0.2158,0.6422690480985473,0.9996134439058488,False,0,False,,,,,,,,,,,,,False,,,,,,,,,
scotch_target,Bulk,ENSG00000198089,SFI1,chr22,1220,402,10,B,70.4,0.0589,0.0119,0,0,SFI1_Other,SFI1_Other,SFI1_Other,exon:31613141-31613216,exon,31613141,31613216,75,21.99,545.48,21.01,631.52,5.93,5.78,555.76,4.07,4.22,644.24,0.0045,0.9467992849552835,0.9919812917418052,chi2_hap_event,0.0388,0.0322,A,minor,0.3837,0.5356253996252338,0.9996134439058488,False,0,False,,,,,,,,,,,,,False,,,,,,,,,
scotch_target,Bulk,ENSG00000198089,SFI1,chr22,1220,402,10,B,70.4,0.0589,0.0119,0,0,SFI1_Other,SFI1_Other,SFI1_Other,exon:31613353-31613453,exon,31613353,31613453,100,21.99,545.48,21.01,631.52,5.93,5.78,555.76,4.07,4.22,644.24,0.0045,0.9467992849552835,0.9919812917418052,chi2_hap_event,0.0388,0.0322,A,minor,0.3837,0.5356253996252338,0.9996134439058488,False,0,False,,,,,,,,,,,,,False,,,,,,,,,
scotch_target,Bulk,ENSG00000198089,SFI1,chr22,1220,402,10,B,70.4,0.0589,0.0119,0,0,SFI1_Other,SFI1_Other,SFI1_Other,exon:31613453-31613530,exon,31613453,31613530,77,21.99,545.48,21.01,631.52,6.93,5.78,554.76,4.07,4.22,644.24,0.0584,0.8090455173398087,0.9919812917418052,chi2_hap_event,0.0388,0.0322,A,minor,0.3837,0.5356253996252338,0.9996134439058488,False,0,False,,,,,,,,,,,,,False,,,,,,,,,
scotch_target,Bulk,ENSG00000198089,SFI1,chr22,1220,402,10,B,70.4,0.0589,0.0119,0,0,SFI1_Other,SFI1_Other,SFI1_Other,exon:31613601-31613715,exon,31613601,31613715,114,21.99,545.48,21.01,631.52,6.93,5.78,554.75,5.07,4.22,643.25,0.0,0.9982391922441438,0.9982391922441438,chi2_hap_event,0.0388,0.0322,A,minor,0.3837,0.5356253996252338,0.9996134439058488,False,0,False,,,,,,,,,,,,,False,,,,,,,,,
scotch_target,Bulk,ENSG00000198089,SFI1,chr22,1220,402,10,B,70.4,0.0589,0.0119,0,0,SFI1_Other,SFI1_Other,SFI1_Other,exon:31613715-31613834,exon,31613715,31613834,119,21.99,545.48,21.01,631.52,7.94,5.78,553.75,6.06,4.22,642.25,0.003,0.956015497344647,0.9919812917418052,chi2_hap_event,0.0388,0.0322,A,minor,0.3837,0.5356253996252338,0.9996134439058488,False,0,False,,,,,,,,,,,,,False,,,,,,,,,
scotch_target,Bulk,ENSG00000198089,SFI1,chr22,1220,402,10,B,70.4,0.0589,0.0119,0,0,SFI1_Other,SFI1_Other,SFI1_Other,exon:31613834-31613855,exon,31613834,31613855,21,35.48,531.99,37.52,615.01,8.94,5.78,552.75,7.06,4.22,641.25,0.0097,0.9215494578213278,0.9919812917418052,chi2_hap_event,0.0625,0.0575,A,minor,0.1355,0.7128371198283456,0.9996134439058488,False,0,False,,,,,,,,,,,,,False,,,,,,,,,
scotch_target,Bulk,ENSG00000198089,SFI1,chr22,1220,402,10,B,70.4,0.0589,0.0119,0,0,SFI1_Other,SFI1_Other,SFI1_Other,exon:31614370-31614385,exon,31614370,31614385,15,21.05,546.42,17.95,634.58,0.93,14.26,552.28,1.07,10.74,640.72,0.0833,0.7728207514738531,0.9919812917418052,chi2_hap_event,0.0371,0.0275,A,minor,0.9038,0.3417654677044331,0.9996134439058488,False,0,False,,,,,,,,,,,,,False,,,,,,,,,
scotch_target,Bulk,ENSG00000198089,SFI1,chr22,1220,402,10,B,70.4,0.0589,0.0119,0,0,SFI1_Other,SFI1_Other,SFI1_Other,exon:31614385-31614788,exon,31614385,31614788,403,32.09,535.38,38.91,613.62,1.4,5.78,560.29,1.6,4.22,646.71,0.1198,0.7292539165103726,0.9919812917418052,chi2_hap_event,0.0565,0.0596,B,major,0.0528,0.8183215794583395,0.9996134439058488,False,0,False,,,,,,,,,,,,,False,,,,,,,,,
scotch_target,Bulk,ENSG00000198089,SFI1,chr22,1220,402,10,B,70.4,0.0589,0.0119,0,0,SFI1_Other,SFI1_Other,SFI1_Other,exon:31614788-31614860,exon,31614788,31614860,72,67.56,499.91,76.44,576.09,10.87,5.78,550.82,10.13,4.22,638.18,0.1002,0.7516210723599313,0.9919812917418052,chi2_hap_event,0.1191,0.1171,A,minor,0.0108,0.91726214757108,0.9996134439058488,False,0,False,,,,,,,,,,,,,False,,,,,,,,,
scotch_target,Bulk,ENSG00000198089,SFI1,chr22,1220,402,10,B,70.4,0.0589,0.0119,0,0,SFI1_Other,SFI1_Other,SFI1_Other,exon:31614860-31615047,exon,31614860,31615047,187,31.09,536.38,38.91,613.62,0.47,5.78,561.22,0.54,4.22,647.78,0.0476,0.827366119840169,0.9919812917418052,chi2_hap_event,0.0548,0.0596,B,major,0.132,0.716418301532501,0.9996134439058488,False,0,False,,,,,,,,,,,,,False,,,,,,,,,
scotch_target,Bulk,ENSG00000198089,SFI1,chr22,1220,402,10,B,70.4,0.0589,0.0119,0,0,SFI1_Other,SFI1_Other,SFI1_Other,exon:31615047-31615279,exon,31615047,31615279,232,66.17,501.3,74.83,577.7,15.83,5.78,545.85,19.17,4.22,629.15,0.4943,0.4819937601975074,0.9919812917418052,chi2_hap_event,0.1166,0.1147,A,minor,0.011,0.9164461195752632,0.9996134439058488,False,0,False,,,,,,,,,,,,,False,,,,,,,,,
scotch_target,Bulk,ENSG00000198089,SFI1,chr22,1220,402,10,B,70.4,0.0589,0.0119,0,0,SFI1_Other,SFI1_Other,SFI1_Other,exon:31615279-31616744,exon,31615279,31616744,1465,20.05,547.42,17.95,634.58,0.47,5.78,561.22,0.54,4.22,647.78,0.0476,0.827366119840169,0.9919812917418052,chi2_hap_event,0.0353,0.0275,A,minor,0.6178,0.4318828200947604,0.9996134439058488,False,0,False,,,,,,,,,,,,,False,,,,,,,,,
scotch_target,Bulk,ENSG00000198089,SFI1,chr22,1220,402,10,B,70.4,0.0589,0.0119,0,0,SFI1_Other,SFI1_Other,SFI1_Other,exon:31616744-31616877,exon,31616744,31616877,133,66.17,501.3,74.83,577.7,34.3,5.78,527.38,37.7,4.22,610.62,0.3648,0.5458772039779036,0.9919812917418052,chi2_hap_event,0.1166,0.1147,A,minor,0.011,0.9164461195752632,0.9996134439058488,False,0,False,,,,,,,,,,,,,False,,,,,,,,,
scotch_target,Bulk,ENSG00000198089,SFI1,chr22,1220,402,10,B,70.4,0.0589,0.0119,0,0,SFI1_Other,SFI1_Other,SFI1_Other,exon:31616999-31617078,exon,31616999,31617078,79,52.68,514.79,58.32,594.21,37.77,5.78,523.91,43.23,4.22,605.09,0.4472,0.503680984573333,0.9919812917418052,chi2_hap_event,0.0928,0.0894,A,minor,0.0442,0.8334525917576293,0.9996134439058488,False,0,False,,,,,,,,,,,,,False,,,,,,,,,
scotch_target,Bulk,ENSG00000198089,SFI1,chr22,1220,402,10,B,70.4,0.0589,0.0119,0,0,SFI1_Other,SFI1_Other,SFI1_Other,exon:31618114-31618211,exon,31618114,31618211,97,52.68,514.79,58.32,594.21,55.93,6.71,504.83,78.07,5.29,569.17,0.9068,0.34095541958120895,0.9919812917418052,chi2_hap_event,0.0928,0.0894,A,minor,0.0442,0.8334525917576293,0.9996134439058488,True,1,True,chr22:31618174:G:A,31618174.0,G,A,A,0.9999940391390134,1.0,0.0,37.0,-,+,promotes_event,True,74.0,0.0,52.0,0.0,126.0,,0.0609382526156603,0.5579094205879291,binomial_intra_event
scotch_target,Bulk,ENSG00000198089,SFI1,chr22,1220,402,10,B,70.4,0.0589,0.0119,0,0,SFI1_Other,SFI1_Other,SFI1_Other,exon:31618211-31618226,exon,31618211,31618226,15,66.17,501.3,74.83,577.7,58.72,6.71,502.04,81.28,5.29,565.96,0.8834,0.3472818254970269,0.9919812917418052,chi2_hap_event,0.1166,0.1147,A,minor,0.011,0.9164461195752632,0.9996134439058488,True,1,True,chr22:31618174:G:A,31618174.0,G,A,A,0.9999940391390134,1.0,37.0,37.0,-,+,promotes_event,True,38.0,36.0,32.0,20.0,126.0,1.2836,0.2572352175068103,0.6430880437670257,chi2_cross_event
scotch_target,Bulk,ENSG00000198089,SFI1,chr22,1220,402,10,B,70.4,0.0589,0.0119,0,0,SFI1_Other,SFI1_Other,SFI1_Other,exon:31618226-31618313,exon,31618226,31618313,87,20.05,547.42,17.95,634.58,33.69,6.71,527.06,47.31,5.29,599.94,0.8754,0.3494734842855366,0.9919812917418052,chi2_hap_event,0.0353,0.0275,A,minor,0.6178,0.4318828200947604,0.9996134439058488,False,0,False,,,,,,,,,,,,,False,,,,,,,,,
scotch_target,Bulk,ENSG00000198089,SFI1,chr22,1220,402,10,B,70.4,0.0589,0.0119,0,0,SFI1_Other,SFI1_Other,SFI1_Other,exon:31618313-31618446,exon,31618313,31618446,133,66.17,501.3,74.83,577.7,68.48,6.71,492.28,91.52,5.29,555.72,0.7836,0.37604537436473495,0.9919812917418052,chi2_hap_event,0.1166,0.1147,A,minor,0.011,0.9164461195752632,0.9996134439058488,False,0,False,,,,,,,,,,,,,False,,,,,,,,,
scotch_target,Bulk,ENSG00000198089,SFI1,chr22,1220,402,10,B,70.4,0.0589,0.0119,0,0,SFI1_Other,SFI1_Other,SFI1_Other,exon:31618446-31618490,exon,31618446,31618490,44,63.26,504.21,72.74,579.79,73.13,6.71,487.63,96.87,5.29,550.37,0.7604,0.38320862638183684,0.9919812917418052,chi2_hap_event,0.1115,0.1115,B,major,0.0,0.999265241130493,0.9996134439058488,False,0,False,,,,,,,,,,,,,False,,,,,,,,,
scotch_target,Bulk,ENSG00000198089,SFI1,chr22,1220,402,10,B,70.4,0.0589,0.0119,0,0,SFI1_Other,SFI1_Other,SFI1_Other,exon:31618490-31618510,exon,31618490,31618510,20,63.26,504.21,72.74,579.79,73.59,6.71,487.16,97.41,5.29,549.84,0.7582,0.3838840554383187,0.9919812917418052,chi2_hap_event,0.1115,0.1115,B,major,0.0,0.999265241130493,0.9996134439058488,False,0,False,,,,,,,,,,,,,False,,,,,,,,,
scotch_target,Bulk,ENSG00000198089,SFI1,chr22,1220,402,10,B,70.4,0.0589,0.0119,0,0,SFI1_Other,SFI1_Other,SFI1_Other,exon:31618514-31618547,exon,31618514,31618547,33,63.26,504.21,72.74,579.79,73.59,6.71,487.16,97.41,5.29,549.84,0.7582,0.3838840554383187,0.9919812917418052,chi2_hap_event,0.1115,0.1115,B,major,0.0,0.999265241130493,0.9996134439058488,False,0,False,,,,,,,,,,,,,False,,,,,,,,,
scotch_target,Bulk,ENSG00000198089,SFI1,chr22,1220,402,10,B,70.4,0.0589,0.0119,0,0,SFI1_Other,SFI1_Other,SFI1_Other,exon:31618551-31618558,exon,31618551,31618558,7,1.86,565.61,2.14,650.39,1.47,6.71,559.28,4.53,5.29,642.72,1.588,0.2076145267047411,0.9919812917418052,chi2_hap_event,0.0033,0.0033,B,major,0.0,0.9995534599787722,0.9996134439058488,False,0,False,,,,,,,,,,,,,False,,,,,,,,,
scotch_target,Bulk,ENSG00000198089,SFI1,chr22,1220,402,10,B,70.4,0.0589,0.0119,0,0,SFI1_Other,SFI1_Other,SFI1_Other,exon:31618558-31618588,exon,31618558,31618588,30,1.86,565.61,2.14,650.39,0.47,6.71,560.29,1.53,5.29,645.71,0.7289,0.39325323898624465,0.9919812917418052,chi2_hap_event,0.0033,0.0033,B,major,0.0,0.9995534599787722,0.9996134439058488,False,0,False,,,,,,,,,,,,,False,,,,,,,,,
scotch_target,Bulk,ENSG00000198089,SFI1,chr22,1220,402,10,B,70.4,0.0589,0.0119,0,0,SFI1_Other,SFI1_Other,SFI1_Other,junction:31496637-31508254,junction,31496637,31508254,11617,15.08,552.39,18.92,633.61,0.0,0.0,567.47,0.0,0.0,652.53,,,,insufficient_data,0.0266,0.029,B,major,0.066,0.7972399685363845,0.9996134439058488,False,0,False,,,,,,,,,,,,,False,,,,,,,,,
scotch_target,Bulk,ENSG00000198089,SFI1,chr22,1220,402,10,B,70.4,0.0589,0.0119,0,0,SFI1_Other,SFI1_Other,SFI1_Other,junction:31496637-31508258,junction,31496637,31508258,11621,5.37,562.1,1.63,650.9,0.0,0.0,567.47,0.0,0.0,652.53,,,,insufficient_data,0.0095,0.0025,A,minor,2.5908,0.10748386012356818,0.9996134439058488,False,0,False,,,,,,,,,,,,,False,,,,,,,,,
scotch_target,Bulk,ENSG00000198089,SFI1,chr22,1220,402,10,B,70.4,0.0589,0.0119,0,0,SFI1_Other,SFI1_Other,SFI1_Other,junction:31508376-31521234,junction,31508376,31521234,12858,1.86,565.61,2.14,650.39,0.0,0.0,567.47,0.0,0.0,652.53,,,,insufficient_data,0.0033,0.0033,B,major,0.0,0.9995534599787722,0.9996134439058488,False,0,False,,,,,,,,,,,,,False,,,,,,,,,
scotch_target,Bulk,ENSG00000198089,SFI1,chr22,1220,402,10,B,70.4,0.0589,0.0119,0,0,SFI1_Other,SFI1_Other,SFI1_Other,junction:31508376-31528689,junction,31508376,31528689,20313,10.78,556.69,15.22,637.31,0.0,0.93,566.54,0.0,1.07,651.46,,,,insufficient_data,0.019,0.0233,B,major,0.2734,0.6010505371494193,0.9996134439058488,False,0,False,,,,,,,,,,,,,False,,,,,,,,,
scotch_target,Bulk,ENSG00000198089,SFI1,chr22,1220,402,10,B,70.4,0.0589,0.0119,0,0,SFI1_Other,SFI1_Other,SFI1_Other,junction:31508376-31546860,junction,31508376,31546860,38484,8.28,559.19,3.72,648.81,0.0,0.47,567.0,0.0,0.54,652.0,,,,insufficient_data,0.0146,0.0057,A,minor,2.4612,0.11668602811902491,0.9996134439058488,True,3,False,chr22:31530702:C:T,31530702.0,C,T,B,5.9608609865491405e-06,1.0,0.0,16158.0,+,-,reduces_event,True,0.0,16.0,0.0,21.0,37.0,,,,chi2_cross_event
scotch_target,Bulk,ENSG00000198089,SFI1,chr22,1220,402,10,B,70.4,0.0589,0.0119,0,0,SFI1_Other,SFI1_Other,SFI1_Other,junction:31508376-31546860,junction,31508376,31546860,38484,8.28,559.19,3.72,648.81,0.0,0.47,567.0,0.0,0.54,652.0,,,,insufficient_data,0.0146,0.0057,A,minor,2.4612,0.11668602811902491,0.9996134439058488,True,3,False,chr22:31530756:A:G,31530756.0,A,G,B,5.9608609865491405e-06,1.0,0.0,16104.0,+,-,reduces_event,True,0.0,19.0,0.0,20.0,39.0,,,,chi2_cross_event
scotch_target,Bulk,ENSG00000198089,SFI1,chr22,1220,402,10,B,70.4,0.0589,0.0119,0,0,SFI1_Other,SFI1_Other,SFI1_Other,junction:31508376-31546860,junction,31508376,31546860,38484,8.28,559.19,3.72,648.81,0.0,0.47,567.0,0.0,0.54,652.0,,,,insufficient_data,0.0146,0.0057,A,minor,2.4612,0.11668602811902491,0.9996134439058488,True,3,True,chr22:31535679:G:C,31535679.0,G,C,A,0.9999940391390134,1.0,0.0,11181.0,-,+,promotes_event,True,0.0,13.0,0.0,20.0,33.0,,,,chi2_cross_event
scotch_target,Bulk,ENSG00000198089,SFI1,chr22,1220,402,10,B,70.4,0.0589,0.0119,0,0,SFI1_Other,SFI1_Other,SFI1_Other,junction:31521320-31528689,junction,31521320,31528689,7369,1.86,565.61,2.14,650.39,0.47,0.0,567.0,0.54,0.0,652.0,,,,insufficient_data,0.0033,0.0033,B,major,0.0,0.9995534599787722,0.9996134439058488,False,0,False,,,,,,,,,,,,,False,,,,,,,,,
scotch_target,Bulk,ENSG00000198089,SFI1,chr22,1220,402,10,B,70.4,0.0589,0.0119,0,0,SFI1_Other,SFI1_Other,SFI1_Other,junction:31528863-31530591,junction,31528863,31530591,1728,1.0,566.47,1.0,651.53,0.0,0.0,567.47,0.0,0.0,652.53,,,,insufficient_data,0.0018,0.0015,A,minor,0.0098,0.9211998270321733,0.9996134439058488,False,0,False,,,,,,,,,,,,,False,,,,,,,,,
scotch_target,Bulk,ENSG00000198089,SFI1,chr22,1220,402,10,B,70.4,0.0589,0.0119,0,0,SFI1_Other,SFI1_Other,SFI1_Other,junction:31528863-31531057,junction,31528863,31531057,2194,13.02,554.45,14.98,637.55,0.0,0.0,567.47,0.0,0.0,652.53,,,,insufficient_data,0.0229,0.023,B,major,0.0,0.9988067321786421,0.9996134439058488,True,2,False,chr22:31530702:C:T,31530702.0,C,T,B,5.9608609865491405e-06,1.0,0.0,355.0,+,-,promotes_event,True,0.0,16.0,0.0,21.0,37.0,,,,chi2_cross_event
scotch_target,Bulk,ENSG00000198089,SFI1,chr22,1220,402,10,B,70.4,0.0589,0.0119,0,0,SFI1_Other,SFI1_Other,SFI1_Other,junction:31528863-31531057,junction,31528863,31531057,2194,13.02,554.45,14.98,637.55,0.0,0.0,567.47,0.0,0.0,652.53,,,,insufficient_data,0.0229,0.023,B,major,0.0,0.9988067321786421,0.9996134439058488,True,2,True,chr22:31530756:A:G,31530756.0,A,G,B,5.9608609865491405e-06,1.0,0.0,301.0,+,-,promotes_event,True,0.0,19.0,0.0,20.0,39.0,,,,chi2_cross_event
scotch_target,Bulk,ENSG00000198089,SFI1,chr22,1220,402,10,B,70.4,0.0589,0.0119,0,0,SFI1_Other,SFI1_Other,SFI1_Other,junction:31528863-31546860,junction,31528863,31546860,17997,3.73,563.74,7.27,645.26,0.0,0.0,567.47,0.0,0.0,652.53,,,,insufficient_data,0.0066,0.0111,B,major,0.7058,0.4008338522668343,0.9996134439058488,True,3,True,chr22:31530702:C:T,31530702.0,C,T,B,5.9608609865491405e-06,1.0,0.0,1839.0,+,-,promotes_event,True,0.0,16.0,0.0,21.0,37.0,,,,chi2_cross_event
scotch_target,Bulk,ENSG00000198089,SFI1,chr22,1220,402,10,B,70.4,0.0589,0.0119,0,0,SFI1_Other,SFI1_Other,SFI1_Other,junction:31528863-31546860,junction,31528863,31546860,17997,3.73,563.74,7.27,645.26,0.0,0.0,567.47,0.0,0.0,652.53,,,,insufficient_data,0.0066,0.0111,B,major,0.7058,0.4008338522668343,0.9996134439058488,True,3,False,chr22:31530756:A:G,31530756.0,A,G,B,5.9608609865491405e-06,1.0,0.0,1893.0,+,-,promotes_event,True,0.0,19.0,0.0,20.0,39.0,,,,chi2_cross_event
scotch_target,Bulk,ENSG00000198089,SFI1,chr22,1220,402,10,B,70.4,0.0589,0.0119,0,0,SFI1_Other,SFI1_Other,SFI1_Other,junction:31528863-31546860,junction,31528863,31546860,17997,3.73,563.74,7.27,645.26,0.0,0.0,567.47,0.0,0.0,652.53,,,,insufficient_data,0.0066,0.0111,B,major,0.7058,0.4008338522668343,0.9996134439058488,True,3,False,chr22:31535679:G:C,31535679.0,G,C,A,0.9999940391390134,1.0,0.0,6816.0,-,+,reduces_event,True,0.0,13.0,0.0,20.0,33.0,,,,chi2_cross_event
scotch_target,Bulk,ENSG00000198089,SFI1,chr22,1220,402,10,B,70.4,0.0589,0.0119,0,0,SFI1_Other,SFI1_Other,SFI1_Other,junction:31530784-31531057,junction,31530784,31531057,273,1.0,566.47,1.0,651.53,0.0,13.52,553.95,0.0,17.48,635.05,,,,insufficient_data,0.0018,0.0015,A,minor,0.0098,0.9211998270321733,0.9996134439058488,True,1,True,chr22:31530756:A:G,31530756.0,A,G,B,5.9608609865491405e-06,1.0,28.0,28.0,+,-,reduces_event,True,1.0,18.0,1.0,19.0,39.0,0.0014,0.9702926216096409,1.0,chi2_cross_event
scotch_target,Bulk,ENSG00000198089,SFI1,chr22,1220,402,10,B,70.4,0.0589,0.0119,0,0,SFI1_Other,SFI1_Other,SFI1_Other,junction:31531129-31546860,junction,31531129,31546860,15731,8.84,558.63,10.16,642.37,0.0,0.0,567.47,0.0,0.0,652.53,,,,insufficient_data,0.0156,0.0156,B,major,0.0,0.9990207301334078,0.9996134439058488,True,1,True,chr22:31535679:G:C,31535679.0,G,C,A,0.9999940391390134,1.0,0.0,4550.0,-,+,reduces_event,True,0.0,13.0,0.0,20.0,33.0,,,,chi2_cross_event
scotch_target,Bulk,ENSG00000198089,SFI1,chr22,1220,402,10,B,70.4,0.0589,0.0119,0,0,SFI1_Other,SFI1_Other,SFI1_Other,junction:31531129-31550253,junction,31531129,31550253,19124,4.19,563.28,4.82,647.72,0.0,1.49,565.98,0.0,2.51,650.02,,,,insufficient_data,0.0074,0.0074,B,major,0.0,0.9993288086743896,0.9996134439058488,True,1,True,chr22:31535679:G:C,31535679.0,G,C,A,0.9999940391390134,1.0,0.0,4550.0,-,+,reduces_event,True,0.0,13.0,0.0,20.0,33.0,,,,chi2_cross_event
scotch_target,Bulk,ENSG00000198089,SFI1,chr22,1220,402,10,B,70.4,0.0589,0.0119,0,0,SFI1_Other,SFI1_Other,SFI1_Other,junction:31546971-31550253,junction,31546971,31550253,3282,17.94,549.53,19.06,633.47,0.47,0.0,567.0,0.54,0.0,652.0,,,,insufficient_data,0.0316,0.0292,A,minor,0.06,0.806488138921791,0.9996134439058488,False,0,False,,,,,,,,,,,,,False,,,,,,,,,
scotch_target,Bulk,ENSG00000198089,SFI1,chr22,1220,402,10,B,70.4,0.0589,0.0119,0,0,SFI1_Other,SFI1_Other,SFI1_Other,junction:31546971-31561289,junction,31546971,31561289,14318,2.9,564.56,2.1,650.44,0.0,0.0,567.47,0.0,0.0,652.53,,,,insufficient_data,0.0051,0.0032,A,minor,0.2709,0.6027316942534868,0.9996134439058488,True,2,True,chr22:31553940:G:A,31553940.0,G,A,B,5.9608609865491405e-06,1.0,0.0,6969.0,+,-,reduces_event,True,0.0,23.0,0.0,28.0,51.0,,,,chi2_cross_event
scotch_target,Bulk,ENSG00000198089,SFI1,chr22,1220,402,10,B,70.4,0.0589,0.0119,0,0,SFI1_Other,SFI1_Other,SFI1_Other,junction:31546971-31561289,junction,31546971,31561289,14318,2.9,564.56,2.1,650.44,0.0,0.0,567.47,0.0,0.0,652.53,,,,insufficient_data,0.0051,0.0032,A,minor,0.2709,0.6027316942534868,0.9996134439058488,True,2,False,chr22:31554018:C:T,31554018.0,C,T,A,0.9999940391390134,1.0,0.0,7047.0,-,+,promotes_event,True,0.0,19.0,0.0,14.0,33.0,,,,chi2_cross_event
scotch_target,Bulk,ENSG00000198089,SFI1,chr22,1220,402,10,B,70.4,0.0589,0.0119,0,0,SFI1_Other,SFI1_Other,SFI1_Other,junction:31550348-31556941,junction,31550348,31556941,6593,18.87,548.6,20.13,632.4,0.0,0.0,567.47,0.0,0.0,652.53,,,,insufficient_data,0.0333,0.0308,A,minor,0.057,0.8113332555651266,0.9996134439058488,True,2,False,chr22:31553940:G:A,31553940.0,G,A,B,5.9608609865491405e-06,1.0,0.0,3001.0,+,-,reduces_event,True,0.0,23.0,0.0,28.0,51.0,,,,chi2_cross_event
scotch_target,Bulk,ENSG00000198089,SFI1,chr22,1220,402,10,B,70.4,0.0589,0.0119,0,0,SFI1_Other,SFI1_Other,SFI1_Other,junction:31550348-31556941,junction,31550348,31556941,6593,18.87,548.6,20.13,632.4,0.0,0.0,567.47,0.0,0.0,652.53,,,,insufficient_data,0.0333,0.0308,A,minor,0.057,0.8113332555651266,0.9996134439058488,True,2,True,chr22:31554018:C:T,31554018.0,C,T,A,0.9999940391390134,1.0,0.0,2923.0,-,+,promotes_event,True,0.0,19.0,0.0,14.0,33.0,,,,chi2_cross_event
scotch_target,Bulk,ENSG00000198089,SFI1,chr22,1220,402,10,B,70.4,0.0589,0.0119,0,0,SFI1_Other,SFI1_Other,SFI1_Other,junction:31557059-31561289,junction,31557059,31561289,4230,18.87,548.6,20.13,632.4,0.0,0.0,567.47,0.0,0.0,652.53,,,,insufficient_data,0.0333,0.0308,A,minor,0.057,0.8113332555651266,0.9996134439058488,False,0,False,,,,,,,,,,,,,False,,,,,,,,,
scotch_target,Bulk,ENSG00000198089,SFI1,chr22,1220,402,10,B,70.4,0.0589,0.0119,0,0,SFI1_Other,SFI1_Other,SFI1_Other,junction:31561392-31573057,junction,31561392,31573057,11665,17.59,549.88,17.41,635.12,0.0,0.0,567.47,0.0,0.0,652.53,,,,insufficient_data,0.031,0.0267,A,minor,0.2036,0.6518601631446839,0.9996134439058488,False,0,False,,,,,,,,,,,,,False,,,,,,,,,
scotch_target,Bulk,ENSG00000198089,SFI1,chr22,1220,402,10,B,70.4,0.0589,0.0119,0,0,SFI1_Other,SFI1_Other,SFI1_Other,junction:31573214-31575230,junction,31573214,31575230,2016,22.52,544.95,20.48,632.05,0.02,0.0,567.45,0.98,0.0,651.55,,,,insufficient_data,0.0397,0.0314,A,minor,0.6158,0.4326123201289085,0.9996134439058488,False,0,False,,,,,,,,,,,,,False,,,,,,,,,
scotch_target,Bulk,ENSG00000198089,SFI1,chr22,1220,402,10,B,70.4,0.0589,0.0119,0,0,SFI1_Other,SFI1_Other,SFI1_Other,junction:31575392-31578381,junction,31575392,31578381,2989,22.52,544.95,20.48,632.05,0.0,0.0,567.47,0.0,1.0,651.53,,,,insufficient_data,0.0397,0.0314,A,minor,0.6158,0.4326123201289085,0.9996134439058488,True,1,True,chr22:31575364:C:T,31575364.0,C,T,A,0.9999940391390134,1.0,28.0,28.0,-,+,promotes_event,True,1.0,16.0,4.0,14.0,35.0,1.9063,0.16737282617637872,0.5579094205879291,chi2_cross_event
scotch_target,Bulk,ENSG00000198089,SFI1,chr22,1220,402,10,B,70.4,0.0589,0.0119,0,0,SFI1_Other,SFI1_Other,SFI1_Other,junction:31578452-31580271,junction,31578452,31580271,1819,17.86,549.61,12.14,640.39,0.0,0.98,566.49,0.0,0.02,652.51,,,,insufficient_data,0.0315,0.0186,A,minor,2.0944,0.14783497168672405,0.9996134439058488,False,0,False,,,,,,,,,,,,,False,,,,,,,,,
scotch_target,Bulk,ENSG00000198089,SFI1,chr22,1220,402,10,B,70.4,0.0589,0.0119,0,0,SFI1_Other,SFI1_Other,SFI1_Other,junction:31578452-31583874,junction,31578452,31583874,5422,6.52,560.95,10.48,642.05,0.0,0.98,566.49,0.0,0.02,652.51,,,,insufficient_data,0.0115,0.0161,B,major,0.4595,0.49783810683939345,0.9996134439058488,True,2,False,chr22:31583341:A:T,31583341.0,A,T,A,0.9999940391390134,1.0,0.0,533.0,-,+,reduces_event,True,0.0,21.0,0.0,30.0,51.0,,,,chi2_cross_event
scotch_target,Bulk,ENSG00000198089,SFI1,chr22,1220,402,10,B,70.4,0.0589,0.0119,0,0,SFI1_Other,SFI1_Other,SFI1_Other,junction:31578452-31583874,junction,31578452,31583874,5422,6.52,560.95,10.48,642.05,0.0,0.98,566.49,0.0,0.02,652.51,,,,insufficient_data,0.0115,0.0161,B,major,0.4595,0.49783810683939345,0.9996134439058488,True,2,True,chr22:31583343:A:T,31583343.0,A,T,A,0.9999940391390134,1.0,0.0,531.0,-,+,reduces_event,True,0.0,19.0,0.0,31.0,50.0,,,,chi2_cross_event
scotch_target,Bulk,ENSG00000198089,SFI1,chr22,1220,402,10,B,70.4,0.0589,0.0119,0,0,SFI1_Other,SFI1_Other,SFI1_Other,junction:31580364-31583874,junction,31580364,31583874,3510,19.72,547.75,14.28,638.25,0.0,0.0,567.47,0.0,0.0,652.53,,,,insufficient_data,0.0348,0.0219,A,minor,1.8537,0.17334822031193434,0.9996134439058488,True,2,False,chr22:31583341:A:T,31583341.0,A,T,A,0.9999940391390134,1.0,0.0,533.0,-,+,promotes_event,True,0.0,21.0,0.0,30.0,51.0,,,,chi2_cross_event
scotch_target,Bulk,ENSG00000198089,SFI1,chr22,1220,402,10,B,70.4,0.0589,0.0119,0,0,SFI1_Other,SFI1_Other,SFI1_Other,junction:31580364-31583874,junction,31580364,31583874,3510,19.72,547.75,14.28,638.25,0.0,0.0,567.47,0.0,0.0,652.53,,,,insufficient_data,0.0348,0.0219,A,minor,1.8537,0.17334822031193434,0.9996134439058488,True,2,True,chr22:31583343:A:T,31583343.0,A,T,A,0.9999940391390134,1.0,0.0,531.0,-,+,promotes_event,True,0.0,19.0,0.0,31.0,50.0,,,,chi2_cross_event
scotch_target,Bulk,ENSG00000198089,SFI1,chr22,1220,402,10,B,70.4,0.0589,0.0119,0,0,SFI1_Other,SFI1_Other,SFI1_Other,junction:31583972-31585067,junction,31583972,31585067,1095,30.36,537.11,30.64,621.89,0.06,0.0,567.41,1.94,0.0,650.59,,,,insufficient_data,0.0535,0.047,A,minor,0.274,0.6006667146387883,0.9996134439058488,False,0,False,,,,,,,,,,,,,False,,,,,,,,,
scotch_target,Bulk,ENSG00000198089,SFI1,chr22,1220,402,10,B,70.4,0.0589,0.0119,0,0,SFI1_Other,SFI1_Other,SFI1_Other,junction:31585134-31587327,junction,31585134,31587327,2193,6.51,560.96,7.49,645.04,0.0,0.47,567.0,0.0,0.54,652.0,,,,insufficient_data,0.0115,0.0115,B,major,0.0,0.9991611438611572,0.9996134439058488,False,0,False,,,,,,,,,,,,,False,,,,,,,,,
scotch_target,Bulk,ENSG00000198089,SFI1,chr22,1220,402,10,B,70.4,0.0589,0.0119,0,0,SFI1_Other,SFI1_Other,SFI1_Other,junction:31585134-31589446,junction,31585134,31589446,4312,21.99,545.48,21.01,631.52,1.0,0.0,566.47,0.0,0.0,652.53,,,,insufficient_data,0.0388,0.0322,A,minor,0.3837,0.5356253996252338,0.9996134439058488,False,0,False,,,,,,,,,,,,,False,,,,,,,,,
scotch_target,Bulk,ENSG00000198089,SFI1,chr22,1220,402,10,B,70.4,0.0589,0.0119,0,0,SFI1_Other,SFI1_Other,SFI1_Other,junction:31589577-31602211,junction,31589577,31602211,12634,21.99,545.48,21.01,631.52,0.0,0.0,567.47,0.0,0.0,652.53,,,,insufficient_data,0.0388,0.0322,A,minor,0.3837,0.5356253996252338,0.9996134439058488,False,0,False,,,,,,,,,,,,,False,,,,,,,,,
scotch_target,Bulk,ENSG00000198089,SFI1,chr22,1220,402,10,B,70.4,0.0589,0.0119,0,0,SFI1_Other,SFI1_Other,SFI1_Other,junction:31602293-31602606,junction,31602293,31602606,313,21.99,545.48,21.01,631.52,0.0,1.4,566.07,0.0,1.6,650.93,,,,insufficient_data,0.0388,0.0322,A,minor,0.3837,0.5356253996252338,0.9996134439058488,False,0,False,,,,,,,,,,,,,False,,,,,,,,,
scotch_target,Bulk,ENSG00000198089,SFI1,chr22,1220,402,10,B,70.4,0.0589,0.0119,0,0,SFI1_Other,SFI1_Other,SFI1_Other,junction:31602785-31603743,junction,31602785,31603743,958,15.27,552.2,14.73,637.8,0.0,0.47,567.0,0.0,0.54,652.0,,,,insufficient_data,0.0269,0.0226,A,minor,0.2367,0.6265680984749107,0.9996134439058488,False,0,False,,,,,,,,,,,,,False,,,,,,,,,
scotch_target,Bulk,ENSG00000198089,SFI1,chr22,1220,402,10,B,70.4,0.0589,0.0119,0,0,SFI1_Other,SFI1_Other,SFI1_Other,junction:31602785-31604308,junction,31602785,31604308,1523,3.72,563.75,4.28,648.25,0.47,0.0,567.0,2.53,0.0,650.0,,,,insufficient_data,0.0066,0.0066,B,major,0.0,0.9993674558533823,0.9996134439058488,False,0,False,,,,,,,,,,,,,False,,,,,,,,,
scotch_target,Bulk,ENSG00000198089,SFI1,chr22,1220,402,10,B,70.4,0.0589,0.0119,0,0,SFI1_Other,SFI1_Other,SFI1_Other,junction:31602785-31607936,junction,31602785,31607936,5151,3.0,564.47,2.0,650.53,0.0,0.0,567.47,0.0,1.0,651.53,,,,insufficient_data,0.0053,0.0031,A,minor,0.3714,0.5422441101302691,0.9996134439058488,False,0,False,,,,,,,,,,,,,False,,,,,,,,,
scotch_target,Bulk,ENSG00000198089,SFI1,chr22,1220,402,10,B,70.4,0.0589,0.0119,0,0,SFI1_Other,SFI1_Other,SFI1_Other,junction:31603819-31604308,junction,31603819,31604308,489,13.87,553.6,13.13,639.4,0.0,0.0,567.47,0.0,0.0,652.53,,,,insufficient_data,0.0244,0.0201,A,minor,0.2626,0.6083709511080844,0.9996134439058488,False,0,False,,,,,,,,,,,,,False,,,,,,,,,
scotch_target,Bulk,ENSG00000198089,SFI1,chr22,1220,402,10,B,70.4,0.0589,0.0119,0,0,SFI1_Other,SFI1_Other,SFI1_Other,junction:31603819-31604868,junction,31603819,31604868,1049,1.4,566.07,1.6,650.93,0.0,0.0,567.47,0.0,0.0,652.53,,,,insufficient_data,0.0025,0.0025,B,major,0.0,0.9996134439058488,0.9996134439058488,False,0,False,,,,,,,,,,,,,False,,,,,,,,,
scotch_target,Bulk,ENSG00000198089,SFI1,chr22,1220,402,10,B,70.4,0.0589,0.0119,0,0,SFI1_Other,SFI1_Other,SFI1_Other,junction:31604404-31604868,junction,31604404,31604868,464,24.1,543.37,24.9,627.63,0.0,0.47,567.0,0.0,0.54,652.0,,,,insufficient_data,0.0425,0.0382,A,minor,0.1467,0.7017059362704691,0.9996134439058488,False,0,False,,,,,,,,,,,,,False,,,,,,,,,
scotch_target,Bulk,ENSG00000198089,SFI1,chr22,1220,402,10,B,70.4,0.0589,0.0119,0,0,SFI1_Other,SFI1_Other,SFI1_Other,junction:31604945-31606327,junction,31604945,31606327,1382,22.24,545.23,22.76,629.77,0.0,0.0,567.47,0.0,0.0,652.53,,,,insufficient_data,0.0392,0.0349,A,minor,0.1593,0.6897692715768398,0.9996134439058488,False,0,False,,,,,,,,,,,,,False,,,,,,,,,
scotch_target,Bulk,ENSG00000198089,SFI1,chr22,1220,402,10,B,70.4,0.0589,0.0119,0,0,SFI1_Other,SFI1_Other,SFI1_Other,junction:31606430-31607936,junction,31606430,31607936,1506,19.45,548.02,19.55,632.98,0.0,0.0,567.47,0.0,0.0,652.53,,,,insufficient_data,0.0343,0.03,A,minor,0.1831,0.6686819441120659,0.9996134439058488,False,0,False,,,,,,,,,,,,,False,,,,,,,,,
scotch_target,Bulk,ENSG00000198089,SFI1,chr22,1220,402,10,B,70.4,0.0589,0.0119,0,0,SFI1_Other,SFI1_Other,SFI1_Other,junction:31608033-31611142,junction,31608033,31611142,3109,22.46,545.01,21.54,630.99,1.46,0.0,566.01,0.54,0.0,651.99,,,,insufficient_data,0.0396,0.033,A,minor,0.3753,0.5401543728426224,0.9996134439058488,False,0,False,,,,,,,,,,,,,False,,,,,,,,,
scotch_target,Bulk,ENSG00000198089,SFI1,chr22,1220,402,10,B,70.4,0.0589,0.0119,0,0,SFI1_Other,SFI1_Other,SFI1_Other,junction:31611303-31611765,junction,31611303,31611765,462,22.46,545.01,21.54,630.99,0.47,5.46,561.55,0.54,2.54,649.45,,,,insufficient_data,0.0396,0.033,A,minor,0.3753,0.5401543728426224,0.9996134439058488,False,0,False,,,,,,,,,,,,,False,,,,,,,,,
scotch_target,Bulk,ENSG00000198089,SFI1,chr22,1220,402,10,B,70.4,0.0589,0.0119,0,0,SFI1_Other,SFI1_Other,SFI1_Other,junction:31611840-31611998,junction,31611840,31611998,158,4.78,562.69,7.22,645.31,0.0,12.9,554.57,0.0,9.1,643.43,,,,insufficient_data,0.0084,0.0111,B,major,0.2158,0.6422690480985473,0.9996134439058488,False,0,False,,,,,,,,,,,,,False,,,,,,,,,
scotch_target,Bulk,ENSG00000198089,SFI1,chr22,1220,402,10,B,70.4,0.0589,0.0119,0,0,SFI1_Other,SFI1_Other,SFI1_Other,junction:31611840-31613141,junction,31611840,31613141,1301,21.99,545.48,21.01,631.52,0.47,0.0,567.0,0.54,0.0,652.0,,,,insufficient_data,0.0388,0.0322,A,minor,0.3837,0.5356253996252338,0.9996134439058488,True,1,True,chr22:31612204:C:T,31612204.0,C,T,A,0.9999940391390134,1.0,0.0,364.0,-,+,promotes_event,True,0.0,28.0,0.0,17.0,45.0,,,,chi2_cross_event
scotch_target,Bulk,ENSG00000198089,SFI1,chr22,1220,402,10,B,70.4,0.0589,0.0119,0,0,SFI1_Other,SFI1_Other,SFI1_Other,junction:31613216-31613353,junction,31613216,31613353,137,21.99,545.48,21.01,631.52,0.47,0.0,567.0,0.54,0.0,652.0,,,,insufficient_data,0.0388,0.0322,A,minor,0.3837,0.5356253996252338,0.9996134439058488,False,0,False,,,,,,,,,,,,,False,,,,,,,,,
scotch_target,Bulk,ENSG00000198089,SFI1,chr22,1220,402,10,B,70.4,0.0589,0.0119,0,0,SFI1_Other,SFI1_Other,SFI1_Other,junction:31613530-31613601,junction,31613530,31613601,71,21.99,545.48,21.01,631.52,0.0,0.47,567.0,0.0,0.54,652.0,,,,insufficient_data,0.0388,0.0322,A,minor,0.3837,0.5356253996252338,0.9996134439058488,False,0,False,,,,,,,,,,,,,False,,,,,,,,,
scotch_target,Bulk,ENSG00000198089,SFI1,chr22,1220,402,10,B,70.4,0.0589,0.0119,0,0,SFI1_Other,SFI1_Other,SFI1_Other,junction:31613855-31614788,junction,31613855,31614788,933,35.48,531.99,37.52,615.01,0.0,0.0,567.47,0.0,0.0,652.53,,,,insufficient_data,0.0625,0.0575,A,minor,0.1355,0.7128371198283456,0.9996134439058488,False,0,False,,,,,,,,,,,,,False,,,,,,,,,
scotch_target,Bulk,ENSG00000198089,SFI1,chr22,1220,402,10,B,70.4,0.0589,0.0119,0,0,SFI1_Other,SFI1_Other,SFI1_Other,junction:31614860-31615047,junction,31614860,31615047,187,35.08,532.39,35.92,616.61,0.0,0.47,567.0,0.0,0.54,652.0,,,,insufficient_data,0.0618,0.055,A,minor,0.2541,0.6141847588850717,0.9996134439058488,False,0,False,,,,,,,,,,,,,False,,,,,,,,,
scotch_target,Bulk,ENSG00000198089,SFI1,chr22,1220,402,10,B,70.4,0.0589,0.0119,0,0,SFI1_Other,SFI1_Other,SFI1_Other,junction:31615279-31616744,junction,31615279,31616744,1465,46.11,521.35,56.89,595.65,0.0,0.0,567.47,0.0,0.0,652.53,,,,insufficient_data,0.0813,0.0872,B,major,0.1372,0.7110465848438869,0.9996134439058488,False,0,False,,,,,,,,,,,,,False,,,,,,,,,
scotch_target,Bulk,ENSG00000198089,SFI1,chr22,1220,402,10,B,70.4,0.0589,0.0119,0,0,SFI1_Other,SFI1_Other,SFI1_Other,junction:31616877-31616999,junction,31616877,31616999,122,52.68,514.79,58.32,594.21,0.0,0.0,567.47,0.0,0.0,652.53,,,,insufficient_data,0.0928,0.0894,A,minor,0.0442,0.8334525917576293,0.9996134439058488,False,0,False,,,,,,,,,,,,,False,,,,,,,,,
scotch_target,Bulk,ENSG00000198089,SFI1,chr22,1220,402,10,B,70.4,0.0589,0.0119,0,0,SFI1_Other,SFI1_Other,SFI1_Other,junction:31616877-31618211,junction,31616877,31618211,1334,13.49,553.98,16.52,636.02,0.0,0.0,567.47,0.0,0.0,652.53,,,,insufficient_data,0.0238,0.0253,B,major,0.0302,0.8619521855582032,0.9996134439058488,True,1,True,chr22:31618174:G:A,31618174.0,G,A,A,0.9999940391390134,1.0,0.0,37.0,-,+,reduces_event,True,1.0,73.0,0.0,52.0,126.0,0.7083,0.4000006574677367,0.8000013149354734,chi2_cross_event
scotch_target,Bulk,ENSG00000198089,SFI1,chr22,1220,402,10,B,70.4,0.0589,0.0119,0,0,SFI1_Other,SFI1_Other,SFI1_Other,junction:31617078-31618114,junction,31617078,31618114,1036,52.68,514.79,58.32,594.21,0.0,3.02,564.45,0.0,6.98,645.55,,,,insufficient_data,0.0928,0.0894,A,minor,0.0442,0.8334525917576293,0.9996134439058488,False,0,False,,,,,,,,,,,,,False,,,,,,,,,
scotch_target,Bulk,ENSG00000198089,SFI1,chr22,1220,402,10,B,70.4,0.0589,0.0119,0,0,SFI1_Other,SFI1_Other,SFI1_Other,junction:31618226-31618313,junction,31618226,31618313,87,46.11,521.35,56.89,595.65,0.0,26.02,541.45,0.0,35.98,616.55,,,,insufficient_data,0.0813,0.0872,B,major,0.1372,0.7110465848438869,0.9996134439058488,False,0,False,,,,,,,,,,,,,False,,,,,,,,,
scotch_target,Bulk,ENSG00000198832,SELENOM,chr22,258,231,2,B,70.4,0.9457,0.7208,1,1,SELENOM_ENST00000400299,SELENOM_ENST00000400299,SELENOM_ENST00000400299,exon:31105113-31105128,exon,31105113,31105128,15,24.61,33.91,194.39,5.09,55.11,0.01,3.4,186.89,0.99,11.59,0.2817,0.5955897380578495,0.670062713627542,chi2_hap_event,0.4205,0.9745,B,major,108.1753,2.4602358290077747e-25,7.995766444275268e-25,False,0,False,,,,,,,,,,,,,False,,,,,,,,,
scotch_target,Bulk,ENSG00000198832,SELENOM,chr22,258,231,2,B,70.4,0.9457,0.7208,1,1,SELENOM_ENST00000400299,SELENOM_ENST00000400299,SELENOM_ENST00000400299,exon:31105207-31105286,exon,31105207,31105286,79,24.61,33.91,194.39,5.09,55.11,0.0,3.4,187.89,0.0,11.59,,,,insufficient_data,0.4205,0.9745,B,major,108.1753,2.4602358290077747e-25,7.995766444275268e-25,True,2,True,chr22:31105288:G:A,31105288.0,G,A,B,5.9608609865491405e-06,1.0,2.0,2.0,+,+,promotes_event,True,21.0,33.0,172.0,2.0,228.0,114.025,1.2867436666594791e-26,1.2867436666594791e-26,chi2_cross_event
scotch_target,Bulk,ENSG00000198832,SELENOM,chr22,258,231,2,B,70.4,0.9457,0.7208,1,1,SELENOM_ENST00000400299,SELENOM_ENST00000400299,SELENOM_ENST00000400299,exon:31105207-31105286,exon,31105207,31105286,79,24.61,33.91,194.39,5.09,55.11,0.0,3.4,187.89,0.0,11.59,,,,insufficient_data,0.4205,0.9745,B,major,108.1753,2.4602358290077747e-25,7.995766444275268e-25,True,2,False,chr22:31105292:G:A,31105292.0,G,A,B,5.9608609865491405e-06,1.0,6.0,6.0,+,+,promotes_event,True,4.0,33.0,173.0,2.0,212.0,171.7738,3.032269950585378e-39,6.064539901170756e-39,chi2_cross_event
scotch_target,Bulk,ENSG00000198832,SELENOM,chr22,258,231,2,B,70.4,0.9457,0.7208,1,1,SELENOM_ENST00000400299,SELENOM_ENST00000400299,SELENOM_ENST00000400299,exon:31105657-31105692,exon,31105657,31105692,35,24.61,33.91,194.39,5.09,18.68,31.07,8.77,2.32,180.93,16.23,62.7955,2.2932490424881017e-15,2.0639241382392917e-14,chi2_hap_event,0.4205,0.9745,B,major,108.1753,2.4602358290077747e-25,7.995766444275268e-25,False,0,False,,,,,,,,,,,,,False,,,,,,,,,
scotch_target,Bulk,ENSG00000198832,SELENOM,chr22,258,231,2,B,70.4,0.9457,0.7208,1,1,SELENOM_ENST00000400299,SELENOM_ENST00000400299,SELENOM_ENST00000400299,exon:31105929-31105950,exon,31105929,31105950,21,24.61,33.91,194.39,5.09,44.53,4.23,9.77,182.47,0.77,16.23,12.4168,0.00042549467020023255,0.0019147260159010466,chi2_hap_event,0.4205,0.9745,B,major,108.1753,2.4602358290077747e-25,7.995766444275268e-25,False,0,False,,,,,,,,,,,,,False,,,,,,,,,
scotch_target,Bulk,ENSG00000198832,SELENOM,chr22,258,231,2,B,70.4,0.9457,0.7208,1,1,SELENOM_ENST00000400299,SELENOM_ENST00000400299,SELENOM_ENST00000400299,exon:31105953-31105965,exon,31105953,31105965,12,24.61,33.91,194.39,5.09,44.53,4.23,9.77,179.47,1.77,18.23,8.9413,0.002787934258343817,0.008363802775031452,chi2_hap_event,0.4205,0.9745,B,major,108.1753,2.4602358290077747e-25,7.995766444275268e-25,False,0,False,,,,,,,,,,,,,False,,,,,,,,,
scotch_target,Bulk,ENSG00000198832,SELENOM,chr22,258,231,2,B,70.4,0.9457,0.7208,1,1,SELENOM_ENST00000400299,SELENOM_ENST00000400299,SELENOM_ENST00000400299,exon:31107376-31107466,exon,31107376,31107466,90,24.61,33.91,194.39,5.09,48.98,0.0,9.54,180.02,0.0,19.46,,,,insufficient_data,0.4205,0.9745,B,major,108.1753,2.4602358290077747e-25,7.995766444275268e-25,False,0,False,,,,,,,,,,,,,False,,,,,,,,,
scotch_target,Bulk,ENSG00000198832,SELENOM,chr22,258,231,2,B,70.4,0.9457,0.7208,1,1,SELENOM_ENST00000400299,SELENOM_ENST00000400299,SELENOM_ENST00000400299,junction:31105286-31105657,junction,31105286,31105657,371,24.61,33.91,194.39,5.09,0.0,14.0,44.52,0.0,0.0,199.48,,,,insufficient_data,0.4205,0.9745,B,major,108.1753,2.4602358290077747e-25,7.995766444275268e-25,True,2,True,chr22:31105288:G:A,31105288.0,G,A,B,5.9608609865491405e-06,1.0,0.0,2.0,+,+,promotes_event,True,21.0,33.0,172.0,2.0,228.0,114.025,1.2867436666594791e-26,1.2867436666594791e-26,chi2_cross_event
scotch_target,Bulk,ENSG00000198832,SELENOM,chr22,258,231,2,B,70.4,0.9457,0.7208,1,1,SELENOM_ENST00000400299,SELENOM_ENST00000400299,SELENOM_ENST00000400299,junction:31105286-31105657,junction,31105286,31105657,371,24.61,33.91,194.39,5.09,0.0,14.0,44.52,0.0,0.0,199.48,,,,insufficient_data,0.4205,0.9745,B,major,108.1753,2.4602358290077747e-25,7.995766444275268e-25,True,2,False,chr22:31105292:G:A,31105292.0,G,A,B,5.9608609865491405e-06,1.0,0.0,6.0,+,+,promotes_event,True,4.0,33.0,173.0,2.0,212.0,171.7738,3.032269950585378e-39,6.064539901170756e-39,chi2_cross_event
scotch_target,Bulk,ENSG00000198832,SELENOM,chr22,258,231,2,B,70.4,0.9457,0.7208,1,1,SELENOM_ENST00000400299,SELENOM_ENST00000400299,SELENOM_ENST00000400299,junction:31105692-31105929,junction,31105692,31105929,237,24.61,33.91,194.39,5.09,0.0,7.45,51.06,0.0,1.55,197.93,,,,insufficient_data,0.4205,0.9745,B,major,108.1753,2.4602358290077747e-25,7.995766444275268e-25,False,0,False,,,,,,,,,,,,,False,,,,,,,,,
scotch_target,Bulk,ENSG00000198832,SELENOM,chr22,258,231,2,B,70.4,0.9457,0.7208,1,1,SELENOM_ENST00000400299,SELENOM_ENST00000400299,SELENOM_ENST00000400299,junction:31105965-31107376,junction,31105965,31107376,1411,24.38,34.13,193.62,5.87,34.4,0.0,24.11,148.6,0.0,50.89,,,,insufficient_data,0.4167,0.9706,B,major,105.9563,7.537830046375211e-25,2.1775953467306165e-24,False,0,False,,,,,,,,,,,,,False,,,,,,,,,
scotch_target,Bulk,ENSG00000198832,SELENOM,chr22,258,231,2,B,70.4,0.9457,0.7208,1,1,SELENOM_ENST00000400299,SELENOM_ENST00000400299,SELENOM_ENST00000400299,exon:31105000-31105012,exon,31105000,31105012,12,24.61,33.91,193.39,6.09,56.92,0.01,1.59,193.08,0.99,5.41,0.2817,0.595607126303132,0.670062713627542,chi2_hap_event,0.4205,0.9695,B,major,104.0874,1.935858418036268e-24,3.355487924596199e-24,False,0,False,,,,,,,,,,,,,False,,,,,,,,,
scotch_target,Bulk,ENSG00000198832,SELENOM,chr22,258,231,2,B,70.4,0.9457,0.7208,1,1,SELENOM_ENST00000400299,SELENOM_ENST00000400299,SELENOM_ENST00000400299,exon:31105012-31105024,exon,31105012,31105024,12,24.61,33.91,193.39,6.09,56.7,0.01,1.82,192.3,0.99,6.18,0.2817,0.5956050138254696,0.670062713627542,chi2_hap_event,0.4205,0.9695,B,major,104.0874,1.935858418036268e-24,3.355487924596199e-24,False,0,False,,,,,,,,,,,,,False,,,,,,,,,
scotch_target,Bulk,ENSG00000198832,SELENOM,chr22,258,231,2,B,70.4,0.9457,0.7208,1,1,SELENOM_ENST00000400299,SELENOM_ENST00000400299,SELENOM_ENST00000400299,exon:31105024-31105113,exon,31105024,31105113,89,24.61,33.91,193.39,6.09,56.02,0.01,2.5,189.98,0.99,8.5,0.2817,0.5955985734306087,0.670062713627542,chi2_hap_event,0.4205,0.9695,B,major,104.0874,1.935858418036268e-24,3.355487924596199e-24,False,0,False,,,,,,,,,,,,,False,,,,,,,,,
scotch_target,Bulk,ENSG00000198832,SELENOM,chr22,258,231,2,B,70.4,0.9457,0.7208,1,1,SELENOM_ENST00000400299,SELENOM_ENST00000400299,SELENOM_ENST00000400299,exon:31107466-31107528,exon,31107466,31107528,62,24.61,33.91,193.39,6.09,48.98,0.0,9.54,178.02,0.0,21.46,,,,insufficient_data,0.4205,0.9695,B,major,104.0874,1.935858418036268e-24,3.355487924596199e-24,False,0,False,,,,,,,,,,,,,False,,,,,,,,,
scotch_target,Bulk,ENSG00000198832,SELENOM,chr22,258,231,2,B,70.4,0.9457,0.7208,1,1,SELENOM_ENST00000400299,SELENOM_ENST00000400299,SELENOM_ENST00000400299,exon:31107528-31107533,exon,31107528,31107533,5,24.61,33.91,193.39,6.09,42.99,0.0,15.53,166.01,0.0,33.47,,,,insufficient_data,0.4205,0.9695,B,major,104.0874,1.935858418036268e-24,3.355487924596199e-24,False,0,False,,,,,,,,,,,,,False,,,,,,,,,
scotch_target,Bulk,ENSG00000198832,SELENOM,chr22,258,231,2,B,70.4,0.9457,0.7208,1,1,SELENOM_ENST00000400299,SELENOM_ENST00000400299,SELENOM_ENST00000400299,junction:31105128-31105207,junction,31105128,31105207,79,24.61,33.91,193.39,6.09,0.99,6.23,51.3,1.01,6.77,191.7,0.0023,0.9620095637138588,0.9620095637138588,chi2_hap_event,0.4205,0.9695,B,major,104.0874,1.935858418036268e-24,3.355487924596199e-24,False,0,False,,,,,,,,,,,,,False,,,,,,,,,
scotch_target,Bulk,ENSG00000198832,SELENOM,chr22,258,231,2,B,70.4,0.9457,0.7208,1,1,SELENOM_ENST00000400299,SELENOM_ENST00000400299,SELENOM_ENST00000400299,exon:31104778-31104925,exon,31104778,31104925,147,24.38,34.14,192.62,6.86,57.83,0.0,0.69,196.17,0.0,3.31,,,,insufficient_data,0.4166,0.9656,B,major,102.0182,5.501473706234941e-24,8.414018609535792e-24,False,0,False,,,,,,,,,,,,,False,,,,,,,,,
scotch_target,Bulk,ENSG00000198832,SELENOM,chr22,258,231,2,B,70.4,0.9457,0.7208,1,1,SELENOM_ENST00000400299,SELENOM_ENST00000400299,SELENOM_ENST00000400299,exon:31104925-31105000,exon,31104925,31105000,75,24.38,34.14,192.62,6.86,57.38,0.01,1.14,194.62,0.99,3.87,0.2817,0.5956113010022596,0.670062713627542,chi2_hap_event,0.4166,0.9656,B,major,102.0182,5.501473706234941e-24,8.414018609535792e-24,False,0,False,,,,,,,,,,,,,False,,,,,,,,,
scotch_target,Bulk,ENSG00000198832,SELENOM,chr22,258,231,2,B,70.4,0.9457,0.7208,1,1,SELENOM_ENST00000400299,SELENOM_ENST00000400299,SELENOM_ENST00000400299,exon:31107533-31107541,exon,31107533,31107541,8,19.86,38.66,174.14,25.34,42.99,0.0,15.53,165.01,0.0,34.47,,,,insufficient_data,0.3394,0.873,B,major,69.0487,9.606258089890393e-17,1.3145405807218434e-16,False,0,False,,,,,,,,,,,,,False,,,,,,,,,
scotch_target,Bulk,ENSG00000198832,SELENOM,chr22,258,231,2,B,70.4,0.9457,0.7208,1,1,SELENOM_ENST00000400299,SELENOM_ENST00000400299,SELENOM_ENST00000400299,exon:31107541-31107553,exon,31107541,31107553,12,19.86,38.66,174.14,25.34,38.23,0.0,20.29,159.77,0.0,39.72,,,,insufficient_data,0.3394,0.873,B,major,69.0487,9.606258089890393e-17,1.3145405807218434e-16,False,0,False,,,,,,,,,,,,,False,,,,,,,,,
scotch_target,Bulk,ENSG00000198832,SELENOM,chr22,258,231,2,B,70.4,0.9457,0.7208,1,1,SELENOM_ENST00000400299,SELENOM_ENST00000400299,SELENOM_ENST00000400299,exon:31107556-31107568,exon,31107556,31107568,12,19.63,38.88,173.36,26.12,36.01,0.0,22.51,150.99,0.0,48.49,,,,insufficient_data,0.3355,0.8691,B,major,68.3397,1.3762139420337224e-16,1.789078124643839e-16,False,0,False,,,,,,,,,,,,,False,,,,,,,,,
scotch_target,Bulk,ENSG00000198832,SELENOM,chr22,258,231,2,B,70.4,0.9457,0.7208,1,1,SELENOM_ENST00000400299,SELENOM_ENST00000400299,SELENOM_ENST00000400299,exon:31104771-31104776,exon,31104771,31104776,5,4.74,53.77,19.26,180.23,0.99,0.0,57.52,17.01,0.0,182.48,,,,insufficient_data,0.081,0.0965,B,major,0.1278,0.7206981368924317,0.7308909895802993,False,0,False,,,,,,,,,,,,,False,,,,,,,,,
scotch_target,Bulk,ENSG00000198832,SELENOM,chr22,258,231,2,B,70.4,0.9457,0.7208,1,1,SELENOM_ENST00000400299,SELENOM_ENST00000400299,SELENOM_ENST00000400299,exon:31107683-31107886,exon,31107683,31107886,203,4.74,53.77,19.26,180.23,0.0,0.0,58.52,0.0,0.0,199.48,,,,insufficient_data,0.081,0.0965,B,major,0.1278,0.7206981368924317,0.7308909895802993,False,0,False,,,,,,,,,,,,,False,,,,,,,,,
scotch_target,Bulk,ENSG00000198832,SELENOM,chr22,258,231,2,B,70.4,0.9457,0.7208,1,1,SELENOM_ENST00000400299,SELENOM_ENST00000400299,SELENOM_ENST00000400299,exon:31119882-31120069,exon,31119882,31120069,187,4.74,53.77,19.26,180.23,0.0,0.0,58.52,0.0,0.0,199.48,,,,insufficient_data,0.081,0.0965,B,major,0.1278,0.7206981368924317,0.7308909895802993,False,0,False,,,,,,,,,,,,,False,,,,,,,,,
scotch_target,Bulk,ENSG00000198832,SELENOM,chr22,258,231,2,B,70.4,0.9457,0.7208,1,1,SELENOM_ENST00000400299,SELENOM_ENST00000400299,SELENOM_ENST00000400299,junction:31105950-31105953,junction,31105950,31105953,3,1.45,57.07,3.55,195.94,0.0,0.0,58.52,0.0,1.0,198.48,,,,insufficient_data,0.0248,0.0178,A,minor,0.1183,0.7308909895802993,0.7308909895802993,False,0,False,,,,,,,,,,,,,False,,,,,,,,,
scotch_target,Bulk,ENSG00000198832,SELENOM,chr22,258,231,2,B,70.4,0.9457,0.7208,1,1,SELENOM_ENST00000400299,SELENOM_ENST00000400299,SELENOM_ENST00000400299,junction:31107533-31107683,junction,31107533,31107683,150,4.74,53.77,19.26,180.23,0.0,0.0,58.52,0.0,0.0,199.48,,,,insufficient_data,0.081,0.0965,B,major,0.1278,0.7206981368924317,0.7308909895802993,False,0,False,,,,,,,,,,,,,False,,,,,,,,,
scotch_target,Bulk,ENSG00000198832,SELENOM,chr22,258,231,2,B,70.4,0.9457,0.7208,1,1,SELENOM_ENST00000400299,SELENOM_ENST00000400299,SELENOM_ENST00000400299,junction:31107886-31119882,junction,31107886,31119882,11996,4.74,53.77,19.26,180.23,0.0,0.0,58.52,0.0,0.0,199.48,,,,insufficient_data,0.081,0.0965,B,major,0.1278,0.7206981368924317,0.7308909895802993,False,0,False,,,,,,,,,,,,,False,,,,,,,,,
scotch_target,Bulk,ENSG00000239713,APOBEC3G,chr22,590,348,3,A,70.4,0.6363,0.205,0,1,APOBEC3G_ENST00000407997,APOBEC3G_ENST00000407997,APOBEC3G_ENST00000407997,exon:39077274-39077378,exon,39077274,39077378,104,247.2,182.27,70.8,89.73,266.4,3.64,159.43,99.6,1.36,59.57,0.0,0.9994995700982664,0.9994995700982664,chi2_hap_event,0.5756,0.441,A,major,8.513,0.003526210035995937,0.04278925181120348,True,3,True,chr22:39077378:G:A,39077378.0,G,A,A,0.9999940391390134,1.0,0.0,0.0,+,+,promotes_event,True,97.0,0.0,244.0,0.0,341.0,,9.444722114694307e-16,8.500249903224877e-15,binomial_intra_event
scotch_target,Bulk,ENSG00000239713,APOBEC3G,chr22,590,348,3,A,70.4,0.6363,0.205,0,1,APOBEC3G_ENST00000407997,APOBEC3G_ENST00000407997,APOBEC3G_ENST00000407997,exon:39077274-39077378,exon,39077274,39077378,104,247.2,182.27,70.8,89.73,266.4,3.64,159.43,99.6,1.36,59.57,0.0,0.9994995700982664,0.9994995700982664,chi2_hap_event,0.5756,0.441,A,major,8.513,0.003526210035995937,0.04278925181120348,True,3,False,chr22:39077379:T:A,39077379.0,T,A,A,0.9999940391390134,1.0,1.0,1.0,+,+,promotes_event,True,28.0,57.0,144.0,106.0,335.0,15.4395,8.519026478748957e-05,0.00025557079436246876,chi2_cross_event
scotch_target,Bulk,ENSG00000239713,APOBEC3G,chr22,590,348,3,A,70.4,0.6363,0.205,0,1,APOBEC3G_ENST00000407997,APOBEC3G_ENST00000407997,APOBEC3G_ENST00000407997,exon:39077274-39077378,exon,39077274,39077378,104,247.2,182.27,70.8,89.73,266.4,3.64,159.43,99.6,1.36,59.57,0.0,0.9994995700982664,0.9994995700982664,chi2_hap_event,0.5756,0.441,A,major,8.513,0.003526210035995937,0.04278925181120348,True,3,False,chr22:39077383:G:C,39077383.0,G,C,A,0.9999940391390134,1.0,5.0,5.0,+,+,promotes_event,True,31.0,57.0,141.0,105.0,334.0,12.6621,0.00037315082798121917,0.0006716714903661945,chi2_cross_event
scotch_target,Bulk,ENSG00000239713,APOBEC3G,chr22,590,348,3,A,70.4,0.6363,0.205,0,1,APOBEC3G_ENST00000407997,APOBEC3G_ENST00000407997,APOBEC3G_ENST00000407997,exon:39078931-39079085,exon,39078931,39079085,154,249.93,179.55,72.07,88.45,264.47,14.16,150.84,7.53,81.84,71.16,262.5273,4.826493760452972e-59,1.2548883777177727e-57,chi2_hap_event,0.5819,0.449,A,major,8.3345,0.0038899319828366798,0.04278925181120348,False,0,False,,,,,,,,,,,,,False,,,,,,,,,
scotch_target,Bulk,ENSG00000239713,APOBEC3G,chr22,590,348,3,A,70.4,0.6363,0.205,0,1,APOBEC3G_ENST00000407997,APOBEC3G_ENST00000407997,APOBEC3G_ENST00000407997,junction:39077378-39078931,junction,39077378,39078931,1553,246.47,183.0,70.53,90.0,0.73,0.0,428.75,0.27,0.0,160.25,,,,insufficient_data,0.5739,0.4394,A,major,8.5085,0.0035349622751935207,0.04278925181120348,True,3,True,chr22:39077378:G:A,39077378.0,G,A,A,0.9999940391390134,1.0,0.0,0.0,+,+,promotes_event,True,36.0,61.0,139.0,105.0,341.0,10.9511,0.0009354828274387381,0.0014032242411581074,chi2_cross_event
scotch_target,Bulk,ENSG00000239713,APOBEC3G,chr22,590,348,3,A,70.4,0.6363,0.205,0,1,APOBEC3G_ENST00000407997,APOBEC3G_ENST00000407997,APOBEC3G_ENST00000407997,junction:39077378-39078931,junction,39077378,39078931,1553,246.47,183.0,70.53,90.0,0.73,0.0,428.75,0.27,0.0,160.25,,,,insufficient_data,0.5739,0.4394,A,major,8.5085,0.0035349622751935207,0.04278925181120348,True,3,False,chr22:39077379:T:A,39077379.0,T,A,A,0.9999940391390134,1.0,0.0,1.0,+,+,promotes_event,True,28.0,57.0,144.0,106.0,335.0,15.4395,8.519026478748957e-05,0.00025557079436246876,chi2_cross_event
scotch_target,Bulk,ENSG00000239713,APOBEC3G,chr22,590,348,3,A,70.4,0.6363,0.205,0,1,APOBEC3G_ENST00000407997,APOBEC3G_ENST00000407997,APOBEC3G_ENST00000407997,junction:39077378-39078931,junction,39077378,39078931,1553,246.47,183.0,70.53,90.0,0.73,0.0,428.75,0.27,0.0,160.25,,,,insufficient_data,0.5739,0.4394,A,major,8.5085,0.0035349622751935207,0.04278925181120348,True,3,False,chr22:39077383:G:C,39077383.0,G,C,A,0.9999940391390134,1.0,0.0,5.0,+,+,promotes_event,True,31.0,57.0,141.0,105.0,334.0,12.6621,0.00037315082798121917,0.0006716714903661945,chi2_cross_event
scotch_target,Bulk,ENSG00000239713,APOBEC3G,chr22,590,348,3,A,70.4,0.6363,0.205,0,1,APOBEC3G_ENST00000407997,APOBEC3G_ENST00000407997,APOBEC3G_ENST00000407997,exon:39077066-39077078,exon,39077066,39077078,12,20.36,409.11,1.64,158.89,44.58,3.64,381.26,14.42,1.36,144.74,0.0188,0.8909533923005881,0.9994995700982664,chi2_hap_event,0.0474,0.0102,A,major,4.5126,0.033646623110218946,0.06821971384926423,False,0,False,,,,,,,,,,,,,False,,,,,,,,,
scotch_target,Bulk,ENSG00000239713,APOBEC3G,chr22,590,348,3,A,70.4,0.6363,0.205,0,1,APOBEC3G_ENST00000407997,APOBEC3G_ENST00000407997,APOBEC3G_ENST00000407997,exon:39077078-39077083,exon,39077078,39077083,5,21.09,408.38,1.91,158.62,52.3,3.64,373.53,21.7,1.36,137.47,0.0102,0.9196540294591767,0.9994995700982664,chi2_hap_event,0.0491,0.0119,A,major,4.3241,0.037575393264737744,0.06821971384926423,False,0,False,,,,,,,,,,,,,False,,,,,,,,,
scotch_target,Bulk,ENSG00000239713,APOBEC3G,chr22,590,348,3,A,70.4,0.6363,0.205,0,1,APOBEC3G_ENST00000407997,APOBEC3G_ENST00000407997,APOBEC3G_ENST00000407997,exon:39077168-39077274,exon,39077168,39077274,106,21.09,408.38,1.91,158.62,103.14,3.64,322.7,31.86,1.36,127.31,0.0345,0.8526237298117959,0.9994995700982664,chi2_hap_event,0.0491,0.0119,A,major,4.3241,0.037575393264737744,0.06821971384926423,False,0,False,,,,,,,,,,,,,False,,,,,,,,,
scotch_target,Bulk,ENSG00000239713,APOBEC3G,chr22,590,348,3,A,70.4,0.6363,0.205,0,1,APOBEC3G_ENST00000407997,APOBEC3G_ENST00000407997,APOBEC3G_ENST00000407997,exon:39079085-39079661,exon,39079085,39079661,576,20.36,409.11,1.64,158.89,41.19,223.94,164.35,4.81,85.06,70.65,6.1698,0.012994576933364763,0.11261966675582794,chi2_hap_event,0.0474,0.0102,A,major,4.5126,0.033646623110218946,0.06821971384926423,False,0,False,,,,,,,,,,,,,False,,,,,,,,,
scotch_target,Bulk,ENSG00000239713,APOBEC3G,chr22,590,348,3,A,70.4,0.6363,0.205,0,1,APOBEC3G_ENST00000407997,APOBEC3G_ENST00000407997,APOBEC3G_ENST00000407997,exon:39080932-39081194,exon,39080932,39081194,262,251.4,178.07,78.6,81.93,252.0,16.11,161.37,85.0,9.89,65.63,2.0572,0.15149084976162663,0.7567571418179333,chi2_hap_event,0.5854,0.4896,A,major,4.3474,0.03706636121224624,0.06821971384926423,False,0,False,,,,,,,,,,,,,False,,,,,,,,,
scotch_target,Bulk,ENSG00000239713,APOBEC3G,chr22,590,348,3,A,70.4,0.6363,0.205,0,1,APOBEC3G_ENST00000407997,APOBEC3G_ENST00000407997,APOBEC3G_ENST00000407997,exon:39081194-39081227,exon,39081194,39081227,33,250.4,179.07,78.6,81.93,248.27,18.84,162.37,84.73,10.17,65.63,1.2733,0.25915625619151356,0.8789712037778212,chi2_hap_event,0.583,0.4896,A,major,4.1352,0.04200028096110642,0.06821971384926423,False,0,False,,,,,,,,,,,,,False,,,,,,,,,
scotch_target,Bulk,ENSG00000239713,APOBEC3G,chr22,590,348,3,A,70.4,0.6363,0.205,0,1,APOBEC3G_ENST00000407997,APOBEC3G_ENST00000407997,APOBEC3G_ENST00000407997,exon:39081470-39081585,exon,39081470,39081585,115,250.4,179.07,78.6,81.93,249.64,19.11,160.73,86.36,9.89,64.27,0.9728,0.3239716426595248,0.8789712037778212,chi2_hap_event,0.583,0.4896,A,major,4.1352,0.04200028096110642,0.06821971384926423,False,0,False,,,,,,,,,,,,,False,,,,,,,,,
scotch_target,Bulk,ENSG00000239713,APOBEC3G,chr22,590,348,3,A,70.4,0.6363,0.205,0,1,APOBEC3G_ENST00000407997,APOBEC3G_ENST00000407997,APOBEC3G_ENST00000407997,exon:39083730-39083884,exon,39083730,39083884,154,228.56,200.91,70.44,90.09,254.69,15.73,159.05,88.31,8.27,63.95,0.8749,0.34960409174617746,0.8789712037778212,chi2_hap_event,0.5322,0.4388,A,major,4.0793,0.04341254517680451,0.06821971384926423,False,0,False,,,,,,,,,,,,,False,,,,,,,,,
scotch_target,Bulk,ENSG00000239713,APOBEC3G,chr22,590,348,3,A,70.4,0.6363,0.205,0,1,APOBEC3G_ENST00000407997,APOBEC3G_ENST00000407997,APOBEC3G_ENST00000407997,exon:39086278-39086461,exon,39086278,39086461,183,226.11,203.37,68.89,91.63,266.07,9.37,154.04,97.93,1.63,60.96,0.7974,0.37187243236753975,0.8789712037778212,chi2_hap_event,0.5265,0.4292,A,major,4.4262,0.035392058629425224,0.06821971384926423,False,0,False,,,,,,,,,,,,,False,,,,,,,,,
scotch_target,Bulk,ENSG00000239713,APOBEC3G,chr22,590,348,3,A,70.4,0.6363,0.205,0,1,APOBEC3G_ENST00000407997,APOBEC3G_ENST00000407997,APOBEC3G_ENST00000407997,exon:39086461-39086567,exon,39086461,39086567,106,226.11,203.37,68.89,91.63,264.16,11.55,153.76,93.84,2.45,64.24,0.5347,0.464635356815569,0.9994995700982664,chi2_hap_event,0.5265,0.4292,A,major,4.4262,0.035392058629425224,0.06821971384926423,False,0,False,,,,,,,,,,,,,False,,,,,,,,,
scotch_target,Bulk,ENSG00000239713,APOBEC3G,chr22,590,348,3,A,70.4,0.6363,0.205,0,1,APOBEC3G_ENST00000407997,APOBEC3G_ENST00000407997,APOBEC3G_ENST00000407997,exon:39087010-39087126,exon,39087010,39087126,116,226.11,203.37,68.89,91.63,283.27,10.37,135.84,100.73,1.63,58.16,0.9688,0.32498163750761405,0.8789712037778212,chi2_hap_event,0.5265,0.4292,A,major,4.4262,0.035392058629425224,0.06821971384926423,False,0,False,,,,,,,,,,,,,False,,,,,,,,,
scotch_target,Bulk,ENSG00000239713,APOBEC3G,chr22,590,348,3,A,70.4,0.6363,0.205,0,1,APOBEC3G_ENST00000407997,APOBEC3G_ENST00000407997,APOBEC3G_ENST00000407997,exon:39087406-39087743,exon,39087406,39087743,337,226.11,203.37,68.89,91.63,328.31,2.46,98.71,115.69,0.54,44.29,0.0972,0.7551792557791694,0.9994995700982664,chi2_hap_event,0.5265,0.4292,A,major,4.4262,0.035392058629425224,0.06821971384926423,False,0,False,,,,,,,,,,,,,False,,,,,,,,,
scotch_target,Bulk,ENSG00000239713,APOBEC3G,chr22,590,348,3,A,70.4,0.6363,0.205,0,1,APOBEC3G_ENST00000407997,APOBEC3G_ENST00000407997,APOBEC3G_ENST00000407997,junction:39079085-39080932,junction,39079085,39080932,1847,229.56,199.91,70.44,90.09,1.0,2.0,426.47,0.0,0.0,160.53,,,,insufficient_data,0.5345,0.4388,A,major,4.2856,0.038436417992341466,0.06821971384926423,False,0,False,,,,,,,,,,,,,False,,,,,,,,,
scotch_target,Bulk,ENSG00000239713,APOBEC3G,chr22,590,348,3,A,70.4,0.6363,0.205,0,1,APOBEC3G_ENST00000407997,APOBEC3G_ENST00000407997,APOBEC3G_ENST00000407997,junction:39081227-39081470,junction,39081227,39081470,243,250.4,179.07,78.6,81.93,0.0,0.0,429.47,0.0,0.0,160.53,,,,insufficient_data,0.583,0.4896,A,major,4.1352,0.04200028096110642,0.06821971384926423,False,0,False,,,,,,,,,,,,,False,,,,,,,,,
scotch_target,Bulk,ENSG00000239713,APOBEC3G,chr22,590,348,3,A,70.4,0.6363,0.205,0,1,APOBEC3G_ENST00000407997,APOBEC3G_ENST00000407997,APOBEC3G_ENST00000407997,junction:39081585-39083730,junction,39081585,39083730,2145,228.56,200.91,70.44,90.09,0.0,0.0,429.47,0.0,0.0,160.53,,,,insufficient_data,0.5322,0.4388,A,major,4.0793,0.04341254517680451,0.06821971384926423,False,0,False,,,,,,,,,,,,,False,,,,,,,,,
scotch_target,Bulk,ENSG00000239713,APOBEC3G,chr22,590,348,3,A,70.4,0.6363,0.205,0,1,APOBEC3G_ENST00000407997,APOBEC3G_ENST00000407997,APOBEC3G_ENST00000407997,junction:39083884-39086278,junction,39083884,39086278,2394,226.11,203.37,68.89,91.63,1.73,0.0,427.75,0.27,0.0,160.25,,,,insufficient_data,0.5265,0.4292,A,major,4.4262,0.035392058629425224,0.06821971384926423,False,0,False,,,,,,,,,,,,,False,,,,,,,,,
scotch_target,Bulk,ENSG00000239713,APOBEC3G,chr22,590,348,3,A,70.4,0.6363,0.205,0,1,APOBEC3G_ENST00000407997,APOBEC3G_ENST00000407997,APOBEC3G_ENST00000407997,junction:39086567-39087010,junction,39086567,39087010,443,226.11,203.37,68.89,91.63,1.0,3.18,425.29,0.0,0.82,159.71,,,,insufficient_data,0.5265,0.4292,A,major,4.4262,0.035392058629425224,0.06821971384926423,False,0,False,,,,,,,,,,,,,False,,,,,,,,,
scotch_target,Bulk,ENSG00000239713,APOBEC3G,chr22,590,348,3,A,70.4,0.6363,0.205,0,1,APOBEC3G_ENST00000407997,APOBEC3G_ENST00000407997,APOBEC3G_ENST00000407997,junction:39087126-39087406,junction,39087126,39087406,280,226.11,203.37,68.89,91.63,2.73,6.55,420.19,0.27,2.45,157.81,0.4221,0.5159064720051048,0.9994995700982664,chi2_hap_event,0.5265,0.4292,A,major,4.4262,0.035392058629425224,0.06821971384926423,False,0,False,,,,,,,,,,,,,False,,,,,,,,,
scotch_target,Bulk,ENSG00000239713,APOBEC3G,chr22,590,348,3,A,70.4,0.6363,0.205,0,1,APOBEC3G_ENST00000407997,APOBEC3G_ENST00000407997,APOBEC3G_ENST00000407997,exon:39079661-39079700,exon,39079661,39079700,39,25.46,404.01,3.54,156.99,31.28,246.81,151.38,3.72,86.19,70.61,3.9868,0.04585762635406217,0.2980745713014041,chi2_hap_event,0.0593,0.0221,A,major,3.4669,0.06260797545047637,0.09391196317571457,False,0,False,,,,,,,,,,,,,False,,,,,,,,,
scotch_target,Bulk,ENSG00000239713,APOBEC3G,chr22,590,348,3,A,70.4,0.6363,0.205,0,1,APOBEC3G_ENST00000407997,APOBEC3G_ENST00000407997,APOBEC3G_ENST00000407997,exon:39077083-39077168,exon,39077083,39077168,85,23.55,405.93,3.45,157.07,83.77,3.64,342.06,25.23,1.36,133.94,0.0439,0.8339712694277227,0.9994995700982664,chi2_hap_event,0.0548,0.0215,A,major,2.9733,0.08464857151763036,0.12145229826442616,False,0,False,,,,,,,,,,,,,False,,,,,,,,,
scotch_target,Bulk,ENSG00000239713,APOBEC3G,chr22,590,348,3,A,70.4,0.6363,0.205,0,1,APOBEC3G_ENST00000407997,APOBEC3G_ENST00000407997,APOBEC3G_ENST00000407997,junction:39077168-39078931,junction,39077168,39078931,1763,2.46,427.02,1.54,158.98,0.0,0.87,428.6,0.0,1.13,159.4,,,,insufficient_data,0.0057,0.0096,B,minor,0.2639,0.607448320511507,0.8352414407033221,True,3,True,chr22:39077378:G:A,39077378.0,G,A,A,0.9999940391390134,1.0,0.0,210.0,+,+,reduces_event,True,1.0,96.0,1.0,243.0,341.0,0.4592,0.49800011307358183,0.49800011307358183,chi2_cross_event
scotch_target,Bulk,ENSG00000239713,APOBEC3G,chr22,590,348,3,A,70.4,0.6363,0.205,0,1,APOBEC3G_ENST00000407997,APOBEC3G_ENST00000407997,APOBEC3G_ENST00000407997,junction:39077168-39078931,junction,39077168,39078931,1763,2.46,427.02,1.54,158.98,0.0,0.87,428.6,0.0,1.13,159.4,,,,insufficient_data,0.0057,0.0096,B,minor,0.2639,0.607448320511507,0.8352414407033221,True,3,False,chr22:39077379:T:A,39077379.0,T,A,A,0.9999940391390134,1.0,0.0,211.0,+,+,reduces_event,True,1.0,84.0,1.0,249.0,335.0,0.6444,0.4221091470811732,0.49800011307358183,chi2_cross_event
scotch_target,Bulk,ENSG00000239713,APOBEC3G,chr22,590,348,3,A,70.4,0.6363,0.205,0,1,APOBEC3G_ENST00000407997,APOBEC3G_ENST00000407997,APOBEC3G_ENST00000407997,junction:39077168-39078931,junction,39077168,39078931,1763,2.46,427.02,1.54,158.98,0.0,0.87,428.6,0.0,1.13,159.4,,,,insufficient_data,0.0057,0.0096,B,minor,0.2639,0.607448320511507,0.8352414407033221,True,3,False,chr22:39077383:G:C,39077383.0,G,C,A,0.9999940391390134,1.0,0.0,215.0,+,+,reduces_event,True,1.0,87.0,1.0,245.0,334.0,0.5801,0.44628782811595424,0.49800011307358183,chi2_cross_event
scotch_target,Bulk,ENSG00000239713,APOBEC3G,chr22,590,348,3,A,70.4,0.6363,0.205,0,1,APOBEC3G_ENST00000407997,APOBEC3G_ENST00000407997,APOBEC3G_ENST00000407997,exon:39079700-39080061,exon,39079700,39080061,361,5.1,424.38,1.9,158.62,24.74,243.81,160.93,4.26,86.19,70.07,1.8427,0.17463626349644615,0.7567571418179333,chi2_hap_event,0.0119,0.0118,A,major,0.0,0.9996279532669963,0.9996279532669963,False,0,False,,,,,,,,,,,,,False,,,,,,,,,
scotch_target,Bulk,ENSG00000239713,APOBEC3G,chr22,590,348,3,A,70.4,0.6363,0.205,0,1,APOBEC3G_ENST00000407997,APOBEC3G_ENST00000407997,APOBEC3G_ENST00000407997,exon:39080061-39080634,exon,39080061,39080634,573,5.1,424.38,1.9,158.62,9.28,243.81,176.38,2.72,86.19,71.62,0.0717,0.788913089021496,0.9994995700982664,chi2_hap_event,0.0119,0.0118,A,major,0.0,0.9996279532669963,0.9996279532669963,False,0,False,,,,,,,,,,,,,False,,,,,,,,,
scotch_target,Bulk,ENSG00000239713,APOBEC3G,chr22,590,348,3,A,70.4,0.6363,0.205,0,1,APOBEC3G_ENST00000407997,APOBEC3G_ENST00000407997,APOBEC3G_ENST00000407997,exon:39080634-39080696,exon,39080634,39080696,62,21.11,408.36,7.89,152.64,6.1,243.81,179.57,1.9,86.19,72.43,0.0218,0.8826987955373906,0.9994995700982664,chi2_hap_event,0.0492,0.0491,A,major,0.0,0.999228030274302,0.9996279532669963,False,0,False,,,,,,,,,,,,,False,,,,,,,,,
scotch_target,Bulk,ENSG00000239713,APOBEC3G,chr22,590,348,3,A,70.4,0.6363,0.205,0,1,APOBEC3G_ENST00000407997,APOBEC3G_ENST00000407997,APOBEC3G_ENST00000407997,exon:39080696-39080932,exon,39080696,39080932,236,21.11,408.36,7.89,152.64,10.01,29.39,390.07,2.99,80.61,76.93,13.4903,0.0002398050332295237,0.003117465431983808,chi2_hap_event,0.0492,0.0491,A,major,0.0,0.999228030274302,0.9996279532669963,False,0,False,,,,,,,,,,,,,False,,,,,,,,,
scotch_target,Bulk,ENSG00000239713,APOBEC3G,chr22,590,348,3,A,70.4,0.6363,0.205,0,1,APOBEC3G_ENST00000407997,APOBEC3G_ENST00000407997,APOBEC3G_ENST00000407997,exon:39081585-39081687,exon,39081585,39081687,102,21.84,407.63,8.16,152.37,3.91,257.78,167.78,1.09,92.22,67.22,0.0536,0.8169657016366685,0.9994995700982664,chi2_hap_event,0.0509,0.0508,A,major,0.0,0.9992141325300593,0.9996279532669963,False,0,False,,,,,,,,,,,,,False,,,,,,,,,
scotch_target,Bulk,ENSG00000239713,APOBEC3G,chr22,590,348,3,A,70.4,0.6363,0.205,0,1,APOBEC3G_ENST00000407997,APOBEC3G_ENST00000407997,APOBEC3G_ENST00000407997,exon:39081687-39082623,exon,39081687,39082623,936,21.11,408.36,7.89,152.64,7.55,259.51,162.41,2.45,92.49,65.59,0.0162,0.8986780225736297,0.9994995700982664,chi2_hap_event,0.0492,0.0491,A,major,0.0,0.999228030274302,0.9996279532669963,False,0,False,,,,,,,,,,,,,False,,,,,,,,,
scotch_target,Bulk,ENSG00000239713,APOBEC3G,chr22,590,348,3,A,70.4,0.6363,0.205,0,1,APOBEC3G_ENST00000407997,APOBEC3G_ENST00000407997,APOBEC3G_ENST00000407997,exon:39082623-39082645,exon,39082623,39082645,22,21.11,408.36,7.89,152.64,2.91,259.51,167.05,1.09,92.49,66.95,0.0017,0.9667065969713308,0.9994995700982664,chi2_hap_event,0.0492,0.0491,A,major,0.0,0.999228030274302,0.9996279532669963,False,0,False,,,,,,,,,,,,,False,,,,,,,,,
scotch_target,Bulk,ENSG00000239713,APOBEC3G,chr22,590,348,3,A,70.4,0.6363,0.205,0,1,APOBEC3G_ENST00000407997,APOBEC3G_ENST00000407997,APOBEC3G_ENST00000407997,exon:39082645-39082679,exon,39082645,39082679,34,21.11,408.36,7.89,152.64,2.91,259.51,167.05,1.09,92.49,66.95,0.0017,0.9667065969713308,0.9994995700982664,chi2_hap_event,0.0492,0.0491,A,major,0.0,0.999228030274302,0.9996279532669963,False,0,False,,,,,,,,,,,,,False,,,,,,,,,
scotch_target,Bulk,ENSG00000239713,APOBEC3G,chr22,590,348,3,A,70.4,0.6363,0.205,0,1,APOBEC3G_ENST00000407997,APOBEC3G_ENST00000407997,APOBEC3G_ENST00000407997,exon:39082679-39083214,exon,39082679,39083214,535,16.02,413.46,5.98,154.54,13.83,258.78,156.86,5.17,92.22,63.14,0.008,0.9288274824127735,0.9994995700982664,chi2_hap_event,0.0373,0.0373,B,minor,0.0,0.9993317793535574,0.9996279532669963,False,0,False,,,,,,,,,,,,,False,,,,,,,,,
scotch_target,B cells,ENSG00000025770,NCAPH2,chr22,144,25,4,B,70.4,0.0912,0.0336,-1,0,NCAPH2_Other,NCAPH2_Other,NCAPH2_Other,exon:50508259-50508428,exon,50508259,50508428,169,34.13,31.59,32.87,45.41,7.88,0.0,57.83,5.12,0.0,73.17,,,,insufficient_data,0.5193,0.4199,A,minor,1.4213,0.23319269045204188,0.45767772488308245,False,0,False,,,,,,,,,,,,,False,,,,,,,,,
scotch_target,B cells,ENSG00000025770,NCAPH2,chr22,144,25,4,B,70.4,0.0912,0.0336,-1,0,NCAPH2_Other,NCAPH2_Other,NCAPH2_Other,exon:50508428-50508445,exon,50508428,50508445,17,33.64,32.07,32.36,45.93,7.88,0.0,57.83,5.12,0.0,73.17,,,,insufficient_data,0.5119,0.4133,A,minor,1.4015,0.23648067648164195,0.45767772488308245,False,0,False,,,,,,,,,,,,,False,,,,,,,,,
scotch_target,B cells,ENSG00000025770,NCAPH2,chr22,144,25,4,B,70.4,0.0912,0.0336,-1,0,NCAPH2_Other,NCAPH2_Other,NCAPH2_Other,exon:50516446-50516548,exon,50516446,50516548,102,34.13,31.59,32.87,45.41,9.82,0.0,55.89,8.18,0.0,70.11,,,,insufficient_data,0.5193,0.4199,A,minor,1.4213,0.23319269045204188,0.45767772488308245,False,0,False,,,,,,,,,,,,,False,,,,,,,,,
scotch_target,B cells,ENSG00000025770,NCAPH2,chr22,144,25,4,B,70.4,0.0912,0.0336,-1,0,NCAPH2_Other,NCAPH2_Other,NCAPH2_Other,exon:50517426-50517482,exon,50517426,50517482,56,34.13,31.59,32.87,45.41,8.34,1.0,56.38,7.66,0.0,70.62,0.8724,0.35028557564146556,0.6121407606788982,chi2_hap_event,0.5193,0.4199,A,minor,1.4213,0.23319269045204188,0.45767772488308245,False,0,False,,,,,,,,,,,,,False,,,,,,,,,
scotch_target,B cells,ENSG00000025770,NCAPH2,chr22,144,25,4,B,70.4,0.0912,0.0336,-1,0,NCAPH2_Other,NCAPH2_Other,NCAPH2_Other,exon:50517576-50517661,exon,50517576,50517661,85,34.13,31.59,32.87,45.41,8.34,1.0,56.38,7.66,0.0,70.62,0.8724,0.35028557564146556,0.6121407606788982,chi2_hap_event,0.5193,0.4199,A,minor,1.4213,0.23319269045204188,0.45767772488308245,False,0,False,,,,,,,,,,,,,False,,,,,,,,,
scotch_target,B cells,ENSG00000025770,NCAPH2,chr22,144,25,4,B,70.4,0.0912,0.0336,-1,0,NCAPH2_Other,NCAPH2_Other,NCAPH2_Other,exon:50517740-50517809,exon,50517740,50517809,69,34.13,31.59,32.87,45.41,7.85,1.0,56.86,7.15,0.0,71.14,0.8618,0.35324377492030146,0.6121407606788982,chi2_hap_event,0.5193,0.4199,A,minor,1.4213,0.23319269045204188,0.45767772488308245,False,0,False,,,,,,,,,,,,,False,,,,,,,,,
scotch_target,B cells,ENSG00000025770,NCAPH2,chr22,144,25,4,B,70.4,0.0912,0.0336,-1,0,NCAPH2_Other,NCAPH2_Other,NCAPH2_Other,exon:50517972-50518052,exon,50517972,50518052,80,34.13,31.59,32.87,45.41,7.85,1.0,56.86,7.15,0.0,71.14,0.8618,0.35324377492030146,0.6121407606788982,chi2_hap_event,0.5193,0.4199,A,minor,1.4213,0.23319269045204188,0.45767772488308245,False,0,False,,,,,,,,,,,,,False,,,,,,,,,
scotch_target,B cells,ENSG00000025770,NCAPH2,chr22,144,25,4,B,70.4,0.0912,0.0336,-1,0,NCAPH2_Other,NCAPH2_Other,NCAPH2_Other,exon:50518132-50518276,exon,50518132,50518276,144,34.13,31.59,32.87,45.41,6.37,2.0,57.35,6.63,0.0,71.65,1.8304,0.17607688429287818,0.6121407606788982,chi2_hap_event,0.5193,0.4199,A,minor,1.4213,0.23319269045204188,0.45767772488308245,False,0,False,,,,,,,,,,,,,False,,,,,,,,,
scotch_target,B cells,ENSG00000025770,NCAPH2,chr22,144,25,4,B,70.4,0.0912,0.0336,-1,0,NCAPH2_Other,NCAPH2_Other,NCAPH2_Other,exon:50518648-50518732,exon,50518648,50518732,84,33.64,32.07,32.36,45.93,7.85,1.0,56.86,7.15,0.0,71.14,0.8618,0.35324377492030146,0.6121407606788982,chi2_hap_event,0.5119,0.4133,A,minor,1.4015,0.23648067648164195,0.45767772488308245,False,0,False,,,,,,,,,,,,,False,,,,,,,,,
scotch_target,B cells,ENSG00000025770,NCAPH2,chr22,144,25,4,B,70.4,0.0912,0.0336,-1,0,NCAPH2_Other,NCAPH2_Other,NCAPH2_Other,exon:50519189-50519320,exon,50519189,50519320,131,33.64,32.07,32.36,45.93,8.82,1.0,55.89,8.18,0.0,70.11,0.882,0.3476562482737373,0.6121407606788982,chi2_hap_event,0.5119,0.4133,A,minor,1.4015,0.23648067648164195,0.45767772488308245,False,0,False,,,,,,,,,,,,,False,,,,,,,,,
scotch_target,B cells,ENSG00000025770,NCAPH2,chr22,144,25,4,B,70.4,0.0912,0.0336,-1,0,NCAPH2_Other,NCAPH2_Other,NCAPH2_Other,exon:50520964-50521036,exon,50520964,50521036,72,27.82,37.89,26.18,52.11,6.39,1.0,58.32,8.6,0.0,69.68,1.2412,0.26524010075442106,0.6121407606788982,chi2_hap_event,0.4234,0.3344,A,minor,1.2091,0.27150373510013365,0.45767772488308245,False,0,False,,,,,,,,,,,,,False,,,,,,,,,
scotch_target,B cells,ENSG00000025770,NCAPH2,chr22,144,25,4,B,70.4,0.0912,0.0336,-1,0,NCAPH2_Other,NCAPH2_Other,NCAPH2_Other,exon:50521542-50521589,exon,50521542,50521589,47,27.82,37.89,26.18,52.11,4.97,1.48,59.26,7.03,0.52,70.74,0.7437,0.3884694927891138,0.6121407606788982,chi2_hap_event,0.4234,0.3344,A,minor,1.2091,0.27150373510013365,0.45767772488308245,False,0,False,,,,,,,,,,,,,False,,,,,,,,,
scotch_target,B cells,ENSG00000025770,NCAPH2,chr22,144,25,4,B,70.4,0.0912,0.0336,-1,0,NCAPH2_Other,NCAPH2_Other,NCAPH2_Other,exon:50521589-50521609,exon,50521589,50521609,20,27.82,37.89,26.18,52.11,4.97,1.48,59.26,7.03,0.52,70.74,0.7437,0.3884694927891138,0.6121407606788982,chi2_hap_event,0.4234,0.3344,A,minor,1.2091,0.27150373510013365,0.45767772488308245,False,0,False,,,,,,,,,,,,,False,,,,,,,,,
scotch_target,B cells,ENSG00000025770,NCAPH2,chr22,144,25,4,B,70.4,0.0912,0.0336,-1,0,NCAPH2_Other,NCAPH2_Other,NCAPH2_Other,exon:50521740-50521848,exon,50521740,50521848,108,27.82,37.89,26.18,52.11,5.97,1.48,58.26,10.03,0.52,67.74,0.9997,0.3173867003529413,0.6121407606788982,chi2_hap_event,0.4234,0.3344,A,minor,1.2091,0.27150373510013365,0.45767772488308245,False,0,False,,,,,,,,,,,,,False,,,,,,,,,
scotch_target,B cells,ENSG00000025770,NCAPH2,chr22,144,25,4,B,70.4,0.0912,0.0336,-1,0,NCAPH2_Other,NCAPH2_Other,NCAPH2_Other,exon:50521985-50522039,exon,50521985,50522039,54,27.82,37.89,26.18,52.11,5.97,1.48,58.26,10.03,0.52,67.74,0.9997,0.3173867003529413,0.6121407606788982,chi2_hap_event,0.4234,0.3344,A,minor,1.2091,0.27150373510013365,0.45767772488308245,False,0,False,,,,,,,,,,,,,False,,,,,,,,,
scotch_target,B cells,ENSG00000025770,NCAPH2,chr22,144,25,4,B,70.4,0.0912,0.0336,-1,0,NCAPH2_Other,NCAPH2_Other,NCAPH2_Other,exon:50522180-50522251,exon,50522180,50522251,71,27.82,37.89,26.18,52.11,5.97,1.48,58.26,11.03,0.52,66.74,1.1494,0.28367940686861054,0.6121407606788982,chi2_hap_event,0.4234,0.3344,A,minor,1.2091,0.27150373510013365,0.45767772488308245,False,0,False,,,,,,,,,,,,,False,,,,,,,,,
scotch_target,B cells,ENSG00000025770,NCAPH2,chr22,144,25,4,B,70.4,0.0912,0.0336,-1,0,NCAPH2_Other,NCAPH2_Other,NCAPH2_Other,exon:50522342-50522415,exon,50522342,50522415,73,27.82,37.89,26.18,52.11,7.97,0.48,57.26,12.03,0.52,65.74,0.0296,0.8633378067674813,0.8633378067674813,chi2_hap_event,0.4234,0.3344,A,minor,1.2091,0.27150373510013365,0.45767772488308245,False,0,False,,,,,,,,,,,,,False,,,,,,,,,
scotch_target,B cells,ENSG00000025770,NCAPH2,chr22,144,25,4,B,70.4,0.0912,0.0336,-1,0,NCAPH2_Other,NCAPH2_Other,NCAPH2_Other,exon:50522500-50522524,exon,50522500,50522524,24,27.82,37.89,26.18,52.11,8.46,0.48,56.77,15.55,0.52,62.23,0.0736,0.7861687153632532,0.8633378067674813,chi2_hap_event,0.4234,0.3344,A,minor,1.2091,0.27150373510013365,0.45767772488308245,True,2,False,chr22:50522492:C:G,50522492.0,C,G,A,0.9999940391390134,1.0,8.0,8.0,-,-,promotes_event,True,0.0,14.0,5.0,2.0,21.0,13.125,0.0002913813578468701,0.00043707203677030516,chi2_cross_event
scotch_target,B cells,ENSG00000025770,NCAPH2,chr22,144,25,4,B,70.4,0.0912,0.0336,-1,0,NCAPH2_Other,NCAPH2_Other,NCAPH2_Other,exon:50522500-50522524,exon,50522500,50522524,24,27.82,37.89,26.18,52.11,8.46,0.48,56.77,15.55,0.52,62.23,0.0736,0.7861687153632532,0.8633378067674813,chi2_hap_event,0.4234,0.3344,A,minor,1.2091,0.27150373510013365,0.45767772488308245,True,2,True,chr22:50522493:C:G,50522493.0,C,G,A,0.9999940391390134,1.0,7.0,7.0,-,-,promotes_event,True,0.0,14.0,5.0,2.0,21.0,13.125,0.0002913813578468701,0.00043707203677030516,chi2_cross_event
scotch_target,B cells,ENSG00000025770,NCAPH2,chr22,144,25,4,B,70.4,0.0912,0.0336,-1,0,NCAPH2_Other,NCAPH2_Other,NCAPH2_Other,exon:50523016-50523079,exon,50523016,50523079,63,27.82,37.89,26.18,52.11,16.7,0.0,49.01,24.3,0.0,53.99,,,,insufficient_data,0.4234,0.3344,A,minor,1.2091,0.27150373510013365,0.45767772488308245,False,0,False,,,,,,,,,,,,,False,,,,,,,,,
scotch_target,B cells,ENSG00000025770,NCAPH2,chr22,144,25,4,B,70.4,0.0912,0.0336,-1,0,NCAPH2_Other,NCAPH2_Other,NCAPH2_Other,junction:50508445-50516446,junction,50508445,50516446,8001,33.64,32.07,32.36,45.93,0.0,0.0,65.71,0.0,0.0,78.29,,,,insufficient_data,0.5119,0.4133,A,minor,1.4015,0.23648067648164195,0.45767772488308245,False,0,False,,,,,,,,,,,,,False,,,,,,,,,
scotch_target,B cells,ENSG00000025770,NCAPH2,chr22,144,25,4,B,70.4,0.0912,0.0336,-1,0,NCAPH2_Other,NCAPH2_Other,NCAPH2_Other,junction:50516548-50517426,junction,50516548,50517426,878,34.13,31.59,32.87,45.41,0.48,0.0,65.23,0.52,0.0,77.77,,,,insufficient_data,0.5193,0.4199,A,minor,1.4213,0.23319269045204188,0.45767772488308245,False,0,False,,,,,,,,,,,,,False,,,,,,,,,
scotch_target,B cells,ENSG00000025770,NCAPH2,chr22,144,25,4,B,70.4,0.0912,0.0336,-1,0,NCAPH2_Other,NCAPH2_Other,NCAPH2_Other,junction:50517482-50517576,junction,50517482,50517576,94,34.13,31.59,32.87,45.41,0.0,2.46,63.26,0.0,1.54,76.74,,,,insufficient_data,0.5193,0.4199,A,minor,1.4213,0.23319269045204188,0.45767772488308245,False,0,False,,,,,,,,,,,,,False,,,,,,,,,
scotch_target,B cells,ENSG00000025770,NCAPH2,chr22,144,25,4,B,70.4,0.0912,0.0336,-1,0,NCAPH2_Other,NCAPH2_Other,NCAPH2_Other,junction:50517661-50517740,junction,50517661,50517740,79,34.13,31.59,32.87,45.41,0.0,0.48,65.23,0.0,0.52,77.77,,,,insufficient_data,0.5193,0.4199,A,minor,1.4213,0.23319269045204188,0.45767772488308245,False,0,False,,,,,,,,,,,,,False,,,,,,,,,
scotch_target,B cells,ENSG00000025770,NCAPH2,chr22,144,25,4,B,70.4,0.0912,0.0336,-1,0,NCAPH2_Other,NCAPH2_Other,NCAPH2_Other,junction:50517809-50517972,junction,50517809,50517972,163,34.13,31.59,32.87,45.41,0.0,0.0,65.71,0.0,0.0,78.29,,,,insufficient_data,0.5193,0.4199,A,minor,1.4213,0.23319269045204188,0.45767772488308245,False,0,False,,,,,,,,,,,,,False,,,,,,,,,
scotch_target,B cells,ENSG00000025770,NCAPH2,chr22,144,25,4,B,70.4,0.0912,0.0336,-1,0,NCAPH2_Other,NCAPH2_Other,NCAPH2_Other,junction:50518052-50518132,junction,50518052,50518132,80,34.13,31.59,32.87,45.41,0.0,0.48,65.23,0.0,0.52,77.77,,,,insufficient_data,0.5193,0.4199,A,minor,1.4213,0.23319269045204188,0.45767772488308245,False,0,False,,,,,,,,,,,,,False,,,,,,,,,
scotch_target,B cells,ENSG00000025770,NCAPH2,chr22,144,25,4,B,70.4,0.0912,0.0336,-1,0,NCAPH2_Other,NCAPH2_Other,NCAPH2_Other,junction:50518278-50518648,junction,50518278,50518648,370,33.64,32.07,32.36,45.93,0.0,0.48,65.23,0.0,0.52,77.77,,,,insufficient_data,0.5119,0.4133,A,minor,1.4015,0.23648067648164195,0.45767772488308245,False,0,False,,,,,,,,,,,,,False,,,,,,,,,
scotch_target,B cells,ENSG00000025770,NCAPH2,chr22,144,25,4,B,70.4,0.0912,0.0336,-1,0,NCAPH2_Other,NCAPH2_Other,NCAPH2_Other,junction:50518732-50519189,junction,50518732,50519189,457,33.64,32.07,32.36,45.93,0.48,0.0,65.23,0.52,0.0,77.77,,,,insufficient_data,0.5119,0.4133,A,minor,1.4015,0.23648067648164195,0.45767772488308245,False,0,False,,,,,,,,,,,,,False,,,,,,,,,
scotch_target,B cells,ENSG00000025770,NCAPH2,chr22,144,25,4,B,70.4,0.0912,0.0336,-1,0,NCAPH2_Other,NCAPH2_Other,NCAPH2_Other,junction:50519320-50520964,junction,50519320,50520964,1644,27.82,37.89,26.18,52.11,0.0,0.0,65.71,0.0,1.0,77.29,,,,insufficient_data,0.4234,0.3344,A,minor,1.2091,0.27150373510013365,0.45767772488308245,False,0,False,,,,,,,,,,,,,False,,,,,,,,,
scotch_target,B cells,ENSG00000025770,NCAPH2,chr22,144,25,4,B,70.4,0.0912,0.0336,-1,0,NCAPH2_Other,NCAPH2_Other,NCAPH2_Other,junction:50521036-50521542,junction,50521036,50521542,506,27.82,37.89,26.18,52.11,0.0,0.0,65.71,0.0,2.0,76.29,,,,insufficient_data,0.4234,0.3344,A,minor,1.2091,0.27150373510013365,0.45767772488308245,False,0,False,,,,,,,,,,,,,False,,,,,,,,,
scotch_target,B cells,ENSG00000025770,NCAPH2,chr22,144,25,4,B,70.4,0.0912,0.0336,-1,0,NCAPH2_Other,NCAPH2_Other,NCAPH2_Other,junction:50521609-50521740,junction,50521609,50521740,131,27.82,37.89,26.18,52.11,0.0,0.0,65.71,0.0,0.0,78.29,,,,insufficient_data,0.4234,0.3344,A,minor,1.2091,0.27150373510013365,0.45767772488308245,False,0,False,,,,,,,,,,,,,False,,,,,,,,,
scotch_target,B cells,ENSG00000025770,NCAPH2,chr22,144,25,4,B,70.4,0.0912,0.0336,-1,0,NCAPH2_Other,NCAPH2_Other,NCAPH2_Other,junction:50521848-50521985,junction,50521848,50521985,137,27.82,37.89,26.18,52.11,0.0,0.0,65.71,0.0,2.0,76.29,,,,insufficient_data,0.4234,0.3344,A,minor,1.2091,0.27150373510013365,0.45767772488308245,False,0,False,,,,,,,,,,,,,False,,,,,,,,,
scotch_target,B cells,ENSG00000025770,NCAPH2,chr22,144,25,4,B,70.4,0.0912,0.0336,-1,0,NCAPH2_Other,NCAPH2_Other,NCAPH2_Other,junction:50522039-50522180,junction,50522039,50522180,141,27.82,37.89,26.18,52.11,0.0,0.0,65.71,0.0,2.0,76.29,,,,insufficient_data,0.4234,0.3344,A,minor,1.2091,0.27150373510013365,0.45767772488308245,False,0,False,,,,,,,,,,,,,False,,,,,,,,,
scotch_target,B cells,ENSG00000025770,NCAPH2,chr22,144,25,4,B,70.4,0.0912,0.0336,-1,0,NCAPH2_Other,NCAPH2_Other,NCAPH2_Other,junction:50522251-50522342,junction,50522251,50522342,91,27.82,37.89,26.18,52.11,0.0,0.0,65.71,0.0,2.0,76.29,,,,insufficient_data,0.4234,0.3344,A,minor,1.2091,0.27150373510013365,0.45767772488308245,False,0,False,,,,,,,,,,,,,False,,,,,,,,,
scotch_target,B cells,ENSG00000025770,NCAPH2,chr22,144,25,4,B,70.4,0.0912,0.0336,-1,0,NCAPH2_Other,NCAPH2_Other,NCAPH2_Other,junction:50522415-50522497,junction,50522415,50522497,82,12.76,52.96,8.24,70.04,0.0,0.0,65.71,0.0,9.0,69.29,,,,insufficient_data,0.1942,0.1053,A,minor,2.2674,0.13211842288289594,0.45767772488308245,True,2,False,chr22:50522492:C:G,50522492.0,C,G,A,0.9999940391390134,1.0,0.0,5.0,-,-,promotes_event,True,0.0,14.0,5.0,2.0,21.0,13.125,0.0002913813578468701,0.00043707203677030516,chi2_cross_event
scotch_target,B cells,ENSG00000025770,NCAPH2,chr22,144,25,4,B,70.4,0.0912,0.0336,-1,0,NCAPH2_Other,NCAPH2_Other,NCAPH2_Other,junction:50522415-50522497,junction,50522415,50522497,82,12.76,52.96,8.24,70.04,0.0,0.0,65.71,0.0,9.0,69.29,,,,insufficient_data,0.1942,0.1053,A,minor,2.2674,0.13211842288289594,0.45767772488308245,True,2,True,chr22:50522493:C:G,50522493.0,C,G,A,0.9999940391390134,1.0,0.0,4.0,-,-,promotes_event,True,0.0,14.0,5.0,2.0,21.0,13.125,0.0002913813578468701,0.00043707203677030516,chi2_cross_event
scotch_target,B cells,ENSG00000025770,NCAPH2,chr22,144,25,4,B,70.4,0.0912,0.0336,-1,0,NCAPH2_Other,NCAPH2_Other,NCAPH2_Other,junction:50522922-50523016,junction,50522922,50523016,94,27.82,37.89,26.18,52.11,0.0,3.88,61.83,0.0,11.12,67.17,,,,insufficient_data,0.4234,0.3344,A,minor,1.2091,0.27150373510013365,0.45767772488308245,False,0,False,,,,,,,,,,,,,False,,,,,,,,,
scotch_target,B cells,ENSG00000025770,NCAPH2,chr22,144,25,4,B,70.4,0.0912,0.0336,-1,0,NCAPH2_Other,NCAPH2_Other,NCAPH2_Other,exon:50522524-50522569,exon,50522524,50522569,45,29.76,35.95,29.24,49.05,10.88,0.48,54.35,18.12,0.52,59.65,0.0495,0.8238482381597966,0.8633378067674813,chi2_hap_event,0.4529,0.3735,A,minor,0.9336,0.33393969279848673,0.46910575893120754,True,2,False,chr22:50522492:C:G,50522492.0,C,G,A,0.9999940391390134,1.0,32.0,32.0,-,-,promotes_event,True,1.0,13.0,5.0,2.0,21.0,9.45,0.0021114910066706008,0.0021114910066706008,chi2_cross_event
scotch_target,B cells,ENSG00000025770,NCAPH2,chr22,144,25,4,B,70.4,0.0912,0.0336,-1,0,NCAPH2_Other,NCAPH2_Other,NCAPH2_Other,exon:50522524-50522569,exon,50522524,50522569,45,29.76,35.95,29.24,49.05,10.88,0.48,54.35,18.12,0.52,59.65,0.0495,0.8238482381597966,0.8633378067674813,chi2_hap_event,0.4529,0.3735,A,minor,0.9336,0.33393969279848673,0.46910575893120754,True,2,True,chr22:50522493:C:G,50522493.0,C,G,A,0.9999940391390134,1.0,31.0,31.0,-,-,promotes_event,True,1.0,13.0,5.0,2.0,21.0,9.45,0.0021114910066706008,0.0021114910066706008,chi2_cross_event
scotch_target,B cells,ENSG00000025770,NCAPH2,chr22,144,25,4,B,70.4,0.0912,0.0336,-1,0,NCAPH2_Other,NCAPH2_Other,NCAPH2_Other,exon:50522670-50522720,exon,50522670,50522720,50,29.76,35.95,29.24,49.05,13.3,0.48,51.92,20.7,0.52,57.08,0.0357,0.8501304238817626,0.8633378067674813,chi2_hap_event,0.4529,0.3735,A,minor,0.9336,0.33393969279848673,0.46910575893120754,False,0,False,,,,,,,,,,,,,False,,,,,,,,,
scotch_target,B cells,ENSG00000025770,NCAPH2,chr22,144,25,4,B,70.4,0.0912,0.0336,-1,0,NCAPH2_Other,NCAPH2_Other,NCAPH2_Other,exon:50522820-50522922,exon,50522820,50522922,102,29.76,35.95,29.24,49.05,15.24,0.0,50.47,22.76,0.0,55.53,,,,insufficient_data,0.4529,0.3735,A,minor,0.9336,0.33393969279848673,0.46910575893120754,False,0,False,,,,,,,,,,,,,False,,,,,,,,,
scotch_target,B cells,ENSG00000025770,NCAPH2,chr22,144,25,4,B,70.4,0.0912,0.0336,-1,0,NCAPH2_Other,NCAPH2_Other,NCAPH2_Other,exon:50523079-50523166,exon,50523079,50523166,87,29.76,35.95,29.24,49.05,17.67,0.0,48.04,25.33,0.0,52.96,,,,insufficient_data,0.4529,0.3735,A,minor,0.9336,0.33393969279848673,0.46910575893120754,False,0,False,,,,,,,,,,,,,False,,,,,,,,,
scotch_target,B cells,ENSG00000025770,NCAPH2,chr22,144,25,4,B,70.4,0.0912,0.0336,-1,0,NCAPH2_Other,NCAPH2_Other,NCAPH2_Other,exon:50523234-50523471,exon,50523234,50523471,237,29.76,35.95,29.24,49.05,27.37,0.0,38.34,35.63,0.0,42.66,,,,insufficient_data,0.4529,0.3735,A,minor,0.9336,0.33393969279848673,0.46910575893120754,False,0,False,,,,,,,,,,,,,False,,,,,,,,,
scotch_target,B cells,ENSG00000025770,NCAPH2,chr22,144,25,4,B,70.4,0.0912,0.0336,-1,0,NCAPH2_Other,NCAPH2_Other,NCAPH2_Other,junction:50522569-50522670,junction,50522569,50522670,101,29.76,35.95,29.24,49.05,0.0,0.48,65.23,0.0,5.52,72.77,,,,insufficient_data,0.4529,0.3735,A,minor,0.9336,0.33393969279848673,0.46910575893120754,False,0,False,,,,,,,,,,,,,False,,,,,,,,,
scotch_target,B cells,ENSG00000025770,NCAPH2,chr22,144,25,4,B,70.4,0.0912,0.0336,-1,0,NCAPH2_Other,NCAPH2_Other,NCAPH2_Other,junction:50522720-50522820,junction,50522720,50522820,100,29.76,35.95,29.24,49.05,0.0,3.39,62.32,0.0,12.61,65.68,,,,insufficient_data,0.4529,0.3735,A,minor,0.9336,0.33393969279848673,0.46910575893120754,False,0,False,,,,,,,,,,,,,False,,,,,,,,,
scotch_target,B cells,ENSG00000025770,NCAPH2,chr22,144,25,4,B,70.4,0.0912,0.0336,-1,0,NCAPH2_Other,NCAPH2_Other,NCAPH2_Other,junction:50523166-50523234,junction,50523166,50523234,68,23.46,42.26,22.54,55.74,0.0,5.33,60.38,0.0,13.67,64.62,,,,insufficient_data,0.357,0.2879,A,minor,0.7841,0.3759029441772429,0.5157738071269147,False,0,False,,,,,,,,,,,,,False,,,,,,,,,
scotch_target,B cells,ENSG00000025770,NCAPH2,chr22,144,25,4,B,70.4,0.0912,0.0336,-1,0,NCAPH2_Other,NCAPH2_Other,NCAPH2_Other,exon:50508223-50508242,exon,50508223,50508242,19,8.76,56.96,11.24,67.04,6.42,0.0,59.29,3.58,0.0,74.71,,,,insufficient_data,0.1333,0.1436,B,major,0.0315,0.859047379827671,0.8891893931549577,False,0,False,,,,,,,,,,,,,False,,,,,,,,,
scotch_target,B cells,ENSG00000025770,NCAPH2,chr22,144,25,4,B,70.4,0.0912,0.0336,-1,0,NCAPH2_Other,NCAPH2_Other,NCAPH2_Other,exon:50519320-50519546,exon,50519320,50519546,226,5.82,59.9,6.18,72.1,6.82,3.97,54.92,7.18,2.03,69.08,0.5149,0.47301786052460315,0.6121407606788982,chi2_hap_event,0.0886,0.0789,A,minor,0.0433,0.835163890693498,0.8891893931549577,False,0,False,,,,,,,,,,,,,False,,,,,,,,,
scotch_target,B cells,ENSG00000025770,NCAPH2,chr22,144,25,4,B,70.4,0.0912,0.0336,-1,0,NCAPH2_Other,NCAPH2_Other,NCAPH2_Other,exon:50519546-50519637,exon,50519546,50519637,91,5.82,59.9,6.18,72.1,6.82,3.97,54.92,7.18,2.03,69.08,0.5149,0.47301786052460315,0.6121407606788982,chi2_hap_event,0.0886,0.0789,A,minor,0.0433,0.835163890693498,0.8891893931549577,False,0,False,,,,,,,,,,,,,False,,,,,,,,,
scotch_target,B cells,ENSG00000025770,NCAPH2,chr22,144,25,4,B,70.4,0.0912,0.0336,-1,0,NCAPH2_Other,NCAPH2_Other,NCAPH2_Other,exon:50519637-50519752,exon,50519637,50519752,115,5.82,59.9,6.18,72.1,5.82,4.97,54.92,6.18,3.03,69.08,0.3587,0.5492466759282331,0.6713014928011737,chi2_hap_event,0.0886,0.0789,A,minor,0.0433,0.835163890693498,0.8891893931549577,False,0,False,,,,,,,,,,,,,False,,,,,,,,,
scotch_target,B cells,ENSG00000025770,NCAPH2,chr22,144,25,4,B,70.4,0.0912,0.0336,-1,0,NCAPH2_Other,NCAPH2_Other,NCAPH2_Other,exon:50523166-50523234,exon,50523166,50523234,68,6.3,59.41,6.7,71.59,9.7,0.0,56.01,18.3,0.0,59.99,,,,insufficient_data,0.0959,0.0856,A,minor,0.0473,0.8278926705148061,0.8891893931549577,False,0,False,,,,,,,,,,,,,False,,,,,,,,,
scotch_target,B cells,ENSG00000025770,NCAPH2,chr22,144,25,4,B,70.4,0.0912,0.0336,-1,0,NCAPH2_Other,NCAPH2_Other,NCAPH2_Other,exon:50523472-50523567,exon,50523472,50523567,95,8.76,56.96,11.24,67.04,0.0,0.0,65.71,1.0,0.0,77.29,,,,insufficient_data,0.1333,0.1436,B,major,0.0315,0.859047379827671,0.8891893931549577,False,0,False,,,,,,,,,,,,,False,,,,,,,,,
scotch_target,B cells,ENSG00000025770,NCAPH2,chr22,144,25,4,B,70.4,0.0912,0.0336,-1,0,NCAPH2_Other,NCAPH2_Other,NCAPH2_Other,exon:50523567-50523572,exon,50523567,50523572,5,8.76,56.96,11.24,67.04,16.49,0.0,49.22,18.51,0.0,59.78,,,,insufficient_data,0.1333,0.1436,B,major,0.0315,0.859047379827671,0.8891893931549577,False,0,False,,,,,,,,,,,,,False,,,,,,,,,
scotch_target,B cells,ENSG00000025770,NCAPH2,chr22,144,25,4,B,70.4,0.0912,0.0336,-1,0,NCAPH2_Other,NCAPH2_Other,NCAPH2_Other,exon:50523572-50523595,exon,50523572,50523595,23,8.76,56.96,11.24,67.04,17.46,0.0,48.25,19.54,0.0,58.75,,,,insufficient_data,0.1333,0.1436,B,major,0.0315,0.859047379827671,0.8891893931549577,False,0,False,,,,,,,,,,,,,False,,,,,,,,,
scotch_target,B cells,ENSG00000025770,NCAPH2,chr22,144,25,4,B,70.4,0.0912,0.0336,-1,0,NCAPH2_Other,NCAPH2_Other,NCAPH2_Other,exon:50523595-50523905,exon,50523595,50523905,310,8.76,56.96,11.24,67.04,17.46,0.0,48.25,19.54,0.0,58.75,,,,insufficient_data,0.1333,0.1436,B,major,0.0315,0.859047379827671,0.8891893931549577,False,0,False,,,,,,,,,,,,,False,,,,,,,,,
scotch_target,B cells,ENSG00000025770,NCAPH2,chr22,144,25,4,B,70.4,0.0912,0.0336,-1,0,NCAPH2_Other,NCAPH2_Other,NCAPH2_Other,exon:50523905-50523925,exon,50523905,50523925,20,8.76,56.96,11.24,67.04,13.09,0.0,52.62,14.91,0.0,63.38,,,,insufficient_data,0.1333,0.1436,B,major,0.0315,0.859047379827671,0.8891893931549577,False,0,False,,,,,,,,,,,,,False,,,,,,,,,
scotch_target,B cells,ENSG00000025770,NCAPH2,chr22,144,25,4,B,70.4,0.0912,0.0336,-1,0,NCAPH2_Other,NCAPH2_Other,NCAPH2_Other,exon:50523925-50524424,exon,50523925,50524424,499,8.76,56.96,11.24,67.04,14.58,0.0,51.13,16.42,0.0,61.87,,,,insufficient_data,0.1333,0.1436,B,major,0.0315,0.859047379827671,0.8891893931549577,False,0,False,,,,,,,,,,,,,False,,,,,,,,,
scotch_target,B cells,ENSG00000025770,NCAPH2,chr22,144,25,4,B,70.4,0.0912,0.0336,-1,0,NCAPH2_Other,NCAPH2_Other,NCAPH2_Other,exon:50524424-50524754,exon,50524424,50524754,330,8.76,56.96,11.24,67.04,1.0,3.88,60.83,3.0,4.12,71.17,0.6103,0.43466230875097445,0.6121407606788982,chi2_hap_event,0.1333,0.1436,B,major,0.0315,0.859047379827671,0.8891893931549577,True,2,True,chr22:50524518:G:T,50524518.0,G,T,A,0.9999940391390134,1.0,0.0,94.0,-,-,reduces_event,True,3.0,0.0,1.0,0.0,4.0,,,,binomial_intra_event
scotch_target,B cells,ENSG00000025770,NCAPH2,chr22,144,25,4,B,70.4,0.0912,0.0336,-1,0,NCAPH2_Other,NCAPH2_Other,NCAPH2_Other,exon:50524424-50524754,exon,50524424,50524754,330,8.76,56.96,11.24,67.04,1.0,3.88,60.83,3.0,4.12,71.17,0.6103,0.43466230875097445,0.6121407606788982,chi2_hap_event,0.1333,0.1436,B,major,0.0315,0.859047379827671,0.8891893931549577,True,2,False,chr22:50524600:C:T,50524600.0,C,T,B,5.9608609865491405e-06,1.0,0.0,154.0,+,+,promotes_event,True,1.0,0.0,3.0,0.0,4.0,,,,binomial_intra_event
scotch_target,B cells,ENSG00000025770,NCAPH2,chr22,144,25,4,B,70.4,0.0912,0.0336,-1,0,NCAPH2_Other,NCAPH2_Other,NCAPH2_Other,exon:50524754-50524780,exon,50524754,50524780,26,8.76,56.96,11.24,67.04,1.0,3.88,60.83,3.0,4.12,71.17,0.6103,0.43466230875097445,0.6121407606788982,chi2_hap_event,0.1333,0.1436,B,major,0.0315,0.859047379827671,0.8891893931549577,False,0,False,,,,,,,,,,,,,False,,,,,,,,,
scotch_target,B cells,ENSG00000025770,NCAPH2,chr22,144,25,4,B,70.4,0.0912,0.0336,-1,0,NCAPH2_Other,NCAPH2_Other,NCAPH2_Other,junction:50522922-50523079,junction,50522922,50523079,157,1.94,63.78,3.06,75.22,0.0,3.88,61.83,0.0,11.12,67.17,,,,insufficient_data,0.0295,0.0391,B,major,0.0976,0.7547891428846043,0.8891893931549577,False,0,False,,,,,,,,,,,,,False,,,,,,,,,
scotch_target,B cells,ENSG00000025770,NCAPH2,chr22,144,25,4,B,70.4,0.0912,0.0336,-1,0,NCAPH2_Other,NCAPH2_Other,NCAPH2_Other,exon:50508245-50508258,exon,50508245,50508258,13,21.37,44.35,24.63,53.65,7.39,0.0,58.32,4.61,0.0,73.68,,,,insufficient_data,0.3252,0.3146,A,minor,0.0184,0.8921925063328602,0.9075751357523922,False,0,False,,,,,,,,,,,,,False,,,,,,,,,
scotch_target,B cells,ENSG00000025770,NCAPH2,chr22,144,25,4,B,70.4,0.0912,0.0336,-1,0,NCAPH2_Other,NCAPH2_Other,NCAPH2_Other,junction:50522415-50522500,junction,50522415,50522500,85,15.06,50.65,17.94,60.35,0.0,0.0,65.71,0.0,9.0,69.29,,,,insufficient_data,0.2292,0.2291,A,minor,0.0,0.9983126995373934,0.9983126995373934,True,2,False,chr22:50522492:C:G,50522492.0,C,G,A,0.9999940391390134,1.0,0.0,8.0,-,-,promotes_event,True,0.0,14.0,0.0,7.0,21.0,,,,chi2_cross_event
scotch_target,B cells,ENSG00000025770,NCAPH2,chr22,144,25,4,B,70.4,0.0912,0.0336,-1,0,NCAPH2_Other,NCAPH2_Other,NCAPH2_Other,junction:50522415-50522500,junction,50522415,50522500,85,15.06,50.65,17.94,60.35,0.0,0.0,65.71,0.0,9.0,69.29,,,,insufficient_data,0.2292,0.2291,A,minor,0.0,0.9983126995373934,0.9983126995373934,True,2,True,chr22:50522493:C:G,50522493.0,C,G,A,0.9999940391390134,1.0,0.0,7.0,-,-,promotes_event,True,0.0,14.0,0.0,7.0,21.0,,,,chi2_cross_event
scotch_target,B cells,ENSG00000099940,SNAP29,chr22,70,40,5,B,70.4,0.0135,0.0015,-1,0,SNAP29_ENST00000215730,SNAP29_ENST00000215730,SNAP29_ENST00000215730,exon:20859006-20859080,exon,20859006,20859080,74,19.23,15.12,20.78,14.88,12.59,0.0,21.75,10.41,0.0,25.25,,,,insufficient_data,0.5598,0.5827,B,major,0.0373,0.8469234508308222,0.8475127172602772,True,1,True,chr22:20859091:C:T,20859091.0,C,T,A,0.9999940391390134,1.0,11.0,11.0,-,+,reduces_event,True,13.0,3.0,11.0,3.0,30.0,0.0335,0.8548127198282508,0.8555355519056321,chi2_cross_event
scotch_target,B cells,ENSG00000099940,SNAP29,chr22,70,40,5,B,70.4,0.0135,0.0015,-1,0,SNAP29_ENST00000215730,SNAP29_ENST00000215730,SNAP29_ENST00000215730,exon:20859080-20859122,exon,20859080,20859122,42,19.72,14.62,22.28,13.38,13.59,0.0,20.75,16.41,0.0,19.25,,,,insufficient_data,0.5743,0.6248,B,major,0.1873,0.6651670849376254,0.8475127172602772,True,1,True,chr22:20859091:C:T,20859091.0,C,T,A,0.9999940391390134,1.0,0.0,11.0,-,+,reduces_event,True,16.0,0.0,14.0,0.0,30.0,,0.8555355519056321,0.8555355519056321,binomial_intra_event
scotch_target,B cells,ENSG00000099940,SNAP29,chr22,70,40,5,B,70.4,0.0135,0.0015,-1,0,SNAP29_ENST00000215730,SNAP29_ENST00000215730,SNAP29_ENST00000215730,exon:20859122-20859347,exon,20859122,20859347,225,19.72,14.62,22.28,13.38,15.58,0.0,18.76,17.42,0.0,18.24,,,,insufficient_data,0.5743,0.6248,B,major,0.1873,0.6651670849376254,0.8475127172602772,True,1,True,chr22:20859091:C:T,20859091.0,C,T,A,0.9999940391390134,1.0,31.0,31.0,-,+,reduces_event,True,14.0,2.0,11.0,3.0,30.0,0.4286,0.5126907602619235,0.8555355519056321,chi2_cross_event
scotch_target,B cells,ENSG00000099940,SNAP29,chr22,70,40,5,B,70.4,0.0135,0.0015,-1,0,SNAP29_ENST00000215730,SNAP29_ENST00000215730,SNAP29_ENST00000215730,exon:20870336-20870533,exon,20870336,20870533,197,20.21,14.13,22.79,12.87,13.58,0.49,20.27,15.42,0.51,19.73,0.0026,0.9596346559332467,0.9779947681998675,chi2_hap_event,0.5885,0.6391,B,major,0.1883,0.6643507550630445,0.8475127172602772,False,0,False,,,,,,,,,,,,,False,,,,,,,,,
scotch_target,B cells,ENSG00000099940,SNAP29,chr22,70,40,5,B,70.4,0.0135,0.0015,-1,0,SNAP29_ENST00000215730,SNAP29_ENST00000215730,SNAP29_ENST00000215730,exon:20881048-20881134,exon,20881048,20881134,86,19.72,14.62,21.28,14.38,12.58,0.99,20.77,13.42,1.01,21.23,0.0008,0.9779947681998675,0.9779947681998675,chi2_hap_event,0.5743,0.5967,B,major,0.037,0.8475127172602772,0.8475127172602772,False,0,False,,,,,,,,,,,,,False,,,,,,,,,
scotch_target,B cells,ENSG00000099940,SNAP29,chr22,70,40,5,B,70.4,0.0135,0.0015,-1,0,SNAP29_ENST00000215730,SNAP29_ENST00000215730,SNAP29_ENST00000215730,exon:20883470-20883569,exon,20883470,20883569,99,19.72,14.62,21.28,14.38,10.58,1.99,21.77,12.42,1.01,22.23,0.4347,0.5096988967853728,0.7135784554995219,chi2_hap_event,0.5743,0.5967,B,major,0.037,0.8475127172602772,0.8475127172602772,False,0,False,,,,,,,,,,,,,False,,,,,,,,,
scotch_target,B cells,ENSG00000099940,SNAP29,chr22,70,40,5,B,70.4,0.0135,0.0015,-1,0,SNAP29_ENST00000215730,SNAP29_ENST00000215730,SNAP29_ENST00000215730,exon:20887678-20887819,exon,20887678,20887819,141,19.72,14.62,21.28,14.38,10.81,2.25,21.28,12.19,0.75,22.72,0.8317,0.361767496872485,0.7135784554995219,chi2_hap_event,0.5743,0.5967,B,major,0.037,0.8475127172602772,0.8475127172602772,False,0,False,,,,,,,,,,,,,False,,,,,,,,,
scotch_target,B cells,ENSG00000099940,SNAP29,chr22,70,40,5,B,70.4,0.0135,0.0015,-1,0,SNAP29_ENST00000215730,SNAP29_ENST00000215730,SNAP29_ENST00000215730,exon:20887819-20887975,exon,20887819,20887975,156,19.23,15.12,20.78,14.88,6.47,2.25,25.63,6.53,0.75,28.37,0.6268,0.42851382423857676,0.7135784554995219,chi2_hap_event,0.5598,0.5827,B,major,0.0373,0.8469234508308222,0.8475127172602772,False,0,False,,,,,,,,,,,,,False,,,,,,,,,
scotch_target,B cells,ENSG00000099940,SNAP29,chr22,70,40,5,B,70.4,0.0135,0.0015,-1,0,SNAP29_ENST00000215730,SNAP29_ENST00000215730,SNAP29_ENST00000215730,exon:20887975-20889205,exon,20887975,20889205,1230,19.23,15.12,20.78,14.88,3.75,1.49,29.1,0.25,0.51,34.9,,,,insufficient_data,0.5598,0.5827,B,major,0.0373,0.8469234508308222,0.8475127172602772,True,1,True,chr22:20888964:T:C,20888964.0,T,C,B,5.9608609865491405e-06,1.0,0.0,241.0,+,-,promotes_event,True,3.0,0.0,0.0,0.0,3.0,,,,binomial_intra_event
scotch_target,B cells,ENSG00000099940,SNAP29,chr22,70,40,5,B,70.4,0.0135,0.0015,-1,0,SNAP29_ENST00000215730,SNAP29_ENST00000215730,SNAP29_ENST00000215730,exon:20889205-20889263,exon,20889205,20889263,58,19.23,15.12,20.78,14.88,1.0,3.25,30.09,0.0,0.75,34.91,,,,insufficient_data,0.5598,0.5827,B,major,0.0373,0.8469234508308222,0.8475127172602772,False,0,False,,,,,,,,,,,,,False,,,,,,,,,
scotch_target,B cells,ENSG00000099940,SNAP29,chr22,70,40,5,B,70.4,0.0135,0.0015,-1,0,SNAP29_ENST00000215730,SNAP29_ENST00000215730,SNAP29_ENST00000215730,exon:20889263-20890899,exon,20889263,20890899,1636,19.23,15.12,20.78,14.88,8.16,1.0,25.18,6.84,0.0,28.82,0.793,0.3731982728923958,0.7135784554995219,chi2_hap_event,0.5598,0.5827,B,major,0.0373,0.8469234508308222,0.8475127172602772,True,3,False,chr22:20889398:T:G,20889398.0,T,G,B,5.9608609865491405e-06,1.0,0.0,135.0,+,-,promotes_event,True,1.0,0.0,0.0,0.0,1.0,,,,binomial_intra_event
scotch_target,B cells,ENSG00000099940,SNAP29,chr22,70,40,5,B,70.4,0.0135,0.0015,-1,0,SNAP29_ENST00000215730,SNAP29_ENST00000215730,SNAP29_ENST00000215730,exon:20889263-20890899,exon,20889263,20890899,1636,19.23,15.12,20.78,14.88,8.16,1.0,25.18,6.84,0.0,28.82,0.793,0.3731982728923958,0.7135784554995219,chi2_hap_event,0.5598,0.5827,B,major,0.0373,0.8469234508308222,0.8475127172602772,True,3,False,chr22:20890096:G:T,20890096.0,G,T,A,0.9999940391390134,1.0,0.0,803.0,-,+,reduces_event,True,3.0,0.0,0.0,0.0,3.0,,,,binomial_intra_event
scotch_target,B cells,ENSG00000099940,SNAP29,chr22,70,40,5,B,70.4,0.0135,0.0015,-1,0,SNAP29_ENST00000215730,SNAP29_ENST00000215730,SNAP29_ENST00000215730,exon:20889263-20890899,exon,20889263,20890899,1636,19.23,15.12,20.78,14.88,8.16,1.0,25.18,6.84,0.0,28.82,0.793,0.3731982728923958,0.7135784554995219,chi2_hap_event,0.5598,0.5827,B,major,0.0373,0.8469234508308222,0.8475127172602772,True,3,True,chr22:20890796:T:C,20890796.0,T,C,A,0.9999940391390134,1.0,0.0,103.0,-,+,reduces_event,True,4.0,0.0,4.0,0.0,8.0,,,,binomial_intra_event
scotch_target,B cells,ENSG00000099940,SNAP29,chr22,70,40,5,B,70.4,0.0135,0.0015,-1,0,SNAP29_ENST00000215730,SNAP29_ENST00000215730,SNAP29_ENST00000215730,exon:20890899-20891214,exon,20890899,20891214,315,19.23,15.12,20.78,14.88,5.67,1.0,27.68,4.33,0.0,31.32,0.7116,0.39892781988968506,0.7135784554995219,chi2_hap_event,0.5598,0.5827,B,major,0.0373,0.8469234508308222,0.8475127172602772,False,0,False,,,,,,,,,,,,,False,,,,,,,,,
scotch_target,B cells,ENSG00000099940,SNAP29,chr22,70,40,5,B,70.4,0.0135,0.0015,-1,0,SNAP29_ENST00000215730,SNAP29_ENST00000215730,SNAP29_ENST00000215730,junction:20859347-20870336,junction,20859347,20870336,10989,19.72,14.62,22.28,13.38,0.0,0.0,34.34,1.0,0.0,34.66,,,,insufficient_data,0.5743,0.6248,B,major,0.1873,0.6651670849376254,0.8475127172602772,False,0,False,,,,,,,,,,,,,False,,,,,,,,,
scotch_target,B cells,ENSG00000099940,SNAP29,chr22,70,40,5,B,70.4,0.0135,0.0015,-1,0,SNAP29_ENST00000215730,SNAP29_ENST00000215730,SNAP29_ENST00000215730,junction:20870533-20881048,junction,20870533,20881048,10515,19.72,14.62,21.28,14.38,0.0,0.0,34.34,0.0,0.0,35.66,,,,insufficient_data,0.5743,0.5967,B,major,0.037,0.8475127172602772,0.8475127172602772,False,0,False,,,,,,,,,,,,,False,,,,,,,,,
scotch_target,B cells,ENSG00000099940,SNAP29,chr22,70,40,5,B,70.4,0.0135,0.0015,-1,0,SNAP29_ENST00000215730,SNAP29_ENST00000215730,SNAP29_ENST00000215730,junction:20881134-20883470,junction,20881134,20883470,2336,19.72,14.62,21.28,14.38,0.0,0.0,34.34,0.0,0.0,35.66,,,,insufficient_data,0.5743,0.5967,B,major,0.037,0.8475127172602772,0.8475127172602772,False,0,False,,,,,,,,,,,,,False,,,,,,,,,
scotch_target,B cells,ENSG00000099940,SNAP29,chr22,70,40,5,B,70.4,0.0135,0.0015,-1,0,SNAP29_ENST00000215730,SNAP29_ENST00000215730,SNAP29_ENST00000215730,junction:20883569-20887678,junction,20883569,20887678,4109,19.72,14.62,21.28,14.38,0.0,0.0,34.34,0.0,0.0,35.66,,,,insufficient_data,0.5743,0.5967,B,major,0.037,0.8475127172602772,0.8475127172602772,False,0,False,,,,,,,,,,,,,False,,,,,,,,,
scotch_target,B cells,ENSG00000100207,TCF20,chr22,382,80,8,B,70.4,0.0124,0.0142,-1,-1,TCF20_Other,TCF20_Other,TCF20_Other,exon:42160012-42160052,exon,42160012,42160052,40,7.94,171.83,9.06,193.17,3.74,0.0,176.04,4.26,0.0,197.96,,,,insufficient_data,0.0442,0.0448,B,major,0.0009,0.9756631213372632,0.9870117884974918,False,0,False,,,,,,,,,,,,,False,,,,,,,,,
scotch_target,B cells,ENSG00000100207,TCF20,chr22,382,80,8,B,70.4,0.0124,0.0142,-1,-1,TCF20_Other,TCF20_Other,TCF20_Other,exon:42160052-42160165,exon,42160052,42160165,113,7.94,171.83,9.06,193.17,4.67,0.0,175.1,5.33,0.0,196.9,,,,insufficient_data,0.0442,0.0448,B,major,0.0009,0.9756631213372632,0.9870117884974918,False,0,False,,,,,,,,,,,,,False,,,,,,,,,
scotch_target,B cells,ENSG00000100207,TCF20,chr22,382,80,8,B,70.4,0.0124,0.0142,-1,-1,TCF20_Other,TCF20_Other,TCF20_Other,exon:42160165-42161055,exon,42160165,42161055,890,7.94,171.83,9.06,193.17,7.0,0.0,172.77,8.0,0.0,194.23,,,,insufficient_data,0.0442,0.0448,B,major,0.0009,0.9756631213372632,0.9870117884974918,False,0,False,,,,,,,,,,,,,False,,,,,,,,,
scotch_target,B cells,ENSG00000100207,TCF20,chr22,382,80,8,B,70.4,0.0124,0.0142,-1,-1,TCF20_Other,TCF20_Other,TCF20_Other,exon:42161055-42161097,exon,42161055,42161097,42,10.27,169.5,11.73,190.5,1.4,0.0,178.37,1.6,0.0,200.63,,,,insufficient_data,0.0571,0.058,B,major,0.0012,0.9721242912565602,0.9870117884974918,False,0,False,,,,,,,,,,,,,False,,,,,,,,,
scotch_target,B cells,ENSG00000100207,TCF20,chr22,382,80,8,B,70.4,0.0124,0.0142,-1,-1,TCF20_Other,TCF20_Other,TCF20_Other,exon:42161097-42161358,exon,42161097,42161358,261,10.74,169.03,12.26,189.97,1.4,0.0,178.37,1.6,0.0,200.63,,,,insufficient_data,0.0597,0.0606,B,major,0.0013,0.9714584044487431,0.9870117884974918,False,0,False,,,,,,,,,,,,,False,,,,,,,,,
scotch_target,B cells,ENSG00000100207,TCF20,chr22,382,80,8,B,70.4,0.0124,0.0142,-1,-1,TCF20_Other,TCF20_Other,TCF20_Other,exon:42168608-42168703,exon,42168608,42168703,95,8.41,171.37,9.59,192.63,1.4,0.0,178.37,1.6,0.0,200.63,,,,insufficient_data,0.0468,0.0474,B,major,0.001,0.9749234231731653,0.9870117884974918,False,0,False,,,,,,,,,,,,,False,,,,,,,,,
scotch_target,B cells,ENSG00000100207,TCF20,chr22,382,80,8,B,70.4,0.0124,0.0142,-1,-1,TCF20_Other,TCF20_Other,TCF20_Other,exon:42168703-42168736,exon,42168703,42168736,33,7.94,171.83,9.06,193.17,0.93,0.47,178.37,1.07,0.53,200.63,,,,insufficient_data,0.0442,0.0448,B,major,0.0009,0.9756631213372632,0.9870117884974918,False,0,False,,,,,,,,,,,,,False,,,,,,,,,
scotch_target,B cells,ENSG00000100207,TCF20,chr22,382,80,8,B,70.4,0.0124,0.0142,-1,-1,TCF20_Other,TCF20_Other,TCF20_Other,exon:42169846-42169896,exon,42169846,42169896,50,10.74,169.03,12.26,189.97,2.33,0.0,177.44,2.67,0.0,199.56,,,,insufficient_data,0.0597,0.0606,B,major,0.0013,0.9714584044487431,0.9870117884974918,False,0,False,,,,,,,,,,,,,False,,,,,,,,,
scotch_target,B cells,ENSG00000100207,TCF20,chr22,382,80,8,B,70.4,0.0124,0.0142,-1,-1,TCF20_Other,TCF20_Other,TCF20_Other,exon:42179608-42179702,exon,42179608,42179702,94,10.74,169.03,12.26,189.97,0.47,0.0,179.31,0.53,0.0,201.69,,,,insufficient_data,0.0597,0.0606,B,major,0.0013,0.9714584044487431,0.9870117884974918,False,0,False,,,,,,,,,,,,,False,,,,,,,,,
scotch_target,B cells,ENSG00000100207,TCF20,chr22,382,80,8,B,70.4,0.0124,0.0142,-1,-1,TCF20_Other,TCF20_Other,TCF20_Other,exon:42209650-42210046,exon,42209650,42210046,396,10.74,169.03,12.26,189.97,1.4,0.0,178.37,1.6,0.0,200.63,,,,insufficient_data,0.0597,0.0606,B,major,0.0013,0.9714584044487431,0.9870117884974918,False,0,False,,,,,,,,,,,,,False,,,,,,,,,
scotch_target,B cells,ENSG00000100207,TCF20,chr22,382,80,8,B,70.4,0.0124,0.0142,-1,-1,TCF20_Other,TCF20_Other,TCF20_Other,exon:42210046-42210125,exon,42210046,42210125,79,10.74,169.03,12.26,189.97,0.93,0.0,178.84,1.07,0.0,201.16,,,,insufficient_data,0.0597,0.0606,B,major,0.0013,0.9714584044487431,0.9870117884974918,False,0,False,,,,,,,,,,,,,False,,,,,,,,,
scotch_target,B cells,ENSG00000100207,TCF20,chr22,382,80,8,B,70.4,0.0124,0.0142,-1,-1,TCF20_Other,TCF20_Other,TCF20_Other,exon:42210125-42210159,exon,42210125,42210159,34,10.74,169.03,12.26,189.97,0.93,0.0,178.84,1.07,0.0,201.16,,,,insufficient_data,0.0597,0.0606,B,major,0.0013,0.9714584044487431,0.9870117884974918,False,0,False,,,,,,,,,,,,,False,,,,,,,,,
scotch_target,B cells,ENSG00000100207,TCF20,chr22,382,80,8,B,70.4,0.0124,0.0142,-1,-1,TCF20_Other,TCF20_Other,TCF20_Other,exon:42210159-42210208,exon,42210159,42210208,49,10.74,169.03,12.26,189.97,0.93,0.0,178.84,1.07,0.0,201.16,,,,insufficient_data,0.0597,0.0606,B,major,0.0013,0.9714584044487431,0.9870117884974918,False,0,False,,,,,,,,,,,,,False,,,,,,,,,
scotch_target,B cells,ENSG00000100207,TCF20,chr22,382,80,8,B,70.4,0.0124,0.0142,-1,-1,TCF20_Other,TCF20_Other,TCF20_Other,exon:42210208-42210350,exon,42210208,42210350,142,10.27,169.5,11.73,190.5,0.47,0.0,179.31,0.53,0.0,201.69,,,,insufficient_data,0.0571,0.058,B,major,0.0012,0.9721242912565602,0.9870117884974918,False,0,False,,,,,,,,,,,,,False,,,,,,,,,
scotch_target,B cells,ENSG00000100207,TCF20,chr22,382,80,8,B,70.4,0.0124,0.0142,-1,-1,TCF20_Other,TCF20_Other,TCF20_Other,exon:42210350-42210568,exon,42210350,42210568,218,10.27,169.5,11.73,190.5,1.4,0.0,178.37,1.6,0.0,200.63,,,,insufficient_data,0.0571,0.058,B,major,0.0012,0.9721242912565602,0.9870117884974918,False,0,False,,,,,,,,,,,,,False,,,,,,,,,
scotch_target,B cells,ENSG00000100207,TCF20,chr22,382,80,8,B,70.4,0.0124,0.0142,-1,-1,TCF20_Other,TCF20_Other,TCF20_Other,exon:42210568-42212148,exon,42210568,42212148,1580,10.27,169.5,11.73,190.5,2.33,0.0,177.44,2.67,0.0,199.56,,,,insufficient_data,0.0571,0.058,B,major,0.0012,0.9721242912565602,0.9870117884974918,False,0,False,,,,,,,,,,,,,False,,,,,,,,,
scotch_target,B cells,ENSG00000100207,TCF20,chr22,382,80,8,B,70.4,0.0124,0.0142,-1,-1,TCF20_Other,TCF20_Other,TCF20_Other,exon:42212148-42212260,exon,42212148,42212260,112,10.27,169.5,11.73,190.5,0.47,0.0,179.31,0.53,0.0,201.69,,,,insufficient_data,0.0571,0.058,B,major,0.0012,0.9721242912565602,0.9870117884974918,False,0,False,,,,,,,,,,,,,False,,,,,,,,,
scotch_target,B cells,ENSG00000100207,TCF20,chr22,382,80,8,B,70.4,0.0124,0.0142,-1,-1,TCF20_Other,TCF20_Other,TCF20_Other,exon:42212260-42213166,exon,42212260,42213166,906,10.27,169.5,11.73,190.5,0.93,0.0,178.84,1.07,0.0,201.16,,,,insufficient_data,0.0571,0.058,B,major,0.0012,0.9721242912565602,0.9870117884974918,False,0,False,,,,,,,,,,,,,False,,,,,,,,,
scotch_target,B cells,ENSG00000100207,TCF20,chr22,382,80,8,B,70.4,0.0124,0.0142,-1,-1,TCF20_Other,TCF20_Other,TCF20_Other,exon:42213166-42214846,exon,42213166,42214846,1680,10.27,169.5,11.73,190.5,1.4,0.0,178.37,1.6,0.0,200.63,,,,insufficient_data,0.0571,0.058,B,major,0.0012,0.9721242912565602,0.9870117884974918,False,0,False,,,,,,,,,,,,,False,,,,,,,,,
scotch_target,B cells,ENSG00000100207,TCF20,chr22,382,80,8,B,70.4,0.0124,0.0142,-1,-1,TCF20_Other,TCF20_Other,TCF20_Other,exon:42214846-42215341,exon,42214846,42215341,495,10.74,169.03,12.26,189.97,0.47,0.0,179.31,0.53,0.0,201.69,,,,insufficient_data,0.0597,0.0606,B,major,0.0013,0.9714584044487431,0.9870117884974918,False,0,False,,,,,,,,,,,,,False,,,,,,,,,
scotch_target,B cells,ENSG00000100207,TCF20,chr22,382,80,8,B,70.4,0.0124,0.0142,-1,-1,TCF20_Other,TCF20_Other,TCF20_Other,exon:42215341-42215440,exon,42215341,42215440,99,10.27,169.5,11.73,190.5,0.47,0.0,179.31,0.53,0.0,201.69,,,,insufficient_data,0.0571,0.058,B,major,0.0012,0.9721242912565602,0.9870117884974918,False,0,False,,,,,,,,,,,,,False,,,,,,,,,
scotch_target,B cells,ENSG00000100207,TCF20,chr22,382,80,8,B,70.4,0.0124,0.0142,-1,-1,TCF20_Other,TCF20_Other,TCF20_Other,junction:42161358-42168608,junction,42161358,42168608,7250,8.41,171.37,9.59,192.63,0.0,0.0,179.77,0.0,0.0,202.23,,,,insufficient_data,0.0468,0.0474,B,major,0.001,0.9749234231731653,0.9870117884974918,False,0,False,,,,,,,,,,,,,False,,,,,,,,,
scotch_target,B cells,ENSG00000100207,TCF20,chr22,382,80,8,B,70.4,0.0124,0.0142,-1,-1,TCF20_Other,TCF20_Other,TCF20_Other,junction:42161358-42169846,junction,42161358,42169846,8488,2.34,177.44,2.66,199.56,0.0,0.0,179.77,0.0,0.0,202.23,,,,insufficient_data,0.013,0.0132,B,major,0.0003,0.9870117884974918,0.9870117884974918,False,0,False,,,,,,,,,,,,,False,,,,,,,,,
scotch_target,B cells,ENSG00000100207,TCF20,chr22,382,80,8,B,70.4,0.0124,0.0142,-1,-1,TCF20_Other,TCF20_Other,TCF20_Other,junction:42168736-42169846,junction,42168736,42169846,1110,7.94,171.83,9.06,193.17,0.0,0.47,179.31,0.0,0.53,201.69,,,,insufficient_data,0.0442,0.0448,B,major,0.0009,0.9756631213372632,0.9870117884974918,False,0,False,,,,,,,,,,,,,False,,,,,,,,,
scotch_target,B cells,ENSG00000100207,TCF20,chr22,382,80,8,B,70.4,0.0124,0.0142,-1,-1,TCF20_Other,TCF20_Other,TCF20_Other,junction:42169896-42179608,junction,42169896,42179608,9712,10.74,169.03,12.26,189.97,0.47,0.0,179.31,0.53,0.0,201.69,,,,insufficient_data,0.0597,0.0606,B,major,0.0013,0.9714584044487431,0.9870117884974918,False,0,False,,,,,,,,,,,,,False,,,,,,,,,
scotch_target,B cells,ENSG00000100207,TCF20,chr22,382,80,8,B,70.4,0.0124,0.0142,-1,-1,TCF20_Other,TCF20_Other,TCF20_Other,junction:42179702-42209650,junction,42179702,42209650,29948,10.74,169.03,12.26,189.97,0.47,0.0,179.31,0.53,0.0,201.69,,,,insufficient_data,0.0597,0.0606,B,major,0.0013,0.9714584044487431,0.9870117884974918,False,0,False,,,,,,,,,,,,,False,,,,,,,,,
scotch_target,B cells,ENSG00000100347,SAMM50,chr22,54,34,2,B,70.4,0.0873,0.0356,-1,-1,SAMM50_ENST00000350028,SAMM50_ENST00000350028,SAMM50_ENST00000350028,exon:43955441-43955598,exon,43955441,43955598,157,11.69,13.0,16.31,13.0,12.65,0.0,12.04,17.35,0.0,11.96,,,,insufficient_data,0.4735,0.5565,B,major,0.371,0.542442922452383,0.6690129376912723,False,0,False,,,,,,,,,,,,,False,,,,,,,,,
scotch_target,B cells,ENSG00000100347,SAMM50,chr22,54,34,2,B,70.4,0.0873,0.0356,-1,-1,SAMM50_ENST00000350028,SAMM50_ENST00000350028,SAMM50_ENST00000350028,exon:43963285-43963396,exon,43963285,43963396,111,11.16,13.53,15.84,13.47,13.71,0.0,10.98,18.29,0.0,11.02,,,,insufficient_data,0.452,0.5404,B,major,0.4199,0.5170103744123511,0.6690129376912723,False,0,False,,,,,,,,,,,,,False,,,,,,,,,
scotch_target,B cells,ENSG00000100347,SAMM50,chr22,54,34,2,B,70.4,0.0873,0.0356,-1,-1,SAMM50_ENST00000350028,SAMM50_ENST00000350028,SAMM50_ENST00000350028,exon:43964451-43964488,exon,43964451,43964488,37,11.69,13.0,16.31,13.0,13.71,0.0,10.98,18.29,0.0,11.02,,,,insufficient_data,0.4735,0.5565,B,major,0.371,0.542442922452383,0.6690129376912723,False,0,False,,,,,,,,,,,,,False,,,,,,,,,
scotch_target,B cells,ENSG00000100347,SAMM50,chr22,54,34,2,B,70.4,0.0873,0.0356,-1,-1,SAMM50_ENST00000350028,SAMM50_ENST00000350028,SAMM50_ENST00000350028,exon:43964488-43964553,exon,43964488,43964553,65,11.69,13.0,16.31,13.0,14.24,0.0,10.45,18.76,0.0,10.55,,,,insufficient_data,0.4735,0.5565,B,major,0.371,0.542442922452383,0.6690129376912723,False,0,False,,,,,,,,,,,,,False,,,,,,,,,
scotch_target,B cells,ENSG00000100347,SAMM50,chr22,54,34,2,B,70.4,0.0873,0.0356,-1,-1,SAMM50_ENST00000350028,SAMM50_ENST00000350028,SAMM50_ENST00000350028,exon:43968730-43968818,exon,43968730,43968818,88,11.69,13.0,16.31,13.0,13.18,0.0,11.51,17.82,0.0,11.49,,,,insufficient_data,0.4735,0.5565,B,major,0.371,0.542442922452383,0.6690129376912723,False,0,False,,,,,,,,,,,,,False,,,,,,,,,
scotch_target,B cells,ENSG00000100347,SAMM50,chr22,54,34,2,B,70.4,0.0873,0.0356,-1,-1,SAMM50_ENST00000350028,SAMM50_ENST00000350028,SAMM50_ENST00000350028,exon:43972235-43972342,exon,43972235,43972342,107,11.69,13.0,16.31,13.0,12.12,0.0,12.56,17.88,0.0,11.44,,,,insufficient_data,0.4735,0.5565,B,major,0.371,0.542442922452383,0.6690129376912723,True,1,True,chr22:43972323:A:G,43972323.0,A,G,A,0.9999940391390134,1.0,0.0,19.0,-,-,reduces_event,True,17.0,0.0,12.0,0.0,29.0,,0.45825831964612007,0.877059017606391,binomial_intra_event
scotch_target,B cells,ENSG00000100347,SAMM50,chr22,54,34,2,B,70.4,0.0873,0.0356,-1,-1,SAMM50_ENST00000350028,SAMM50_ENST00000350028,SAMM50_ENST00000350028,exon:43972870-43973001,exon,43972870,43973001,131,11.69,13.0,16.31,13.0,13.11,0.0,11.58,17.89,0.0,11.42,,,,insufficient_data,0.4735,0.5565,B,major,0.371,0.542442922452383,0.6690129376912723,True,1,True,chr22:43972323:A:G,43972323.0,A,G,A,0.9999940391390134,1.0,19.0,547.0,-,-,reduces_event,True,14.0,3.0,9.0,3.0,29.0,0.2318,0.6302089645420912,0.877059017606391,chi2_cross_event
scotch_target,B cells,ENSG00000100347,SAMM50,chr22,54,34,2,B,70.4,0.0873,0.0356,-1,-1,SAMM50_ENST00000350028,SAMM50_ENST00000350028,SAMM50_ENST00000350028,exon:43973235-43973322,exon,43973235,43973322,87,11.69,13.0,16.31,13.0,12.11,1.0,11.58,15.89,0.0,13.42,1.2555,0.26250190143109287,0.9039607547629432,chi2_hap_event,0.4735,0.5565,B,major,0.371,0.542442922452383,0.6690129376912723,False,0,False,,,,,,,,,,,,,False,,,,,,,,,
scotch_target,B cells,ENSG00000100347,SAMM50,chr22,54,34,2,B,70.4,0.0873,0.0356,-1,-1,SAMM50_ENST00000350028,SAMM50_ENST00000350028,SAMM50_ENST00000350028,exon:43976054-43976183,exon,43976054,43976183,129,11.69,13.0,17.31,12.0,12.11,1.0,11.58,15.89,0.0,13.42,1.2555,0.26250190143109287,0.9039607547629432,chi2_hap_event,0.4735,0.5906,B,major,0.7401,0.3896341556188987,0.6690129376912723,False,0,False,,,,,,,,,,,,,False,,,,,,,,,
scotch_target,B cells,ENSG00000100347,SAMM50,chr22,54,34,2,B,70.4,0.0873,0.0356,-1,-1,SAMM50_ENST00000350028,SAMM50_ENST00000350028,SAMM50_ENST00000350028,exon:43976749-43976821,exon,43976749,43976821,72,11.69,13.0,17.31,12.0,12.11,1.0,11.57,16.89,0.0,12.43,1.3326,0.2483477946668607,0.9039607547629432,chi2_hap_event,0.4735,0.5906,B,major,0.7401,0.3896341556188987,0.6690129376912723,False,0,False,,,,,,,,,,,,,False,,,,,,,,,
scotch_target,B cells,ENSG00000100347,SAMM50,chr22,54,34,2,B,70.4,0.0873,0.0356,-1,-1,SAMM50_ENST00000350028,SAMM50_ENST00000350028,SAMM50_ENST00000350028,exon:43977871-43977958,exon,43977871,43977958,87,11.69,13.0,17.31,12.0,12.64,1.0,11.04,17.36,1.0,10.96,0.0487,0.8253422600602349,0.9039607547629432,chi2_hap_event,0.4735,0.5906,B,major,0.7401,0.3896341556188987,0.6690129376912723,False,0,False,,,,,,,,,,,,,False,,,,,,,,,
scotch_target,B cells,ENSG00000100347,SAMM50,chr22,54,34,2,B,70.4,0.0873,0.0356,-1,-1,SAMM50_ENST00000350028,SAMM50_ENST00000350028,SAMM50_ENST00000350028,exon:43981390-43981461,exon,43981390,43981461,71,11.69,13.0,17.31,12.0,12.63,1.01,11.04,15.37,1.99,11.96,0.1422,0.7061328038255695,0.9039607547629432,chi2_hap_event,0.4735,0.5906,B,major,0.7401,0.3896341556188987,0.6690129376912723,False,0,False,,,,,,,,,,,,,False,,,,,,,,,
scotch_target,B cells,ENSG00000100347,SAMM50,chr22,54,34,2,B,70.4,0.0873,0.0356,-1,-1,SAMM50_ENST00000350028,SAMM50_ENST00000350028,SAMM50_ENST00000350028,exon:43983932-43984000,exon,43983932,43984000,68,11.69,13.0,17.31,12.0,13.17,1.0,10.52,16.83,1.0,11.48,0.0293,0.8641456222131001,0.9039607547629432,chi2_hap_event,0.4735,0.5906,B,major,0.7401,0.3896341556188987,0.6690129376912723,False,0,False,,,,,,,,,,,,,False,,,,,,,,,
scotch_target,B cells,ENSG00000100347,SAMM50,chr22,54,34,2,B,70.4,0.0873,0.0356,-1,-1,SAMM50_ENST00000350028,SAMM50_ENST00000350028,SAMM50_ENST00000350028,exon:43986343-43987587,exon,43986343,43987587,1244,3.11,21.58,1.89,27.42,0.53,12.63,11.53,0.47,16.37,12.47,0.0343,0.8531086383483846,0.9039607547629432,chi2_hap_event,0.126,0.0645,A,minor,0.6034,0.437277503943279,0.6690129376912723,False,0,False,,,,,,,,,,,,,False,,,,,,,,,
scotch_target,B cells,ENSG00000100347,SAMM50,chr22,54,34,2,B,70.4,0.0873,0.0356,-1,-1,SAMM50_ENST00000350028,SAMM50_ENST00000350028,SAMM50_ENST00000350028,exon:43987587-43987676,exon,43987587,43987676,89,3.11,21.58,1.89,27.42,0.0,12.63,12.05,0.0,16.37,12.95,,,,insufficient_data,0.126,0.0645,A,minor,0.6034,0.437277503943279,0.6690129376912723,False,0,False,,,,,,,,,,,,,False,,,,,,,,,
scotch_target,B cells,ENSG00000100347,SAMM50,chr22,54,34,2,B,70.4,0.0873,0.0356,-1,-1,SAMM50_ENST00000350028,SAMM50_ENST00000350028,SAMM50_ENST00000350028,exon:43987676-43988741,exon,43987676,43988741,1065,3.11,21.58,1.89,27.42,0.0,12.63,12.05,0.0,16.37,12.95,,,,insufficient_data,0.126,0.0645,A,minor,0.6034,0.437277503943279,0.6690129376912723,False,0,False,,,,,,,,,,,,,False,,,,,,,,,
scotch_target,B cells,ENSG00000100347,SAMM50,chr22,54,34,2,B,70.4,0.0873,0.0356,-1,-1,SAMM50_ENST00000350028,SAMM50_ENST00000350028,SAMM50_ENST00000350028,exon:43988741-43988934,exon,43988741,43988934,193,3.11,21.58,1.89,27.42,0.0,12.63,12.05,1.0,15.37,12.95,0.7992,0.3713326212095982,0.9039607547629432,chi2_hap_event,0.126,0.0645,A,minor,0.6034,0.437277503943279,0.6690129376912723,False,0,False,,,,,,,,,,,,,False,,,,,,,,,
scotch_target,B cells,ENSG00000100347,SAMM50,chr22,54,34,2,B,70.4,0.0873,0.0356,-1,-1,SAMM50_ENST00000350028,SAMM50_ENST00000350028,SAMM50_ENST00000350028,exon:43988934-43989110,exon,43988934,43989110,176,3.11,21.58,1.89,27.42,0.53,12.63,11.53,0.47,15.37,13.47,0.0236,0.8778194227468116,0.9039607547629432,chi2_hap_event,0.126,0.0645,A,minor,0.6034,0.437277503943279,0.6690129376912723,False,0,False,,,,,,,,,,,,,False,,,,,,,,,
scotch_target,B cells,ENSG00000100347,SAMM50,chr22,54,34,2,B,70.4,0.0873,0.0356,-1,-1,SAMM50_ENST00000350028,SAMM50_ENST00000350028,SAMM50_ENST00000350028,junction:43955598-43963285,junction,43955598,43963285,7687,11.16,13.53,15.84,13.47,0.0,0.0,24.69,1.0,0.0,28.31,,,,insufficient_data,0.452,0.5404,B,major,0.4199,0.5170103744123511,0.6690129376912723,False,0,False,,,,,,,,,,,,,False,,,,,,,,,
scotch_target,B cells,ENSG00000100347,SAMM50,chr22,54,34,2,B,70.4,0.0873,0.0356,-1,-1,SAMM50_ENST00000350028,SAMM50_ENST00000350028,SAMM50_ENST00000350028,junction:43963396-43964451,junction,43963396,43964451,1055,11.16,13.53,15.84,13.47,0.53,0.0,24.16,0.47,0.0,28.84,,,,insufficient_data,0.452,0.5404,B,major,0.4199,0.5170103744123511,0.6690129376912723,False,0,False,,,,,,,,,,,,,False,,,,,,,,,
scotch_target,B cells,ENSG00000100347,SAMM50,chr22,54,34,2,B,70.4,0.0873,0.0356,-1,-1,SAMM50_ENST00000350028,SAMM50_ENST00000350028,SAMM50_ENST00000350028,junction:43964553-43968730,junction,43964553,43968730,4177,11.69,13.0,16.31,13.0,0.0,0.0,24.69,0.0,0.0,29.31,,,,insufficient_data,0.4735,0.5565,B,major,0.371,0.542442922452383,0.6690129376912723,False,0,False,,,,,,,,,,,,,False,,,,,,,,,
scotch_target,B cells,ENSG00000100347,SAMM50,chr22,54,34,2,B,70.4,0.0873,0.0356,-1,-1,SAMM50_ENST00000350028,SAMM50_ENST00000350028,SAMM50_ENST00000350028,junction:43968818-43972235,junction,43968818,43972235,3417,11.69,13.0,16.31,13.0,0.0,0.0,24.69,0.0,0.0,29.31,,,,insufficient_data,0.4735,0.5565,B,major,0.371,0.542442922452383,0.6690129376912723,False,0,False,,,,,,,,,,,,,False,,,,,,,,,
scotch_target,B cells,ENSG00000100347,SAMM50,chr22,54,34,2,B,70.4,0.0873,0.0356,-1,-1,SAMM50_ENST00000350028,SAMM50_ENST00000350028,SAMM50_ENST00000350028,junction:43972342-43972870,junction,43972342,43972870,528,11.69,13.0,16.31,13.0,0.0,0.0,24.69,0.0,0.0,29.31,,,,insufficient_data,0.4735,0.5565,B,major,0.371,0.542442922452383,0.6690129376912723,True,1,True,chr22:43972323:A:G,43972323.0,A,G,A,0.9999940391390134,1.0,19.0,19.0,-,-,reduces_event,True,14.0,3.0,9.0,3.0,29.0,0.2318,0.6302089645420912,0.877059017606391,chi2_cross_event
scotch_target,B cells,ENSG00000100347,SAMM50,chr22,54,34,2,B,70.4,0.0873,0.0356,-1,-1,SAMM50_ENST00000350028,SAMM50_ENST00000350028,SAMM50_ENST00000350028,junction:43973001-43973235,junction,43973001,43973235,234,11.69,13.0,16.31,13.0,8.99,2.01,13.69,12.01,1.99,15.31,0.0757,0.7832280065688747,0.9039607547629432,chi2_hap_event,0.4735,0.5565,B,major,0.371,0.542442922452383,0.6690129376912723,False,0,False,,,,,,,,,,,,,False,,,,,,,,,
scotch_target,B cells,ENSG00000100347,SAMM50,chr22,54,34,2,B,70.4,0.0873,0.0356,-1,-1,SAMM50_ENST00000350028,SAMM50_ENST00000350028,SAMM50_ENST00000350028,junction:43973323-43976054,junction,43973323,43976054,2731,11.16,13.53,15.84,13.47,11.0,0.0,13.69,11.0,0.0,18.31,,,,insufficient_data,0.452,0.5404,B,major,0.4199,0.5170103744123511,0.6690129376912723,False,0,False,,,,,,,,,,,,,False,,,,,,,,,
scotch_target,B cells,ENSG00000100347,SAMM50,chr22,54,34,2,B,70.4,0.0873,0.0356,-1,-1,SAMM50_ENST00000350028,SAMM50_ENST00000350028,SAMM50_ENST00000350028,junction:43976183-43976749,junction,43976183,43976749,566,11.69,13.0,17.31,12.0,0.0,0.0,24.69,0.0,0.0,29.31,,,,insufficient_data,0.4735,0.5906,B,major,0.7401,0.3896341556188987,0.6690129376912723,False,0,False,,,,,,,,,,,,,False,,,,,,,,,
scotch_target,B cells,ENSG00000100347,SAMM50,chr22,54,34,2,B,70.4,0.0873,0.0356,-1,-1,SAMM50_ENST00000350028,SAMM50_ENST00000350028,SAMM50_ENST00000350028,junction:43976821-43977871,junction,43976821,43977871,1050,11.69,13.0,17.31,12.0,0.0,0.0,24.69,0.0,0.0,29.31,,,,insufficient_data,0.4735,0.5906,B,major,0.7401,0.3896341556188987,0.6690129376912723,False,0,False,,,,,,,,,,,,,False,,,,,,,,,
scotch_target,B cells,ENSG00000100347,SAMM50,chr22,54,34,2,B,70.4,0.0873,0.0356,-1,-1,SAMM50_ENST00000350028,SAMM50_ENST00000350028,SAMM50_ENST00000350028,junction:43977958-43981390,junction,43977958,43981390,3432,11.69,13.0,17.31,12.0,0.53,0.0,24.16,0.47,0.0,28.84,,,,insufficient_data,0.4735,0.5906,B,major,0.7401,0.3896341556188987,0.6690129376912723,False,0,False,,,,,,,,,,,,,False,,,,,,,,,
scotch_target,B cells,ENSG00000100347,SAMM50,chr22,54,34,2,B,70.4,0.0873,0.0356,-1,-1,SAMM50_ENST00000350028,SAMM50_ENST00000350028,SAMM50_ENST00000350028,junction:43981461-43983932,junction,43981461,43983932,2471,11.69,13.0,17.31,12.0,0.53,0.0,24.16,0.47,0.0,28.84,,,,insufficient_data,0.4735,0.5906,B,major,0.7401,0.3896341556188987,0.6690129376912723,False,0,False,,,,,,,,,,,,,False,,,,,,,,,
scotch_target,B cells,ENSG00000100347,SAMM50,chr22,54,34,2,B,70.4,0.0873,0.0356,-1,-1,SAMM50_ENST00000350028,SAMM50_ENST00000350028,SAMM50_ENST00000350028,junction:43984000-43989110,junction,43984000,43989110,5110,11.69,13.0,17.31,12.0,0.0,0.0,24.69,0.0,0.0,29.31,,,,insufficient_data,0.4735,0.5906,B,major,0.7401,0.3896341556188987,0.6690129376912723,False,0,False,,,,,,,,,,,,,False,,,,,,,,,
scotch_target,B cells,ENSG00000100347,SAMM50,chr22,54,34,2,B,70.4,0.0873,0.0356,-1,-1,SAMM50_ENST00000350028,SAMM50_ENST00000350028,SAMM50_ENST00000350028,exon:43989110-43989257,exon,43989110,43989257,147,14.8,9.89,19.2,10.11,14.15,0.0,10.53,14.85,1.0,13.47,0.9162,0.33847323057297674,0.9039607547629432,chi2_hap_event,0.5994,0.6551,B,major,0.1781,0.673009969110026,0.6917046904741934,False,0,False,,,,,,,,,,,,,False,,,,,,,,,
scotch_target,B cells,ENSG00000100347,SAMM50,chr22,54,34,2,B,70.4,0.0873,0.0356,-1,-1,SAMM50_ENST00000350028,SAMM50_ENST00000350028,SAMM50_ENST00000350028,exon:43990264-43990327,exon,43990264,43990327,63,14.8,9.89,19.2,10.11,13.1,0.53,11.06,14.9,0.47,13.94,0.0146,0.9039607547629432,0.9039607547629432,chi2_hap_event,0.5994,0.6551,B,major,0.1781,0.673009969110026,0.6917046904741934,False,0,False,,,,,,,,,,,,,False,,,,,,,,,
scotch_target,B cells,ENSG00000100347,SAMM50,chr22,54,34,2,B,70.4,0.0873,0.0356,-1,-1,SAMM50_ENST00000350028,SAMM50_ENST00000350028,SAMM50_ENST00000350028,exon:43996337-43996376,exon,43996337,43996376,39,14.8,9.89,19.2,10.11,15.74,0.0,8.95,17.26,0.0,12.05,,,,insufficient_data,0.5994,0.6551,B,major,0.1781,0.673009969110026,0.6917046904741934,False,0,False,,,,,,,,,,,,,False,,,,,,,,,
scotch_target,B cells,ENSG00000100347,SAMM50,chr22,54,34,2,B,70.4,0.0873,0.0356,-1,-1,SAMM50_ENST00000350028,SAMM50_ENST00000350028,SAMM50_ENST00000350028,exon:43996376-43996529,exon,43996376,43996529,153,14.8,9.89,19.2,10.11,15.74,0.0,8.95,17.26,0.0,12.05,,,,insufficient_data,0.5994,0.6551,B,major,0.1781,0.673009969110026,0.6917046904741934,False,0,False,,,,,,,,,,,,,False,,,,,,,,,
scotch_target,B cells,ENSG00000100347,SAMM50,chr22,54,34,2,B,70.4,0.0873,0.0356,-1,-1,SAMM50_ENST00000350028,SAMM50_ENST00000350028,SAMM50_ENST00000350028,junction:43989257-43990264,junction,43989257,43990264,1007,14.8,9.89,19.2,10.11,0.0,0.0,24.69,0.0,0.0,29.31,,,,insufficient_data,0.5994,0.6551,B,major,0.1781,0.673009969110026,0.6917046904741934,False,0,False,,,,,,,,,,,,,False,,,,,,,,,
scotch_target,B cells,ENSG00000100347,SAMM50,chr22,54,34,2,B,70.4,0.0873,0.0356,-1,-1,SAMM50_ENST00000350028,SAMM50_ENST00000350028,SAMM50_ENST00000350028,junction:43990406-43996337,junction,43990406,43996337,5931,14.8,9.89,19.2,10.11,0.11,0.0,24.57,0.89,0.0,28.42,,,,insufficient_data,0.5994,0.6551,B,major,0.1781,0.673009969110026,0.6917046904741934,True,1,True,chr22:43990400:C:T,43990400.0,C,T,A,0.9999940391390134,1.0,6.0,6.0,-,-,reduces_event,True,13.0,2.0,11.0,2.0,28.0,0.0239,0.877059017606391,0.877059017606391,chi2_cross_event
scotch_target,B cells,ENSG00000100347,SAMM50,chr22,54,34,2,B,70.4,0.0873,0.0356,-1,-1,SAMM50_ENST00000350028,SAMM50_ENST00000350028,SAMM50_ENST00000350028,exon:43990327-43990406,exon,43990327,43990406,79,15.85,8.83,20.14,9.17,13.1,0.53,11.06,14.9,0.47,13.94,0.0146,0.9039607547629432,0.9039607547629432,chi2_hap_event,0.6422,0.6871,B,major,0.1218,0.7270581152216162,0.7270581152216162,True,1,True,chr22:43990400:C:T,43990400.0,C,T,A,0.9999940391390134,1.0,0.0,6.0,-,-,reduces_event,True,15.0,0.0,13.0,0.0,28.0,,0.8505540192127228,0.877059017606391,binomial_intra_event
scotch_target,B cells,ENSG00000128294,TPST2,chr22,81,37,8,A,70.4,0.0401,0.0361,-1,-1,TPST2_Other,TPST2_Other,TPST2_Other,exon:26521995-26522387,exon,26521995,26522387,392,3.18,40.21,5.82,31.79,0.0,1.18,42.21,0.0,1.82,35.79,,,,insufficient_data,0.0733,0.1547,B,minor,1.3546,0.24447547520822274,0.2523617808601009,False,0,False,,,,,,,,,,,,,False,,,,,,,,,
scotch_target,B cells,ENSG00000128294,TPST2,chr22,81,37,8,A,70.4,0.0401,0.0361,-1,-1,TPST2_Other,TPST2_Other,TPST2_Other,exon:26522387-26522481,exon,26522387,26522481,94,3.18,40.21,5.82,31.79,0.0,1.18,42.21,0.0,1.82,35.79,,,,insufficient_data,0.0733,0.1547,B,minor,1.3546,0.24447547520822274,0.2523617808601009,False,0,False,,,,,,,,,,,,,False,,,,,,,,,
scotch_target,B cells,ENSG00000128294,TPST2,chr22,81,37,8,A,70.4,0.0401,0.0361,-1,-1,TPST2_Other,TPST2_Other,TPST2_Other,exon:26522481-26522905,exon,26522481,26522905,424,3.18,40.21,5.82,31.79,0.0,1.18,42.21,0.0,1.82,35.79,,,,insufficient_data,0.0733,0.1547,B,minor,1.3546,0.24447547520822274,0.2523617808601009,False,0,False,,,,,,,,,,,,,False,,,,,,,,,
scotch_target,B cells,ENSG00000128294,TPST2,chr22,81,37,8,A,70.4,0.0401,0.0361,-1,-1,TPST2_Other,TPST2_Other,TPST2_Other,exon:26522905-26523564,exon,26522905,26523564,659,3.18,40.21,5.82,31.79,0.0,1.18,42.21,0.0,1.82,35.79,,,,insufficient_data,0.0733,0.1547,B,minor,1.3546,0.24447547520822274,0.2523617808601009,False,0,False,,,,,,,,,,,,,False,,,,,,,,,
scotch_target,B cells,ENSG00000128294,TPST2,chr22,81,37,8,A,70.4,0.0401,0.0361,-1,-1,TPST2_Other,TPST2_Other,TPST2_Other,exon:26523564-26525055,exon,26523564,26525055,1491,3.18,40.21,5.82,31.79,0.53,0.64,42.21,0.47,1.36,35.79,,,,insufficient_data,0.0733,0.1547,B,minor,1.3546,0.24447547520822274,0.2523617808601009,True,1,True,chr22:26524303:T:C,26524303.0,T,C,B,0.011995203185189,0.91,0.0,739.0,-,-,promotes_event,True,0.0,0.0,0.0,0.0,0.0,,,,binomial_intra_event
scotch_target,B cells,ENSG00000128294,TPST2,chr22,81,37,8,A,70.4,0.0401,0.0361,-1,-1,TPST2_Other,TPST2_Other,TPST2_Other,exon:26525055-26525224,exon,26525055,26525224,169,3.18,40.21,5.82,31.79,0.0,1.18,42.21,0.0,1.82,35.79,,,,insufficient_data,0.0733,0.1547,B,minor,1.3546,0.24447547520822274,0.2523617808601009,False,0,False,,,,,,,,,,,,,False,,,,,,,,,
scotch_target,B cells,ENSG00000128294,TPST2,chr22,81,37,8,A,70.4,0.0401,0.0361,-1,-1,TPST2_Other,TPST2_Other,TPST2_Other,exon:26525224-26525745,exon,26525224,26525745,521,3.18,40.21,5.82,31.79,3.0,1.18,39.21,3.0,1.82,32.79,,,,insufficient_data,0.0733,0.1547,B,minor,1.3546,0.24447547520822274,0.2523617808601009,True,1,True,chr22:26525758:A:G,26525758.0,A,G,B,5.9608609865491405e-06,1.0,13.0,13.0,-,-,promotes_event,True,2.0,2.0,3.0,3.0,10.0,0.0,1.0,1.0,chi2_cross_event
scotch_target,B cells,ENSG00000128294,TPST2,chr22,81,37,8,A,70.4,0.0401,0.0361,-1,-1,TPST2_Other,TPST2_Other,TPST2_Other,exon:26525745-26525771,exon,26525745,26525771,26,7.3,36.09,11.7,25.91,4.0,1.18,38.21,6.0,1.82,29.79,0.0008,0.978133747734575,0.9837986926308918,chi2_hap_event,0.1682,0.3111,B,minor,2.2949,0.12980201224728902,0.2523617808601009,True,1,True,chr22:26525758:A:G,26525758.0,A,G,B,5.9608609865491405e-06,1.0,0.0,13.0,-,-,promotes_event,True,4.0,0.0,6.0,0.0,10.0,,0.75390625,1.0,binomial_intra_event
scotch_target,B cells,ENSG00000128294,TPST2,chr22,81,37,8,A,70.4,0.0401,0.0361,-1,-1,TPST2_Other,TPST2_Other,TPST2_Other,exon:26525771-26526267,exon,26525771,26526267,496,7.3,36.09,11.7,25.91,12.71,1.18,29.5,13.29,1.82,22.5,0.1019,0.7496018395309263,0.9837986926308918,chi2_hap_event,0.1682,0.3111,B,minor,2.2949,0.12980201224728902,0.2523617808601009,True,1,True,chr22:26525758:A:G,26525758.0,A,G,B,5.9608609865491405e-06,1.0,13.0,13.0,-,-,promotes_event,True,3.0,1.0,5.0,1.0,10.0,0.1042,0.746885633390364,1.0,chi2_cross_event
scotch_target,B cells,ENSG00000128294,TPST2,chr22,81,37,8,A,70.4,0.0401,0.0361,-1,-1,TPST2_Other,TPST2_Other,TPST2_Other,exon:26528213-26528262,exon,26528213,26528262,49,7.3,36.09,11.7,25.91,10.14,2.23,31.02,9.86,3.77,23.98,0.3409,0.5592869555438919,0.9837986926308918,chi2_hap_event,0.1682,0.3111,B,minor,2.2949,0.12980201224728902,0.2523617808601009,False,0,False,,,,,,,,,,,,,False,,,,,,,,,
scotch_target,B cells,ENSG00000128294,TPST2,chr22,81,37,8,A,70.4,0.0401,0.0361,-1,-1,TPST2_Other,TPST2_Other,TPST2_Other,exon:26532694-26532745,exon,26532694,26532745,51,7.3,36.09,11.7,25.91,9.65,2.18,31.55,10.35,2.82,24.45,0.0339,0.8539652570869901,0.9837986926308918,chi2_hap_event,0.1682,0.3111,B,minor,2.2949,0.12980201224728902,0.2523617808601009,False,0,False,,,,,,,,,,,,,False,,,,,,,,,
scotch_target,B cells,ENSG00000128294,TPST2,chr22,81,37,8,A,70.4,0.0401,0.0361,-1,-1,TPST2_Other,TPST2_Other,TPST2_Other,exon:26536287-26536486,exon,26536287,26536486,199,9.87,33.52,14.13,23.48,10.77,1.59,31.02,12.23,1.41,23.98,0.0419,0.8378394717297273,0.9837986926308918,chi2_hap_event,0.2275,0.3757,B,minor,2.1217,0.1452277705754956,0.2523617808601009,False,0,False,,,,,,,,,,,,,False,,,,,,,,,
scotch_target,B cells,ENSG00000128294,TPST2,chr22,81,37,8,A,70.4,0.0401,0.0361,-1,-1,TPST2_Other,TPST2_Other,TPST2_Other,exon:26540788-26540871,exon,26540788,26540871,83,9.87,33.52,14.13,23.48,12.66,1.59,29.13,10.34,1.41,25.87,0.0041,0.9490476561400103,0.9837986926308918,chi2_hap_event,0.2275,0.3757,B,minor,2.1217,0.1452277705754956,0.2523617808601009,True,1,True,chr22:26540799:G:A,26540799.0,G,A,A,0.9999940391390134,1.0,0.0,11.0,+,+,reduces_event,True,11.0,0.0,11.0,0.0,22.0,,1.0,1.0,binomial_intra_event
scotch_target,B cells,ENSG00000128294,TPST2,chr22,81,37,8,A,70.4,0.0401,0.0361,-1,-1,TPST2_Other,TPST2_Other,TPST2_Other,exon:26540871-26541205,exon,26540871,26541205,334,7.3,36.09,11.7,25.91,13.19,1.06,29.13,9.81,0.94,26.87,0.0136,0.907057431948323,0.9837986926308918,chi2_hap_event,0.1682,0.3111,B,minor,2.2949,0.12980201224728902,0.2523617808601009,False,0,False,,,,,,,,,,,,,False,,,,,,,,,
scotch_target,B cells,ENSG00000128294,TPST2,chr22,81,37,8,A,70.4,0.0401,0.0361,-1,-1,TPST2_Other,TPST2_Other,TPST2_Other,exon:26541205-26541270,exon,26541205,26541270,65,7.3,36.09,11.7,25.91,10.23,1.06,32.09,8.77,0.94,27.91,0.0004,0.9837986926308918,0.9837986926308918,chi2_hap_event,0.1682,0.3111,B,minor,2.2949,0.12980201224728902,0.2523617808601009,False,0,False,,,,,,,,,,,,,False,,,,,,,,,
scotch_target,B cells,ENSG00000128294,TPST2,chr22,81,37,8,A,70.4,0.0401,0.0361,-1,-1,TPST2_Other,TPST2_Other,TPST2_Other,exon:26541270-26541438,exon,26541270,26541438,168,7.3,36.09,11.7,25.91,9.23,1.06,33.09,8.77,0.94,27.91,0.0024,0.9612235440333358,0.9837986926308918,chi2_hap_event,0.1682,0.3111,B,minor,2.2949,0.12980201224728902,0.2523617808601009,False,0,False,,,,,,,,,,,,,False,,,,,,,,,
scotch_target,B cells,ENSG00000128294,TPST2,chr22,81,37,8,A,70.4,0.0401,0.0361,-1,-1,TPST2_Other,TPST2_Other,TPST2_Other,exon:26541438-26541484,exon,26541438,26541484,46,7.3,36.09,11.7,25.91,9.23,1.06,33.09,8.77,0.94,27.91,0.0024,0.9612235440333358,0.9837986926308918,chi2_hap_event,0.1682,0.3111,B,minor,2.2949,0.12980201224728902,0.2523617808601009,False,0,False,,,,,,,,,,,,,False,,,,,,,,,
scotch_target,B cells,ENSG00000128294,TPST2,chr22,81,37,8,A,70.4,0.0401,0.0361,-1,-1,TPST2_Other,TPST2_Other,TPST2_Other,exon:26541484-26541489,exon,26541484,26541489,5,7.3,36.09,11.7,25.91,9.23,1.06,33.09,8.77,0.94,27.91,0.0024,0.9612235440333358,0.9837986926308918,chi2_hap_event,0.1682,0.3111,B,minor,2.2949,0.12980201224728902,0.2523617808601009,False,0,False,,,,,,,,,,,,,False,,,,,,,,,
scotch_target,B cells,ENSG00000128294,TPST2,chr22,81,37,8,A,70.4,0.0401,0.0361,-1,-1,TPST2_Other,TPST2_Other,TPST2_Other,exon:26541489-26541718,exon,26541489,26541718,229,7.3,36.09,11.7,25.91,9.23,1.06,33.09,8.77,0.94,27.91,0.0024,0.9612235440333358,0.9837986926308918,chi2_hap_event,0.1682,0.3111,B,minor,2.2949,0.12980201224728902,0.2523617808601009,False,0,False,,,,,,,,,,,,,False,,,,,,,,,
scotch_target,B cells,ENSG00000128294,TPST2,chr22,81,37,8,A,70.4,0.0401,0.0361,-1,-1,TPST2_Other,TPST2_Other,TPST2_Other,exon:26544603-26544675,exon,26544603,26544675,72,7.3,36.09,11.7,25.91,8.23,1.07,34.09,5.77,2.93,28.91,1.2834,0.25727124338151497,0.9837986926308918,chi2_hap_event,0.1682,0.3111,B,minor,2.2949,0.12980201224728902,0.2523617808601009,False,0,False,,,,,,,,,,,,,False,,,,,,,,,
scotch_target,B cells,ENSG00000128294,TPST2,chr22,81,37,8,A,70.4,0.0401,0.0361,-1,-1,TPST2_Other,TPST2_Other,TPST2_Other,exon:26565223-26565368,exon,26565223,26565368,145,3.12,40.27,5.88,31.73,0.0,9.29,34.09,0.0,8.71,28.91,,,,insufficient_data,0.0719,0.1563,B,minor,1.4588,0.22711440930425375,0.2523617808601009,False,0,False,,,,,,,,,,,,,False,,,,,,,,,
scotch_target,B cells,ENSG00000128294,TPST2,chr22,81,37,8,A,70.4,0.0401,0.0361,-1,-1,TPST2_Other,TPST2_Other,TPST2_Other,exon:26590052-26590105,exon,26590052,26590105,53,3.18,40.21,5.82,31.79,9.29,1.06,33.03,8.71,0.94,27.97,0.0015,0.9687064312873988,0.9837986926308918,chi2_hap_event,0.0733,0.1547,B,minor,1.3546,0.24447547520822274,0.2523617808601009,False,0,False,,,,,,,,,,,,,False,,,,,,,,,
scotch_target,B cells,ENSG00000128294,TPST2,chr22,81,37,8,A,70.4,0.0401,0.0361,-1,-1,TPST2_Other,TPST2_Other,TPST2_Other,exon:26590105-26590125,exon,26590105,26590125,20,3.18,40.21,5.82,31.79,5.17,1.06,37.15,3.83,0.94,32.85,0.0128,0.9097889236638071,0.9837986926308918,chi2_hap_event,0.0733,0.1547,B,minor,1.3546,0.24447547520822274,0.2523617808601009,False,0,False,,,,,,,,,,,,,False,,,,,,,,,
scotch_target,B cells,ENSG00000128294,TPST2,chr22,81,37,8,A,70.4,0.0401,0.0361,-1,-1,TPST2_Other,TPST2_Other,TPST2_Other,exon:26590125-26590132,exon,26590125,26590132,7,3.18,40.21,5.82,31.79,2.53,1.06,39.79,2.47,0.94,34.21,,,,insufficient_data,0.0733,0.1547,B,minor,1.3546,0.24447547520822274,0.2523617808601009,False,0,False,,,,,,,,,,,,,False,,,,,,,,,
scotch_target,B cells,ENSG00000128294,TPST2,chr22,81,37,8,A,70.4,0.0401,0.0361,-1,-1,TPST2_Other,TPST2_Other,TPST2_Other,junction:26526267-26528213,junction,26526267,26528213,1946,7.3,36.09,11.7,25.91,0.0,0.0,43.39,0.0,0.0,37.61,,,,insufficient_data,0.1682,0.3111,B,minor,2.2949,0.12980201224728902,0.2523617808601009,False,0,False,,,,,,,,,,,,,False,,,,,,,,,
scotch_target,B cells,ENSG00000128294,TPST2,chr22,81,37,8,A,70.4,0.0401,0.0361,-1,-1,TPST2_Other,TPST2_Other,TPST2_Other,junction:26528262-26532694,junction,26528262,26532694,4432,7.3,36.09,11.7,25.91,0.0,0.0,43.39,0.0,0.0,37.61,,,,insufficient_data,0.1682,0.3111,B,minor,2.2949,0.12980201224728902,0.2523617808601009,False,0,False,,,,,,,,,,,,,False,,,,,,,,,
scotch_target,B cells,ENSG00000128294,TPST2,chr22,81,37,8,A,70.4,0.0401,0.0361,-1,-1,TPST2_Other,TPST2_Other,TPST2_Other,junction:26532745-26536287,junction,26532745,26536287,3542,7.3,36.09,11.7,25.91,0.0,0.0,43.39,0.0,0.0,37.61,,,,insufficient_data,0.1682,0.3111,B,minor,2.2949,0.12980201224728902,0.2523617808601009,True,1,True,chr22:26535908:G:A,26535908.0,G,A,A,0.9999940391390134,1.0,0.0,379.0,+,+,reduces_event,True,0.0,1.0,0.0,1.0,2.0,,,,chi2_cross_event
scotch_target,B cells,ENSG00000128294,TPST2,chr22,81,37,8,A,70.4,0.0401,0.0361,-1,-1,TPST2_Other,TPST2_Other,TPST2_Other,junction:26536486-26540788,junction,26536486,26540788,4302,9.87,33.52,14.13,23.48,0.0,0.0,43.39,0.0,0.0,37.61,,,,insufficient_data,0.2275,0.3757,B,minor,2.1217,0.1452277705754956,0.2523617808601009,True,2,True,chr22:26540595:G:A,26540595.0,G,A,A,0.9999940391390134,1.0,0.0,193.0,+,+,reduces_event,True,0.0,0.0,0.0,3.0,3.0,,,,chi2_cross_event
scotch_target,B cells,ENSG00000128294,TPST2,chr22,81,37,8,A,70.4,0.0401,0.0361,-1,-1,TPST2_Other,TPST2_Other,TPST2_Other,junction:26536486-26540788,junction,26536486,26540788,4302,9.87,33.52,14.13,23.48,0.0,0.0,43.39,0.0,0.0,37.61,,,,insufficient_data,0.2275,0.3757,B,minor,2.1217,0.1452277705754956,0.2523617808601009,True,2,False,chr22:26540799:G:A,26540799.0,G,A,A,0.9999940391390134,1.0,11.0,11.0,+,+,reduces_event,True,7.0,4.0,3.0,8.0,22.0,2.9333,0.08676817270387592,0.43384086351937956,chi2_cross_event
scotch_target,B cells,ENSG00000128294,TPST2,chr22,81,37,8,A,70.4,0.0401,0.0361,-1,-1,TPST2_Other,TPST2_Other,TPST2_Other,junction:26541718-26544603,junction,26541718,26544603,2885,6.3,37.09,11.7,25.91,5.7,0.0,37.69,3.3,0.0,34.31,,,,insufficient_data,0.1452,0.3111,B,minor,3.2143,0.07299922721866793,0.2523617808601009,False,0,False,,,,,,,,,,,,,False,,,,,,,,,
scotch_target,B cells,ENSG00000128294,TPST2,chr22,81,37,8,A,70.4,0.0401,0.0361,-1,-1,TPST2_Other,TPST2_Other,TPST2_Other,junction:26544675-26565223,junction,26544675,26565223,20548,3.12,40.27,5.88,31.73,0.0,0.0,43.39,0.0,0.0,37.61,,,,insufficient_data,0.0719,0.1563,B,minor,1.4588,0.22711440930425375,0.2523617808601009,False,0,False,,,,,,,,,,,,,False,,,,,,,,,
scotch_target,B cells,ENSG00000128294,TPST2,chr22,81,37,8,A,70.4,0.0401,0.0361,-1,-1,TPST2_Other,TPST2_Other,TPST2_Other,junction:26544675-26590052,junction,26544675,26590052,45377,3.18,40.21,5.82,31.79,0.0,0.0,43.39,0.0,0.0,37.61,,,,insufficient_data,0.0733,0.1547,B,minor,1.3546,0.24447547520822274,0.2523617808601009,True,3,False,chr22:26578964:C:T,26578964.0,C,T,A,0.9999940391390134,1.0,0.0,11088.0,+,+,reduces_event,True,0.0,1.0,0.0,0.0,1.0,,,,chi2_cross_event
scotch_target,B cells,ENSG00000128294,TPST2,chr22,81,37,8,A,70.4,0.0401,0.0361,-1,-1,TPST2_Other,TPST2_Other,TPST2_Other,junction:26544675-26590052,junction,26544675,26590052,45377,3.18,40.21,5.82,31.79,0.0,0.0,43.39,0.0,0.0,37.61,,,,insufficient_data,0.0733,0.1547,B,minor,1.3546,0.24447547520822274,0.2523617808601009,True,3,False,chr22:26579131:G:A,26579131.0,G,A,B,5.9608609865491405e-06,1.0,0.0,10921.0,-,-,promotes_event,True,0.0,0.0,0.0,1.0,1.0,,,,chi2_cross_event
scotch_target,B cells,ENSG00000128294,TPST2,chr22,81,37,8,A,70.4,0.0401,0.0361,-1,-1,TPST2_Other,TPST2_Other,TPST2_Other,junction:26544675-26590052,junction,26544675,26590052,45377,3.18,40.21,5.82,31.79,0.0,0.0,43.39,0.0,0.0,37.61,,,,insufficient_data,0.0733,0.1547,B,minor,1.3546,0.24447547520822274,0.2523617808601009,True,3,True,chr22:26583360:G:C,26583360.0,G,C,B,5.9608609865491405e-06,1.0,0.0,6692.0,-,-,promotes_event,True,0.0,5.0,0.0,2.0,7.0,,,,chi2_cross_event
scotch_target,B cells,ENSG00000128294,TPST2,chr22,81,37,8,A,70.4,0.0401,0.0361,-1,-1,TPST2_Other,TPST2_Other,TPST2_Other,exon:26535894-26536287,exon,26535894,26536287,393,2.57,40.81,2.43,35.19,1.51,1.71,40.17,1.49,2.29,33.83,,,,insufficient_data,0.0592,0.0646,B,minor,0.0093,0.9231466756927472,0.9231466756927472,True,1,True,chr22:26535908:G:A,26535908.0,G,A,A,0.9999940391390134,1.0,0.0,14.0,+,+,reduces_event,True,1.0,0.0,1.0,0.0,2.0,,,,binomial_intra_event
scotch_target,B cells,ENSG00000184983,NDUFA6,chr22,355,86,5,B,70.4,0.0954,0.0029,-1,-1,NDUFA6_ENST00000498737,NDUFA6_ENST00000498737,NDUFA6_ENST00000498737,exon:42085526-42086115,exon,42085526,42086115,589,99.85,61.07,123.15,70.93,48.46,0.0,112.45,69.54,0.0,124.55,,,,insufficient_data,0.6205,0.6345,B,major,0.074,0.7856316827467951,0.8945532299645955,True,1,True,chr22:42085844:G:A,42085844.0,G,A,A,0.9999940391390134,1.0,0.0,271.0,-,+,reduces_event,True,32.0,0.0,15.0,0.0,47.0,,0.018623836615006432,0.018623836615006432,binomial_intra_event
scotch_target,B cells,ENSG00000184983,NDUFA6,chr22,355,86,5,B,70.4,0.0954,0.0029,-1,-1,NDUFA6_ENST00000498737,NDUFA6_ENST00000498737,NDUFA6_ENST00000498737,exon:42086115-42086314,exon,42086115,42086314,199,108.74,52.17,133.26,60.83,125.54,0.0,35.37,157.46,0.0,36.63,,,,insufficient_data,0.6758,0.6866,B,major,0.0476,0.8273137170691431,0.8945532299645955,False,0,False,,,,,,,,,,,,,False,,,,,,,,,
scotch_target,B cells,ENSG00000184983,NDUFA6,chr22,355,86,5,B,70.4,0.0954,0.0029,-1,-1,NDUFA6_ENST00000498737,NDUFA6_ENST00000498737,NDUFA6_ENST00000498737,exon:42087059-42087175,exon,42087059,42087175,116,108.74,52.17,133.26,60.83,114.77,10.38,35.76,136.23,15.62,42.24,0.3184,0.5725531225386189,0.5725531225386189,chi2_hap_event,0.6758,0.6866,B,major,0.0476,0.8273137170691431,0.8945532299645955,False,0,False,,,,,,,,,,,,,False,,,,,,,,,
scotch_target,B cells,ENSG00000184983,NDUFA6,chr22,355,86,5,B,70.4,0.0954,0.0029,-1,-1,NDUFA6_ENST00000498737,NDUFA6_ENST00000498737,NDUFA6_ENST00000498737,exon:42087175-42087335,exon,42087175,42087335,160,8.89,152.02,10.11,183.98,5.31,16.52,139.09,3.69,21.48,168.92,0.7059,0.40079194272467955,0.5725531225386189,chi2_hap_event,0.0552,0.0521,A,minor,0.0176,0.8945532299645955,0.8945532299645955,False,0,False,,,,,,,,,,,,,False,,,,,,,,,
scotch_target,B cells,ENSG00000184983,NDUFA6,chr22,355,86,5,B,70.4,0.0954,0.0029,-1,-1,NDUFA6_ENST00000498737,NDUFA6_ENST00000498737,NDUFA6_ENST00000498737,exon:42090605-42090772,exon,42090605,42090772,167,99.85,61.07,123.15,70.93,124.34,0.0,36.58,154.66,0.0,39.42,,,,insufficient_data,0.6205,0.6345,B,major,0.074,0.7856316827467951,0.8945532299645955,False,0,False,,,,,,,,,,,,,False,,,,,,,,,
scotch_target,B cells,ENSG00000184983,NDUFA6,chr22,355,86,5,B,70.4,0.0954,0.0029,-1,-1,NDUFA6_ENST00000498737,NDUFA6_ENST00000498737,NDUFA6_ENST00000498737,junction:42086314-42087059,junction,42086314,42087059,745,108.74,52.17,133.26,60.83,0.99,0.47,159.45,0.01,1.53,192.55,,,,insufficient_data,0.6758,0.6866,B,major,0.0476,0.8273137170691431,0.8945532299645955,False,0,False,,,,,,,,,,,,,False,,,,,,,,,
scotch_target,B cells,ENSG00000184983,NDUFA6,chr22,355,86,5,B,70.4,0.0954,0.0029,-1,-1,NDUFA6_ENST00000498737,NDUFA6_ENST00000498737,NDUFA6_ENST00000498737,junction:42087175-42090605,junction,42087175,42090605,3430,99.85,61.07,123.15,70.93,0.0,0.0,160.91,0.0,0.0,194.09,,,,insufficient_data,0.6205,0.6345,B,major,0.074,0.7856316827467951,0.8945532299645955,True,4,True,chr22:42087736:C:G,42087736.0,C,G,A,0.9999940391390134,1.0,0.0,561.0,-,+,reduces_event,True,0.0,9.0,0.0,7.0,16.0,,,,chi2_cross_event
scotch_target,B cells,ENSG00000184983,NDUFA6,chr22,355,86,5,B,70.4,0.0954,0.0029,-1,-1,NDUFA6_ENST00000498737,NDUFA6_ENST00000498737,NDUFA6_ENST00000498737,junction:42087175-42090605,junction,42087175,42090605,3430,99.85,61.07,123.15,70.93,0.0,0.0,160.91,0.0,0.0,194.09,,,,insufficient_data,0.6205,0.6345,B,major,0.074,0.7856316827467951,0.8945532299645955,True,4,False,chr22:42089287:T:C,42089287.0,T,C,B,5.9608609865491405e-06,1.0,0.0,1318.0,+,-,promotes_event,True,0.0,9.0,0.0,4.0,13.0,,,,chi2_cross_event
scotch_target,B cells,ENSG00000184983,NDUFA6,chr22,355,86,5,B,70.4,0.0954,0.0029,-1,-1,NDUFA6_ENST00000498737,NDUFA6_ENST00000498737,NDUFA6_ENST00000498737,junction:42087175-42090605,junction,42087175,42090605,3430,99.85,61.07,123.15,70.93,0.0,0.0,160.91,0.0,0.0,194.09,,,,insufficient_data,0.6205,0.6345,B,major,0.074,0.7856316827467951,0.8945532299645955,True,4,False,chr22:42089666:T:C,42089666.0,T,C,B,5.9608609865491405e-06,1.0,0.0,939.0,+,-,promotes_event,True,0.0,7.0,0.0,9.0,16.0,,,,chi2_cross_event
scotch_target,B cells,ENSG00000184983,NDUFA6,chr22,355,86,5,B,70.4,0.0954,0.0029,-1,-1,NDUFA6_ENST00000498737,NDUFA6_ENST00000498737,NDUFA6_ENST00000498737,junction:42087175-42090605,junction,42087175,42090605,3430,99.85,61.07,123.15,70.93,0.0,0.0,160.91,0.0,0.0,194.09,,,,insufficient_data,0.6205,0.6345,B,major,0.074,0.7856316827467951,0.8945532299645955,True,4,False,chr22:42090033:T:A,42090033.0,T,A,B,5.9608609865491405e-06,1.0,0.0,572.0,+,-,promotes_event,True,0.0,7.0,0.0,7.0,14.0,,,,chi2_cross_event
scotch_target,B cells,ENSG00000185651,UBE2L3,chr22,836,162,7,B,70.4,0.0749,0.0102,-1,0,UBE2L3_Other,UBE2L3_Other,UBE2L3_Other,exon:21549446-21549650,exon,21549446,21549650,204,13.39,346.31,17.61,458.69,0.0,2.29,357.41,0.0,1.71,474.59,,,,insufficient_data,0.0372,0.037,A,minor,0.0004,0.9841198888278644,0.9841198888278644,False,0,False,,,,,,,,,,,,,False,,,,,,,,,
scotch_target,B cells,ENSG00000185651,UBE2L3,chr22,836,162,7,B,70.4,0.0749,0.0102,-1,0,UBE2L3_Other,UBE2L3_Other,UBE2L3_Other,exon:21567546-21567729,exon,21567546,21567729,183,45.06,314.64,57.94,418.36,1.3,2.29,356.11,1.7,1.71,472.89,,,,insufficient_data,0.1253,0.1216,A,minor,0.0249,0.8745432020094671,0.9841198888278644,False,0,False,,,,,,,,,,,,,False,,,,,,,,,
scotch_target,B cells,ENSG00000185651,UBE2L3,chr22,836,162,7,B,70.4,0.0749,0.0102,-1,0,UBE2L3_Other,UBE2L3_Other,UBE2L3_Other,exon:21567729-21567771,exon,21567729,21567771,42,45.06,314.64,57.94,418.36,178.24,2.29,179.17,236.76,1.71,237.83,0.3328,0.5640349776880247,0.9951301426075301,chi2_hap_event,0.1253,0.1216,A,minor,0.0249,0.8745432020094671,0.9841198888278644,False,0,False,,,,,,,,,,,,,False,,,,,,,,,
scotch_target,B cells,ENSG00000185651,UBE2L3,chr22,836,162,7,B,70.4,0.0749,0.0102,-1,0,UBE2L3_Other,UBE2L3_Other,UBE2L3_Other,exon:21592860-21592956,exon,21592860,21592956,96,58.45,301.25,75.55,400.75,182.56,3.16,173.99,242.44,2.84,231.01,0.2245,0.635652726054708,0.9951301426075301,chi2_hap_event,0.1625,0.1586,A,minor,0.023,0.8794215540548794,0.9841198888278644,False,0,False,,,,,,,,,,,,,False,,,,,,,,,
scotch_target,B cells,ENSG00000185651,UBE2L3,chr22,836,162,7,B,70.4,0.0749,0.0102,-1,0,UBE2L3_Other,UBE2L3_Other,UBE2L3_Other,exon:21610856-21611043,exon,21610856,21611043,187,58.45,301.25,75.55,400.75,193.91,3.59,162.2,256.09,3.41,216.8,0.1873,0.6651705841538953,0.9951301426075301,chi2_hap_event,0.1625,0.1586,A,minor,0.023,0.8794215540548794,0.9841198888278644,True,1,True,chr22:21611047:G:A,21611047.0,G,A,B,5.9608609865491405e-06,1.0,0.0,4.0,+,+,reduces_event,True,1.0,2.0,0.0,5.0,8.0,,,,chi2_cross_event
scotch_target,B cells,ENSG00000185651,UBE2L3,chr22,836,162,7,B,70.4,0.0749,0.0102,-1,0,UBE2L3_Other,UBE2L3_Other,UBE2L3_Other,exon:21621514-21621870,exon,21621514,21621870,356,58.45,301.25,75.55,400.75,175.02,0.43,184.25,232.98,0.57,242.75,0.0,0.9951301426075301,0.9951301426075301,chi2_hap_event,0.1625,0.1586,A,minor,0.023,0.8794215540548794,0.9841198888278644,False,0,False,,,,,,,,,,,,,False,,,,,,,,,
scotch_target,B cells,ENSG00000185651,UBE2L3,chr22,836,162,7,B,70.4,0.0749,0.0102,-1,0,UBE2L3_Other,UBE2L3_Other,UBE2L3_Other,exon:21621870-21622939,exon,21621870,21622939,1069,58.45,301.25,75.55,400.75,35.86,0.86,322.98,48.14,1.14,427.02,0.0002,0.9884325267257095,0.9951301426075301,chi2_hap_event,0.1625,0.1586,A,minor,0.023,0.8794215540548794,0.9841198888278644,False,0,False,,,,,,,,,,,,,False,,,,,,,,,
scotch_target,B cells,ENSG00000185651,UBE2L3,chr22,836,162,7,B,70.4,0.0749,0.0102,-1,0,UBE2L3_Other,UBE2L3_Other,UBE2L3_Other,exon:21622939-21624034,exon,21622939,21624034,1095,58.45,301.25,75.55,400.75,1.73,0.86,357.11,2.27,1.14,472.89,,,,insufficient_data,0.1625,0.1586,A,minor,0.023,0.8794215540548794,0.9841198888278644,False,0,False,,,,,,,,,,,,,False,,,,,,,,,
scotch_target,B cells,ENSG00000185651,UBE2L3,chr22,836,162,7,B,70.4,0.0749,0.0102,-1,0,UBE2L3_Other,UBE2L3_Other,UBE2L3_Other,junction:21549650-21592860,junction,21549650,21592860,43210,13.39,346.31,17.61,458.69,0.0,0.0,359.7,0.0,0.0,476.3,,,,insufficient_data,0.0372,0.037,A,minor,0.0004,0.9841198888278644,0.9841198888278644,True,5,False,chr22:21582688:T:C,21582688.0,T,C,A,0.8902501675920234,0.5,0.0,10172.0,-,-,promotes_event,True,0.0,7.0,0.0,2.0,9.0,,,,chi2_cross_event
scotch_target,B cells,ENSG00000185651,UBE2L3,chr22,836,162,7,B,70.4,0.0749,0.0102,-1,0,UBE2L3_Other,UBE2L3_Other,UBE2L3_Other,junction:21549650-21592860,junction,21549650,21592860,43210,13.39,346.31,17.61,458.69,0.0,0.0,359.7,0.0,0.0,476.3,,,,insufficient_data,0.0372,0.037,A,minor,0.0004,0.9841198888278644,0.9841198888278644,True,5,False,chr22:21582715:A:G,21582715.0,A,G,A,0.9999940391390134,1.0,0.0,10145.0,-,-,promotes_event,True,0.0,11.0,0.0,2.0,13.0,,,,chi2_cross_event
scotch_target,B cells,ENSG00000185651,UBE2L3,chr22,836,162,7,B,70.4,0.0749,0.0102,-1,0,UBE2L3_Other,UBE2L3_Other,UBE2L3_Other,junction:21549650-21592860,junction,21549650,21592860,43210,13.39,346.31,17.61,458.69,0.0,0.0,359.7,0.0,0.0,476.3,,,,insufficient_data,0.0372,0.037,A,minor,0.0004,0.9841198888278644,0.9841198888278644,True,5,False,chr22:21582769:T:C,21582769.0,T,C,A,0.9905167466210992,0.92,0.0,10091.0,-,-,promotes_event,True,0.0,12.0,0.0,2.0,14.0,,,,chi2_cross_event
scotch_target,B cells,ENSG00000185651,UBE2L3,chr22,836,162,7,B,70.4,0.0749,0.0102,-1,0,UBE2L3_Other,UBE2L3_Other,UBE2L3_Other,junction:21549650-21592860,junction,21549650,21592860,43210,13.39,346.31,17.61,458.69,0.0,0.0,359.7,0.0,0.0,476.3,,,,insufficient_data,0.0372,0.037,A,minor,0.0004,0.9841198888278644,0.9841198888278644,True,5,False,chr22:21587322:C:T,21587322.0,C,T,B,5.9608609865491405e-06,1.0,0.0,5538.0,+,+,reduces_event,True,0.0,17.0,0.0,15.0,32.0,,,,chi2_cross_event
scotch_target,B cells,ENSG00000185651,UBE2L3,chr22,836,162,7,B,70.4,0.0749,0.0102,-1,0,UBE2L3_Other,UBE2L3_Other,UBE2L3_Other,junction:21549650-21592860,junction,21549650,21592860,43210,13.39,346.31,17.61,458.69,0.0,0.0,359.7,0.0,0.0,476.3,,,,insufficient_data,0.0372,0.037,A,minor,0.0004,0.9841198888278644,0.9841198888278644,True,5,True,chr22:21587474:C:G,21587474.0,C,G,B,5.9608609865491405e-06,1.0,0.0,5386.0,+,+,reduces_event,True,0.0,14.0,0.0,12.0,26.0,,,,chi2_cross_event
scotch_target,B cells,ENSG00000185651,UBE2L3,chr22,836,162,7,B,70.4,0.0749,0.0102,-1,0,UBE2L3_Other,UBE2L3_Other,UBE2L3_Other,junction:21567771-21592860,junction,21567771,21592860,25089,45.06,314.64,57.94,418.36,0.0,0.0,359.7,0.0,0.0,476.3,,,,insufficient_data,0.1253,0.1216,A,minor,0.0249,0.8745432020094671,0.9841198888278644,True,5,False,chr22:21582688:T:C,21582688.0,T,C,A,0.8902501675920234,0.5,0.0,10172.0,-,-,promotes_event,True,0.0,7.0,0.0,2.0,9.0,,,,chi2_cross_event
scotch_target,B cells,ENSG00000185651,UBE2L3,chr22,836,162,7,B,70.4,0.0749,0.0102,-1,0,UBE2L3_Other,UBE2L3_Other,UBE2L3_Other,junction:21567771-21592860,junction,21567771,21592860,25089,45.06,314.64,57.94,418.36,0.0,0.0,359.7,0.0,0.0,476.3,,,,insufficient_data,0.1253,0.1216,A,minor,0.0249,0.8745432020094671,0.9841198888278644,True,5,False,chr22:21582715:A:G,21582715.0,A,G,A,0.9999940391390134,1.0,0.0,10145.0,-,-,promotes_event,True,0.0,11.0,0.0,2.0,13.0,,,,chi2_cross_event
scotch_target,B cells,ENSG00000185651,UBE2L3,chr22,836,162,7,B,70.4,0.0749,0.0102,-1,0,UBE2L3_Other,UBE2L3_Other,UBE2L3_Other,junction:21567771-21592860,junction,21567771,21592860,25089,45.06,314.64,57.94,418.36,0.0,0.0,359.7,0.0,0.0,476.3,,,,insufficient_data,0.1253,0.1216,A,minor,0.0249,0.8745432020094671,0.9841198888278644,True,5,False,chr22:21582769:T:C,21582769.0,T,C,A,0.9905167466210992,0.92,0.0,10091.0,-,-,promotes_event,True,0.0,12.0,0.0,2.0,14.0,,,,chi2_cross_event
scotch_target,B cells,ENSG00000185651,UBE2L3,chr22,836,162,7,B,70.4,0.0749,0.0102,-1,0,UBE2L3_Other,UBE2L3_Other,UBE2L3_Other,junction:21567771-21592860,junction,21567771,21592860,25089,45.06,314.64,57.94,418.36,0.0,0.0,359.7,0.0,0.0,476.3,,,,insufficient_data,0.1253,0.1216,A,minor,0.0249,0.8745432020094671,0.9841198888278644,True,5,False,chr22:21587322:C:T,21587322.0,C,T,B,5.9608609865491405e-06,1.0,0.0,5538.0,+,+,reduces_event,True,0.0,17.0,0.0,15.0,32.0,,,,chi2_cross_event
scotch_target,B cells,ENSG00000185651,UBE2L3,chr22,836,162,7,B,70.4,0.0749,0.0102,-1,0,UBE2L3_Other,UBE2L3_Other,UBE2L3_Other,junction:21567771-21592860,junction,21567771,21592860,25089,45.06,314.64,57.94,418.36,0.0,0.0,359.7,0.0,0.0,476.3,,,,insufficient_data,0.1253,0.1216,A,minor,0.0249,0.8745432020094671,0.9841198888278644,True,5,True,chr22:21587474:C:G,21587474.0,C,G,B,5.9608609865491405e-06,1.0,0.0,5386.0,+,+,reduces_event,True,0.0,14.0,0.0,12.0,26.0,,,,chi2_cross_event
scotch_target,B cells,ENSG00000185651,UBE2L3,chr22,836,162,7,B,70.4,0.0749,0.0102,-1,0,UBE2L3_Other,UBE2L3_Other,UBE2L3_Other,junction:21592956-21610856,junction,21592956,21610856,17900,58.45,301.25,75.55,400.75,0.0,0.0,359.7,0.0,0.0,476.3,,,,insufficient_data,0.1625,0.1586,A,minor,0.023,0.8794215540548794,0.9841198888278644,False,0,False,,,,,,,,,,,,,False,,,,,,,,,
scotch_target,B cells,ENSG00000185651,UBE2L3,chr22,836,162,7,B,70.4,0.0749,0.0102,-1,0,UBE2L3_Other,UBE2L3_Other,UBE2L3_Other,junction:21611043-21621514,junction,21611043,21621514,10471,58.45,301.25,75.55,400.75,0.0,1.79,357.91,0.0,5.21,471.09,,,,insufficient_data,0.1625,0.1586,A,minor,0.023,0.8794215540548794,0.9841198888278644,True,2,True,chr22:21611047:G:A,21611047.0,G,A,B,5.9608609865491405e-06,1.0,0.0,4.0,+,+,reduces_event,True,1.0,2.0,0.0,5.0,8.0,,,,chi2_cross_event
scotch_target,B cells,ENSG00000185651,UBE2L3,chr22,836,162,7,B,70.4,0.0749,0.0102,-1,0,UBE2L3_Other,UBE2L3_Other,UBE2L3_Other,junction:21611043-21621514,junction,21611043,21621514,10471,58.45,301.25,75.55,400.75,0.0,1.79,357.91,0.0,5.21,471.09,,,,insufficient_data,0.1625,0.1586,A,minor,0.023,0.8794215540548794,0.9841198888278644,True,2,False,chr22:21613105:C:T,21613105.0,C,T,B,5.9608609865491405e-06,1.0,0.0,2062.0,+,+,reduces_event,True,0.0,25.0,0.0,33.0,58.0,,,,chi2_cross_event
scotch_target,B cells,ENSG00000198089,SFI1,chr22,259,78,10,A,70.4,0.1075,0.0479,-1,0,SFI1_Other,SFI1_Other,SFI1_Other,exon:31496463-31496518,exon,31496463,31496518,55,2.33,126.98,3.67,126.02,4.3,1.86,123.15,2.7,2.14,124.85,0.232,0.6300177372029273,0.9816410708365348,chi2_hap_event,0.018,0.0283,B,minor,0.3042,0.5812523290337394,0.9801518519498125,False,0,False,,,,,,,,,,,,,False,,,,,,,,,
scotch_target,B cells,ENSG00000198089,SFI1,chr22,259,78,10,A,70.4,0.1075,0.0479,-1,0,SFI1_Other,SFI1_Other,SFI1_Other,exon:31496518-31496535,exon,31496518,31496535,17,2.33,126.98,3.67,126.02,5.23,1.86,122.22,3.77,2.14,123.78,0.1517,0.6968690768076131,0.9816410708365348,chi2_hap_event,0.018,0.0283,B,minor,0.3042,0.5812523290337394,0.9801518519498125,False,0,False,,,,,,,,,,,,,False,,,,,,,,,
scotch_target,B cells,ENSG00000198089,SFI1,chr22,259,78,10,A,70.4,0.1075,0.0479,-1,0,SFI1_Other,SFI1_Other,SFI1_Other,exon:31496537-31496557,exon,31496537,31496557,20,5.72,123.6,5.28,124.4,9.91,1.86,117.54,12.09,2.14,115.46,0.0028,0.957796673096317,0.9816410708365348,chi2_hap_event,0.0442,0.0407,A,major,0.0189,0.8907030766334312,0.9801518519498125,False,0,False,,,,,,,,,,,,,False,,,,,,,,,
scotch_target,B cells,ENSG00000198089,SFI1,chr22,259,78,10,A,70.4,0.1075,0.0479,-1,0,SFI1_Other,SFI1_Other,SFI1_Other,exon:31496557-31496582,exon,31496557,31496582,25,5.72,123.6,5.28,124.4,9.91,1.86,117.54,12.09,2.14,115.46,0.0028,0.957796673096317,0.9816410708365348,chi2_hap_event,0.0442,0.0407,A,major,0.0189,0.8907030766334312,0.9801518519498125,False,0,False,,,,,,,,,,,,,False,,,,,,,,,
scotch_target,B cells,ENSG00000198089,SFI1,chr22,259,78,10,A,70.4,0.1075,0.0479,-1,0,SFI1_Other,SFI1_Other,SFI1_Other,exon:31496582-31496637,exon,31496582,31496637,55,6.64,122.67,6.36,123.33,9.91,1.86,117.54,12.09,2.14,115.46,0.0028,0.957796673096317,0.9816410708365348,chi2_hap_event,0.0513,0.049,A,major,0.0077,0.9299558991662947,0.9801518519498125,False,0,False,,,,,,,,,,,,,False,,,,,,,,,
scotch_target,B cells,ENSG00000198089,SFI1,chr22,259,78,10,A,70.4,0.1075,0.0479,-1,0,SFI1_Other,SFI1_Other,SFI1_Other,exon:31508258-31508284,exon,31508258,31508284,26,6.64,122.67,6.36,123.33,9.91,1.86,117.54,12.09,2.14,115.46,0.0028,0.957796673096317,0.9816410708365348,chi2_hap_event,0.0513,0.049,A,major,0.0077,0.9299558991662947,0.9801518519498125,False,0,False,,,,,,,,,,,,,False,,,,,,,,,
scotch_target,B cells,ENSG00000198089,SFI1,chr22,259,78,10,A,70.4,0.1075,0.0479,-1,0,SFI1_Other,SFI1_Other,SFI1_Other,exon:31508284-31508376,exon,31508284,31508376,92,6.64,122.67,6.36,123.33,9.91,1.86,117.54,12.09,2.14,115.46,0.0028,0.957796673096317,0.9816410708365348,chi2_hap_event,0.0513,0.049,A,major,0.0077,0.9299558991662947,0.9801518519498125,False,0,False,,,,,,,,,,,,,False,,,,,,,,,
scotch_target,B cells,ENSG00000198089,SFI1,chr22,259,78,10,A,70.4,0.1075,0.0479,-1,0,SFI1_Other,SFI1_Other,SFI1_Other,exon:31521234-31521320,exon,31521234,31521320,86,1.4,127.92,1.6,128.08,0.47,12.24,116.61,0.54,14.76,114.39,0.0005,0.9816410708365348,0.9816410708365348,chi2_hap_event,0.0108,0.0123,B,minor,0.0143,0.9049403581647654,0.9801518519498125,False,0,False,,,,,,,,,,,,,False,,,,,,,,,
scotch_target,B cells,ENSG00000198089,SFI1,chr22,259,78,10,A,70.4,0.1075,0.0479,-1,0,SFI1_Other,SFI1_Other,SFI1_Other,exon:31528689-31528740,exon,31528689,31528740,51,4.18,125.13,4.82,124.87,6.61,5.63,117.07,9.39,5.37,114.93,0.2594,0.6105339697945957,0.9816410708365348,chi2_hap_event,0.0323,0.0372,B,minor,0.0438,0.8342032120653313,0.9801518519498125,False,0,False,,,,,,,,,,,,,False,,,,,,,,,
scotch_target,B cells,ENSG00000198089,SFI1,chr22,259,78,10,A,70.4,0.1075,0.0479,-1,0,SFI1_Other,SFI1_Other,SFI1_Other,exon:31528744-31528819,exon,31528744,31528819,75,5.12,124.2,5.88,123.8,6.61,5.63,117.07,9.39,5.37,114.93,0.2594,0.6105339697945957,0.9816410708365348,chi2_hap_event,0.0396,0.0453,B,minor,0.054,0.8162767271135094,0.9801518519498125,False,0,False,,,,,,,,,,,,,False,,,,,,,,,
scotch_target,B cells,ENSG00000198089,SFI1,chr22,259,78,10,A,70.4,0.1075,0.0479,-1,0,SFI1_Other,SFI1_Other,SFI1_Other,exon:31528819-31528835,exon,31528819,31528835,16,6.04,123.27,6.96,122.73,6.61,5.63,117.07,9.39,5.37,114.93,0.2594,0.6105339697945957,0.9816410708365348,chi2_hap_event,0.0467,0.0537,B,minor,0.0643,0.7998038456393186,0.9801518519498125,False,0,False,,,,,,,,,,,,,False,,,,,,,,,
scotch_target,B cells,ENSG00000198089,SFI1,chr22,259,78,10,A,70.4,0.1075,0.0479,-1,0,SFI1_Other,SFI1_Other,SFI1_Other,exon:31528835-31528863,exon,31528835,31528863,28,6.04,123.27,6.96,122.73,6.61,5.63,117.07,9.39,5.37,114.93,0.2594,0.6105339697945957,0.9816410708365348,chi2_hap_event,0.0467,0.0537,B,minor,0.0643,0.7998038456393186,0.9801518519498125,False,0,False,,,,,,,,,,,,,False,,,,,,,,,
scotch_target,B cells,ENSG00000198089,SFI1,chr22,259,78,10,A,70.4,0.1075,0.0479,-1,0,SFI1_Other,SFI1_Other,SFI1_Other,exon:31531057-31531105,exon,31531057,31531105,48,3.72,125.59,4.28,125.41,8.84,8.5,111.97,9.16,9.5,111.03,0.013,0.9091777194447452,0.9816410708365348,chi2_hap_event,0.0288,0.033,B,minor,0.0388,0.8438670421561589,0.9801518519498125,False,0,False,,,,,,,,,,,,,False,,,,,,,,,
scotch_target,B cells,ENSG00000198089,SFI1,chr22,259,78,10,A,70.4,0.1075,0.0479,-1,0,SFI1_Other,SFI1_Other,SFI1_Other,exon:31531105-31531129,exon,31531105,31531129,24,3.72,125.59,4.28,125.41,8.84,8.5,111.97,9.16,9.5,111.03,0.013,0.9091777194447452,0.9816410708365348,chi2_hap_event,0.0288,0.033,B,minor,0.0388,0.8438670421561589,0.9801518519498125,False,0,False,,,,,,,,,,,,,False,,,,,,,,,
scotch_target,B cells,ENSG00000198089,SFI1,chr22,259,78,10,A,70.4,0.1075,0.0479,-1,0,SFI1_Other,SFI1_Other,SFI1_Other,exon:31546860-31546971,exon,31546860,31546971,111,6.18,123.13,5.82,123.87,6.66,3.25,119.4,8.34,3.75,117.6,0.0085,0.9265349756343686,0.9816410708365348,chi2_hap_event,0.0478,0.0449,A,major,0.0124,0.9111664592184759,0.9801518519498125,False,0,False,,,,,,,,,,,,,False,,,,,,,,,
scotch_target,B cells,ENSG00000198089,SFI1,chr22,259,78,10,A,70.4,0.1075,0.0479,-1,0,SFI1_Other,SFI1_Other,SFI1_Other,exon:31550253-31550348,exon,31550253,31550348,95,7.11,122.21,5.89,123.79,6.66,3.25,119.4,8.34,3.75,117.6,0.0085,0.9265349756343688,0.9816410708365348,chi2_hap_event,0.055,0.0454,A,major,0.1231,0.7256961410927276,0.9801518519498125,False,0,False,,,,,,,,,,,,,False,,,,,,,,,
scotch_target,B cells,ENSG00000198089,SFI1,chr22,259,78,10,A,70.4,0.1075,0.0479,-1,0,SFI1_Other,SFI1_Other,SFI1_Other,exon:31556941-31557059,exon,31556941,31557059,118,6.18,123.14,4.82,124.86,3.41,1.86,124.05,4.59,3.14,121.95,0.0367,0.8480402917891655,0.9816410708365348,chi2_hap_event,0.0478,0.0372,A,major,0.1782,0.6729353002688674,0.9801518519498125,False,0,False,,,,,,,,,,,,,False,,,,,,,,,
scotch_target,B cells,ENSG00000198089,SFI1,chr22,259,78,10,A,70.4,0.1075,0.0479,-1,0,SFI1_Other,SFI1_Other,SFI1_Other,exon:31561289-31561333,exon,31561289,31561333,44,6.18,123.13,5.82,123.87,2.42,3.3,123.59,4.58,3.7,121.41,0.2304,0.6312181686053786,0.9816410708365348,chi2_hap_event,0.0478,0.0449,A,major,0.0124,0.9111664592184759,0.9801518519498125,False,0,False,,,,,,,,,,,,,False,,,,,,,,,
scotch_target,B cells,ENSG00000198089,SFI1,chr22,259,78,10,A,70.4,0.1075,0.0479,-1,0,SFI1_Other,SFI1_Other,SFI1_Other,exon:31561333-31561392,exon,31561333,31561392,59,5.25,124.06,4.75,124.94,2.42,3.3,123.59,4.58,3.7,121.41,0.2304,0.6312181686053786,0.9816410708365348,chi2_hap_event,0.0406,0.0366,A,major,0.0275,0.8682042810989866,0.9801518519498125,False,0,False,,,,,,,,,,,,,False,,,,,,,,,
scotch_target,B cells,ENSG00000198089,SFI1,chr22,259,78,10,A,70.4,0.1075,0.0479,-1,0,SFI1_Other,SFI1_Other,SFI1_Other,exon:31573057-31573173,exon,31573057,31573173,116,5.72,123.6,5.28,124.4,4.33,0.93,124.05,5.67,2.08,121.95,0.1501,0.6984614102634981,0.9816410708365348,chi2_hap_event,0.0442,0.0407,A,major,0.0189,0.8907030766334312,0.9801518519498125,False,0,False,,,,,,,,,,,,,False,,,,,,,,,
scotch_target,B cells,ENSG00000198089,SFI1,chr22,259,78,10,A,70.4,0.1075,0.0479,-1,0,SFI1_Other,SFI1_Other,SFI1_Other,exon:31573173-31573214,exon,31573173,31573214,41,6.72,122.6,6.28,123.4,3.87,0.93,124.52,5.13,2.08,122.48,0.1388,0.7094525808569914,0.9816410708365348,chi2_hap_event,0.052,0.0484,A,major,0.0165,0.8979026145454208,0.9801518519498125,False,0,False,,,,,,,,,,,,,False,,,,,,,,,
scotch_target,B cells,ENSG00000198089,SFI1,chr22,259,78,10,A,70.4,0.1075,0.0479,-1,0,SFI1_Other,SFI1_Other,SFI1_Other,exon:31575230-31575392,exon,31575230,31575392,162,6.72,122.6,6.28,123.4,3.0,0.93,125.38,3.99,2.08,123.62,0.1288,0.7196946343843706,0.9816410708365348,chi2_hap_event,0.052,0.0484,A,major,0.0165,0.8979026145454208,0.9801518519498125,True,1,True,chr22:31575364:C:T,31575364.0,C,T,A,0.9999940391390134,1.0,0.0,28.0,+,-,promotes_event,True,4.0,0.0,3.0,0.0,7.0,,,,binomial_intra_event
scotch_target,B cells,ENSG00000198089,SFI1,chr22,259,78,10,A,70.4,0.1075,0.0479,-1,0,SFI1_Other,SFI1_Other,SFI1_Other,exon:31578381-31578452,exon,31578381,31578452,71,6.72,122.6,6.28,123.4,0.99,0.93,127.4,2.01,2.08,125.6,,,,insufficient_data,0.052,0.0484,A,major,0.0165,0.8979026145454208,0.9801518519498125,False,0,False,,,,,,,,,,,,,False,,,,,,,,,
scotch_target,B cells,ENSG00000198089,SFI1,chr22,259,78,10,A,70.4,0.1075,0.0479,-1,0,SFI1_Other,SFI1_Other,SFI1_Other,exon:31580271-31580364,exon,31580271,31580364,93,5.79,123.53,5.21,124.47,1.46,0.93,126.93,2.54,2.08,125.07,,,,insufficient_data,0.0448,0.0402,A,major,0.0328,0.8562353254009512,0.9801518519498125,False,0,False,,,,,,,,,,,,,False,,,,,,,,,
scotch_target,B cells,ENSG00000198089,SFI1,chr22,259,78,10,A,70.4,0.1075,0.0479,-1,0,SFI1_Other,SFI1_Other,SFI1_Other,exon:31583877-31583905,exon,31583877,31583905,28,7.18,122.13,6.82,122.87,1.46,0.47,127.39,3.54,0.54,125.61,,,,insufficient_data,0.0555,0.0526,A,major,0.011,0.9163286187960376,0.9801518519498125,False,0,False,,,,,,,,,,,,,False,,,,,,,,,
scotch_target,B cells,ENSG00000198089,SFI1,chr22,259,78,10,A,70.4,0.1075,0.0479,-1,0,SFI1_Other,SFI1_Other,SFI1_Other,exon:31585067-31585126,exon,31585067,31585126,59,7.65,121.67,7.35,122.33,1.46,0.47,127.39,4.54,0.54,124.61,,,,insufficient_data,0.0592,0.0567,A,major,0.007,0.9334779542379166,0.9801518519498125,False,0,False,,,,,,,,,,,,,False,,,,,,,,,
scotch_target,B cells,ENSG00000198089,SFI1,chr22,259,78,10,A,70.4,0.1075,0.0479,-1,0,SFI1_Other,SFI1_Other,SFI1_Other,exon:31585126-31585134,exon,31585126,31585134,8,7.65,121.67,7.35,122.33,1.92,0.47,126.93,5.08,0.54,124.07,,,,insufficient_data,0.0592,0.0567,A,major,0.007,0.9334779542379166,0.9801518519498125,False,0,False,,,,,,,,,,,,,False,,,,,,,,,
scotch_target,B cells,ENSG00000198089,SFI1,chr22,259,78,10,A,70.4,0.1075,0.0479,-1,0,SFI1_Other,SFI1_Other,SFI1_Other,exon:31587327-31587443,exon,31587327,31587443,116,1.4,127.92,1.6,128.08,0.47,1.92,126.93,0.54,4.08,125.07,,,,insufficient_data,0.0108,0.0123,B,minor,0.0143,0.9049403581647654,0.9801518519498125,False,0,False,,,,,,,,,,,,,False,,,,,,,,,
scotch_target,B cells,ENSG00000198089,SFI1,chr22,259,78,10,A,70.4,0.1075,0.0479,-1,0,SFI1_Other,SFI1_Other,SFI1_Other,exon:31587443-31587890,exon,31587443,31587890,447,1.4,127.92,1.6,128.08,1.86,1.92,125.53,2.14,4.08,123.47,0.2136,0.643969927884531,0.9816410708365348,chi2_hap_event,0.0108,0.0123,B,minor,0.0143,0.9049403581647654,0.9801518519498125,False,0,False,,,,,,,,,,,,,False,,,,,,,,,
scotch_target,B cells,ENSG00000198089,SFI1,chr22,259,78,10,A,70.4,0.1075,0.0479,-1,0,SFI1_Other,SFI1_Other,SFI1_Other,exon:31587890-31587912,exon,31587890,31587912,22,1.4,127.92,1.6,128.08,0.93,1.92,126.46,1.07,4.08,124.54,,,,insufficient_data,0.0108,0.0123,B,minor,0.0143,0.9049403581647654,0.9801518519498125,False,0,False,,,,,,,,,,,,,False,,,,,,,,,
scotch_target,B cells,ENSG00000198089,SFI1,chr22,259,78,10,A,70.4,0.1075,0.0479,-1,0,SFI1_Other,SFI1_Other,SFI1_Other,exon:31589446-31589577,exon,31589446,31589577,131,6.25,123.06,5.75,123.94,2.39,0.0,126.93,4.61,0.0,125.07,,,,insufficient_data,0.0483,0.0443,A,major,0.0236,0.8779699169637727,0.9801518519498125,False,0,False,,,,,,,,,,,,,False,,,,,,,,,
scotch_target,B cells,ENSG00000198089,SFI1,chr22,259,78,10,A,70.4,0.1075,0.0479,-1,0,SFI1_Other,SFI1_Other,SFI1_Other,exon:31602211-31602293,exon,31602211,31602293,82,6.25,123.06,5.75,123.94,0.01,0.93,128.37,1.99,2.07,125.63,,,,insufficient_data,0.0483,0.0443,A,major,0.0236,0.8779699169637727,0.9801518519498125,False,0,False,,,,,,,,,,,,,False,,,,,,,,,
scotch_target,B cells,ENSG00000198089,SFI1,chr22,259,78,10,A,70.4,0.1075,0.0479,-1,0,SFI1_Other,SFI1_Other,SFI1_Other,exon:31602606-31602785,exon,31602606,31602785,179,6.25,123.06,5.75,123.94,0.01,0.93,128.37,1.99,2.07,125.63,,,,insufficient_data,0.0483,0.0443,A,major,0.0236,0.8779699169637727,0.9801518519498125,False,0,False,,,,,,,,,,,,,False,,,,,,,,,
scotch_target,B cells,ENSG00000198089,SFI1,chr22,259,78,10,A,70.4,0.1075,0.0479,-1,0,SFI1_Other,SFI1_Other,SFI1_Other,exon:31603743-31603819,exon,31603743,31603819,76,4.32,124.99,3.68,126.01,0.0,0.94,128.37,0.0,4.06,125.63,,,,insufficient_data,0.0334,0.0284,A,major,0.0548,0.814967004681845,0.9801518519498125,False,0,False,,,,,,,,,,,,,False,,,,,,,,,
scotch_target,B cells,ENSG00000198089,SFI1,chr22,259,78,10,A,70.4,0.1075,0.0479,-1,0,SFI1_Other,SFI1_Other,SFI1_Other,exon:31604308-31604313,exon,31604308,31604313,5,5.25,124.06,4.75,124.94,0.01,0.93,128.37,2.99,1.07,125.63,,,,insufficient_data,0.0406,0.0366,A,major,0.0275,0.8682042810989866,0.9801518519498125,False,0,False,,,,,,,,,,,,,False,,,,,,,,,
scotch_target,B cells,ENSG00000198089,SFI1,chr22,259,78,10,A,70.4,0.1075,0.0479,-1,0,SFI1_Other,SFI1_Other,SFI1_Other,exon:31604313-31604404,exon,31604313,31604404,91,6.64,122.67,6.36,123.33,0.01,0.93,128.37,2.99,1.07,125.63,,,,insufficient_data,0.0513,0.049,A,major,0.0077,0.9299558991662947,0.9801518519498125,False,0,False,,,,,,,,,,,,,False,,,,,,,,,
scotch_target,B cells,ENSG00000198089,SFI1,chr22,259,78,10,A,70.4,0.1075,0.0479,-1,0,SFI1_Other,SFI1_Other,SFI1_Other,exon:31604868-31604945,exon,31604868,31604945,77,6.64,122.67,6.36,123.33,2.0,0.93,126.38,3.0,1.07,125.62,,,,insufficient_data,0.0513,0.049,A,major,0.0077,0.9299558991662947,0.9801518519498125,False,0,False,,,,,,,,,,,,,False,,,,,,,,,
scotch_target,B cells,ENSG00000198089,SFI1,chr22,259,78,10,A,70.4,0.1075,0.0479,-1,0,SFI1_Other,SFI1_Other,SFI1_Other,exon:31606327-31606430,exon,31606327,31606430,103,6.64,122.67,6.36,123.33,2.0,0.93,126.38,4.0,1.07,124.62,,,,insufficient_data,0.0513,0.049,A,major,0.0077,0.9299558991662947,0.9801518519498125,False,0,False,,,,,,,,,,,,,False,,,,,,,,,
scotch_target,B cells,ENSG00000198089,SFI1,chr22,259,78,10,A,70.4,0.1075,0.0479,-1,0,SFI1_Other,SFI1_Other,SFI1_Other,exon:31606430-31606582,exon,31606430,31606582,152,1.4,127.92,1.6,128.08,0.01,2.92,126.39,0.99,3.08,125.61,,,,insufficient_data,0.0108,0.0123,B,minor,0.0143,0.9049403581647654,0.9801518519498125,False,0,False,,,,,,,,,,,,,False,,,,,,,,,
scotch_target,B cells,ENSG00000198089,SFI1,chr22,259,78,10,A,70.4,0.1075,0.0479,-1,0,SFI1_Other,SFI1_Other,SFI1_Other,exon:31606582-31606726,exon,31606582,31606726,144,1.4,127.92,1.6,128.08,1.86,2.92,124.53,3.14,3.08,123.47,0.1442,0.704142913590607,0.9816410708365348,chi2_hap_event,0.0108,0.0123,B,minor,0.0143,0.9049403581647654,0.9801518519498125,False,0,False,,,,,,,,,,,,,False,,,,,,,,,
scotch_target,B cells,ENSG00000198089,SFI1,chr22,259,78,10,A,70.4,0.1075,0.0479,-1,0,SFI1_Other,SFI1_Other,SFI1_Other,exon:31607936-31608033,exon,31607936,31608033,97,6.25,123.06,5.75,123.94,4.45,0.0,124.87,3.55,0.0,126.13,,,,insufficient_data,0.0483,0.0443,A,major,0.0236,0.8779699169637727,0.9801518519498125,False,0,False,,,,,,,,,,,,,False,,,,,,,,,
scotch_target,B cells,ENSG00000198089,SFI1,chr22,259,78,10,A,70.4,0.1075,0.0479,-1,0,SFI1_Other,SFI1_Other,SFI1_Other,exon:31611142-31611303,exon,31611142,31611303,161,6.25,123.06,5.75,123.94,6.98,0.0,122.34,3.02,0.0,126.66,,,,insufficient_data,0.0483,0.0443,A,major,0.0236,0.8779699169637727,0.9801518519498125,False,0,False,,,,,,,,,,,,,False,,,,,,,,,
scotch_target,B cells,ENSG00000198089,SFI1,chr22,259,78,10,A,70.4,0.1075,0.0479,-1,0,SFI1_Other,SFI1_Other,SFI1_Other,exon:31611769-31611801,exon,31611769,31611801,32,7.18,122.13,6.82,122.87,6.98,0.0,122.34,3.02,0.0,126.66,,,,insufficient_data,0.0555,0.0526,A,major,0.011,0.9163286187960374,0.9801518519498125,False,0,False,,,,,,,,,,,,,False,,,,,,,,,
scotch_target,B cells,ENSG00000198089,SFI1,chr22,259,78,10,A,70.4,0.1075,0.0479,-1,0,SFI1_Other,SFI1_Other,SFI1_Other,exon:31611801-31611840,exon,31611801,31611840,39,7.18,122.13,6.82,122.87,6.98,0.0,122.34,3.02,0.0,126.66,,,,insufficient_data,0.0555,0.0526,A,major,0.011,0.9163286187960374,0.9801518519498125,False,0,False,,,,,,,,,,,,,False,,,,,,,,,
scotch_target,B cells,ENSG00000198089,SFI1,chr22,259,78,10,A,70.4,0.1075,0.0479,-1,0,SFI1_Other,SFI1_Other,SFI1_Other,exon:31613141-31613216,exon,31613141,31613216,75,6.25,123.06,5.75,123.94,2.99,1.46,124.86,0.01,0.54,129.14,,,,insufficient_data,0.0483,0.0443,A,major,0.0236,0.8779699169637727,0.9801518519498125,False,0,False,,,,,,,,,,,,,False,,,,,,,,,
scotch_target,B cells,ENSG00000198089,SFI1,chr22,259,78,10,A,70.4,0.1075,0.0479,-1,0,SFI1_Other,SFI1_Other,SFI1_Other,exon:31613353-31613453,exon,31613353,31613453,100,6.25,123.06,5.75,123.94,2.99,1.46,124.86,0.01,0.54,129.14,,,,insufficient_data,0.0483,0.0443,A,major,0.0236,0.8779699169637727,0.9801518519498125,False,0,False,,,,,,,,,,,,,False,,,,,,,,,
scotch_target,B cells,ENSG00000198089,SFI1,chr22,259,78,10,A,70.4,0.1075,0.0479,-1,0,SFI1_Other,SFI1_Other,SFI1_Other,exon:31613453-31613530,exon,31613453,31613530,77,6.25,123.06,5.75,123.94,2.99,1.46,124.86,0.01,0.54,129.14,,,,insufficient_data,0.0483,0.0443,A,major,0.0236,0.8779699169637727,0.9801518519498125,False,0,False,,,,,,,,,,,,,False,,,,,,,,,
scotch_target,B cells,ENSG00000198089,SFI1,chr22,259,78,10,A,70.4,0.1075,0.0479,-1,0,SFI1_Other,SFI1_Other,SFI1_Other,exon:31613601-31613715,exon,31613601,31613715,114,6.25,123.06,5.75,123.94,2.99,1.46,124.86,0.01,0.54,129.14,,,,insufficient_data,0.0483,0.0443,A,major,0.0236,0.8779699169637727,0.9801518519498125,False,0,False,,,,,,,,,,,,,False,,,,,,,,,
scotch_target,B cells,ENSG00000198089,SFI1,chr22,259,78,10,A,70.4,0.1075,0.0479,-1,0,SFI1_Other,SFI1_Other,SFI1_Other,exon:31613715-31613834,exon,31613715,31613834,119,6.25,123.06,5.75,123.94,2.99,1.46,124.86,0.01,0.54,129.14,,,,insufficient_data,0.0483,0.0443,A,major,0.0236,0.8779699169637727,0.9801518519498125,False,0,False,,,,,,,,,,,,,False,,,,,,,,,
scotch_target,B cells,ENSG00000198089,SFI1,chr22,259,78,10,A,70.4,0.1075,0.0479,-1,0,SFI1_Other,SFI1_Other,SFI1_Other,exon:31614370-31614385,exon,31614370,31614385,15,2.4,126.92,2.6,127.08,0.0,4.46,124.86,0.0,1.54,128.14,,,,insufficient_data,0.0186,0.02,B,minor,0.0081,0.9284855246079009,0.9801518519498125,False,0,False,,,,,,,,,,,,,False,,,,,,,,,
scotch_target,B cells,ENSG00000198089,SFI1,chr22,259,78,10,A,70.4,0.1075,0.0479,-1,0,SFI1_Other,SFI1_Other,SFI1_Other,exon:31614385-31614788,exon,31614385,31614788,403,3.3,126.01,5.7,123.99,0.0,1.46,127.85,0.0,0.54,129.15,,,,insufficient_data,0.0255,0.044,B,minor,0.6536,0.4188123011724648,0.9801518519498125,False,0,False,,,,,,,,,,,,,False,,,,,,,,,
scotch_target,B cells,ENSG00000198089,SFI1,chr22,259,78,10,A,70.4,0.1075,0.0479,-1,0,SFI1_Other,SFI1_Other,SFI1_Other,exon:31614788-31614860,exon,31614788,31614860,72,12.81,116.5,15.19,114.5,3.46,1.46,124.39,2.54,0.54,126.61,,,,insufficient_data,0.0991,0.1171,B,minor,0.2199,0.6391237425155966,0.9801518519498125,False,0,False,,,,,,,,,,,,,False,,,,,,,,,
scotch_target,B cells,ENSG00000198089,SFI1,chr22,259,78,10,A,70.4,0.1075,0.0479,-1,0,SFI1_Other,SFI1_Other,SFI1_Other,exon:31614860-31615047,exon,31614860,31615047,187,3.3,126.01,5.7,123.99,0.47,1.46,127.38,0.54,0.54,128.62,,,,insufficient_data,0.0255,0.044,B,minor,0.6536,0.4188123011724648,0.9801518519498125,False,0,False,,,,,,,,,,,,,False,,,,,,,,,
scotch_target,B cells,ENSG00000198089,SFI1,chr22,259,78,10,A,70.4,0.1075,0.0479,-1,0,SFI1_Other,SFI1_Other,SFI1_Other,exon:31615047-31615279,exon,31615047,31615279,232,12.81,116.5,15.19,114.5,3.92,1.46,123.92,3.08,0.54,126.08,,,,insufficient_data,0.0991,0.1171,B,minor,0.2199,0.6391237425155966,0.9801518519498125,False,0,False,,,,,,,,,,,,,False,,,,,,,,,
scotch_target,B cells,ENSG00000198089,SFI1,chr22,259,78,10,A,70.4,0.1075,0.0479,-1,0,SFI1_Other,SFI1_Other,SFI1_Other,exon:31615279-31616744,exon,31615279,31616744,1465,2.4,126.92,2.6,127.08,0.47,1.46,127.38,0.54,0.54,128.62,,,,insufficient_data,0.0186,0.02,B,minor,0.0081,0.9284855246079009,0.9801518519498125,False,0,False,,,,,,,,,,,,,False,,,,,,,,,
scotch_target,B cells,ENSG00000198089,SFI1,chr22,259,78,10,A,70.4,0.1075,0.0479,-1,0,SFI1_Other,SFI1_Other,SFI1_Other,exon:31616744-31616877,exon,31616744,31616877,133,12.81,116.5,15.19,114.5,7.15,1.46,120.7,7.85,0.54,121.3,0.4578,0.4986697950106993,0.9816410708365348,chi2_hap_event,0.0991,0.1171,B,minor,0.2199,0.6391237425155966,0.9801518519498125,False,0,False,,,,,,,,,,,,,False,,,,,,,,,
scotch_target,B cells,ENSG00000198089,SFI1,chr22,259,78,10,A,70.4,0.1075,0.0479,-1,0,SFI1_Other,SFI1_Other,SFI1_Other,exon:31616999-31617078,exon,31616999,31617078,79,9.55,119.76,11.45,118.24,7.15,1.46,120.69,8.84,0.54,120.31,0.5759,0.44794197997260843,0.9816410708365348,chi2_hap_event,0.0739,0.0883,B,minor,0.18,0.6714099203271537,0.9801518519498125,False,0,False,,,,,,,,,,,,,False,,,,,,,,,
scotch_target,B cells,ENSG00000198089,SFI1,chr22,259,78,10,A,70.4,0.1075,0.0479,-1,0,SFI1_Other,SFI1_Other,SFI1_Other,exon:31618114-31618211,exon,31618114,31618211,97,9.55,119.76,11.45,118.24,11.3,1.46,116.55,10.7,0.54,118.45,0.3498,0.5542429720213754,0.9816410708365348,chi2_hap_event,0.0739,0.0883,B,minor,0.18,0.6714099203271537,0.9801518519498125,True,1,True,chr22:31618174:G:A,31618174.0,G,A,A,0.9999940391390134,1.0,0.0,37.0,+,-,reduces_event,True,9.0,0.0,10.0,0.0,19.0,,1.0,1.0,binomial_intra_event
scotch_target,B cells,ENSG00000198089,SFI1,chr22,259,78,10,A,70.4,0.1075,0.0479,-1,0,SFI1_Other,SFI1_Other,SFI1_Other,exon:31618211-31618226,exon,31618211,31618226,15,12.81,116.5,15.19,114.5,11.3,1.46,116.55,10.7,0.54,118.45,0.3498,0.5542429720213754,0.9816410708365348,chi2_hap_event,0.0991,0.1171,B,minor,0.2199,0.6391237425155966,0.9801518519498125,True,1,True,chr22:31618174:G:A,31618174.0,G,A,A,0.9999940391390134,1.0,37.0,37.0,+,-,reduces_event,True,5.0,4.0,5.0,5.0,19.0,0.0586,0.8086553726397631,1.0,chi2_cross_event
scotch_target,B cells,ENSG00000198089,SFI1,chr22,259,78,10,A,70.4,0.1075,0.0479,-1,0,SFI1_Other,SFI1_Other,SFI1_Other,exon:31618226-31618313,exon,31618226,31618313,87,2.4,126.92,2.6,127.08,5.87,1.46,121.98,6.13,0.54,123.02,0.4031,0.5255140997100858,0.9816410708365348,chi2_hap_event,0.0186,0.02,B,minor,0.0081,0.9284855246079009,0.9801518519498125,False,0,False,,,,,,,,,,,,,False,,,,,,,,,
scotch_target,B cells,ENSG00000198089,SFI1,chr22,259,78,10,A,70.4,0.1075,0.0479,-1,0,SFI1_Other,SFI1_Other,SFI1_Other,exon:31618313-31618446,exon,31618313,31618446,133,12.81,116.5,15.19,114.5,13.62,1.46,114.23,13.38,0.54,115.77,0.3842,0.535341719318762,0.9816410708365348,chi2_hap_event,0.0991,0.1171,B,minor,0.2199,0.6391237425155966,0.9801518519498125,False,0,False,,,,,,,,,,,,,False,,,,,,,,,
scotch_target,B cells,ENSG00000198089,SFI1,chr22,259,78,10,A,70.4,0.1075,0.0479,-1,0,SFI1_Other,SFI1_Other,SFI1_Other,exon:31618446-31618490,exon,31618446,31618490,44,12.8,116.51,14.2,115.49,14.55,1.46,113.3,14.45,0.54,114.7,0.3952,0.5295745729220576,0.9816410708365348,chi2_hap_event,0.099,0.1095,B,minor,0.0754,0.7835672143927545,0.9801518519498125,False,0,False,,,,,,,,,,,,,False,,,,,,,,,
scotch_target,B cells,ENSG00000198089,SFI1,chr22,259,78,10,A,70.4,0.1075,0.0479,-1,0,SFI1_Other,SFI1_Other,SFI1_Other,exon:31618490-31618510,exon,31618490,31618510,20,12.8,116.51,14.2,115.49,14.55,1.46,113.3,14.45,0.54,114.7,0.3952,0.5295745729220576,0.9816410708365348,chi2_hap_event,0.099,0.1095,B,minor,0.0754,0.7835672143927545,0.9801518519498125,False,0,False,,,,,,,,,,,,,False,,,,,,,,,
scotch_target,B cells,ENSG00000198089,SFI1,chr22,259,78,10,A,70.4,0.1075,0.0479,-1,0,SFI1_Other,SFI1_Other,SFI1_Other,exon:31618514-31618547,exon,31618514,31618547,33,12.8,116.51,14.2,115.49,14.55,1.46,113.3,14.45,0.54,114.7,0.3952,0.5295745729220576,0.9816410708365348,chi2_hap_event,0.099,0.1095,B,minor,0.0754,0.7835672143927545,0.9801518519498125,False,0,False,,,,,,,,,,,,,False,,,,,,,,,
scotch_target,B cells,ENSG00000198089,SFI1,chr22,259,78,10,A,70.4,0.1075,0.0479,-1,0,SFI1_Other,SFI1_Other,SFI1_Other,junction:31496637-31508254,junction,31496637,31508254,11617,4.19,125.12,5.81,123.88,0.0,0.0,129.31,0.0,0.0,129.69,,,,insufficient_data,0.0324,0.0448,B,minor,0.2694,0.6037027351640293,0.9801518519498125,False,0,False,,,,,,,,,,,,,False,,,,,,,,,
scotch_target,B cells,ENSG00000198089,SFI1,chr22,259,78,10,A,70.4,0.1075,0.0479,-1,0,SFI1_Other,SFI1_Other,SFI1_Other,junction:31508376-31521234,junction,31508376,31521234,12858,1.4,127.92,1.6,128.08,0.0,0.0,129.31,0.0,0.0,129.69,,,,insufficient_data,0.0108,0.0123,B,minor,0.0143,0.9049403581647654,0.9801518519498125,False,0,False,,,,,,,,,,,,,False,,,,,,,,,
scotch_target,B cells,ENSG00000198089,SFI1,chr22,259,78,10,A,70.4,0.1075,0.0479,-1,0,SFI1_Other,SFI1_Other,SFI1_Other,junction:31508376-31528689,junction,31508376,31528689,20313,2.79,126.52,3.21,126.48,0.0,0.0,129.31,0.0,0.0,129.69,,,,insufficient_data,0.0216,0.0248,B,minor,0.0289,0.8650983871085486,0.9801518519498125,False,0,False,,,,,,,,,,,,,False,,,,,,,,,
scotch_target,B cells,ENSG00000198089,SFI1,chr22,259,78,10,A,70.4,0.1075,0.0479,-1,0,SFI1_Other,SFI1_Other,SFI1_Other,junction:31508376-31546860,junction,31508376,31546860,38484,2.46,126.85,1.54,128.15,0.0,0.0,129.31,0.0,0.0,129.69,,,,insufficient_data,0.019,0.0119,A,major,0.2176,0.6408430096830328,0.9801518519498125,True,3,False,chr22:31530702:C:T,31530702.0,C,T,B,5.9608609865491405e-06,1.0,0.0,16158.0,-,+,reduces_event,True,0.0,5.0,0.0,3.0,8.0,,,,chi2_cross_event
scotch_target,B cells,ENSG00000198089,SFI1,chr22,259,78,10,A,70.4,0.1075,0.0479,-1,0,SFI1_Other,SFI1_Other,SFI1_Other,junction:31508376-31546860,junction,31508376,31546860,38484,2.46,126.85,1.54,128.15,0.0,0.0,129.31,0.0,0.0,129.69,,,,insufficient_data,0.019,0.0119,A,major,0.2176,0.6408430096830328,0.9801518519498125,True,3,False,chr22:31530756:A:G,31530756.0,A,G,B,5.9608609865491405e-06,1.0,0.0,16104.0,-,+,reduces_event,True,0.0,6.0,0.0,2.0,8.0,,,,chi2_cross_event
scotch_target,B cells,ENSG00000198089,SFI1,chr22,259,78,10,A,70.4,0.1075,0.0479,-1,0,SFI1_Other,SFI1_Other,SFI1_Other,junction:31508376-31546860,junction,31508376,31546860,38484,2.46,126.85,1.54,128.15,0.0,0.0,129.31,0.0,0.0,129.69,,,,insufficient_data,0.019,0.0119,A,major,0.2176,0.6408430096830328,0.9801518519498125,True,3,True,chr22:31535679:G:C,31535679.0,G,C,A,0.9999940391390134,1.0,0.0,11181.0,+,-,promotes_event,True,0.0,3.0,0.0,6.0,9.0,,,,chi2_cross_event
scotch_target,B cells,ENSG00000198089,SFI1,chr22,259,78,10,A,70.4,0.1075,0.0479,-1,0,SFI1_Other,SFI1_Other,SFI1_Other,junction:31521320-31528689,junction,31521320,31528689,7369,1.4,127.92,1.6,128.08,0.0,0.0,129.31,0.0,0.0,129.69,,,,insufficient_data,0.0108,0.0123,B,minor,0.0143,0.9049403581647654,0.9801518519498125,False,0,False,,,,,,,,,,,,,False,,,,,,,,,
scotch_target,B cells,ENSG00000198089,SFI1,chr22,259,78,10,A,70.4,0.1075,0.0479,-1,0,SFI1_Other,SFI1_Other,SFI1_Other,junction:31528863-31531057,junction,31528863,31531057,2194,3.72,125.59,4.28,125.41,0.0,0.0,129.31,0.0,0.0,129.69,,,,insufficient_data,0.0288,0.033,B,minor,0.0388,0.8438670421561589,0.9801518519498125,True,2,False,chr22:31530702:C:T,31530702.0,C,T,B,5.9608609865491405e-06,1.0,0.0,355.0,-,+,promotes_event,True,0.0,5.0,0.0,3.0,8.0,,,,chi2_cross_event
scotch_target,B cells,ENSG00000198089,SFI1,chr22,259,78,10,A,70.4,0.1075,0.0479,-1,0,SFI1_Other,SFI1_Other,SFI1_Other,junction:31528863-31531057,junction,31528863,31531057,2194,3.72,125.59,4.28,125.41,0.0,0.0,129.31,0.0,0.0,129.69,,,,insufficient_data,0.0288,0.033,B,minor,0.0388,0.8438670421561589,0.9801518519498125,True,2,True,chr22:31530756:A:G,31530756.0,A,G,B,5.9608609865491405e-06,1.0,0.0,301.0,-,+,promotes_event,True,0.0,6.0,0.0,2.0,8.0,,,,chi2_cross_event
scotch_target,B cells,ENSG00000198089,SFI1,chr22,259,78,10,A,70.4,0.1075,0.0479,-1,0,SFI1_Other,SFI1_Other,SFI1_Other,junction:31531129-31546860,junction,31531129,31546860,15731,2.79,126.52,3.21,126.48,0.0,0.0,129.31,0.0,0.0,129.69,,,,insufficient_data,0.0216,0.0248,B,minor,0.0289,0.8650983871085486,0.9801518519498125,True,1,True,chr22:31535679:G:C,31535679.0,G,C,A,0.9999940391390134,1.0,0.0,4550.0,+,-,reduces_event,True,0.0,3.0,0.0,6.0,9.0,,,,chi2_cross_event
scotch_target,B cells,ENSG00000198089,SFI1,chr22,259,78,10,A,70.4,0.1075,0.0479,-1,0,SFI1_Other,SFI1_Other,SFI1_Other,junction:31546971-31550253,junction,31546971,31550253,3282,6.18,123.14,4.82,124.86,0.0,0.0,129.31,0.0,0.0,129.69,,,,insufficient_data,0.0478,0.0372,A,major,0.1782,0.6729353002688674,0.9801518519498125,False,0,False,,,,,,,,,,,,,False,,,,,,,,,
scotch_target,B cells,ENSG00000198089,SFI1,chr22,259,78,10,A,70.4,0.1075,0.0479,-1,0,SFI1_Other,SFI1_Other,SFI1_Other,junction:31550348-31556941,junction,31550348,31556941,6593,6.18,123.14,4.82,124.86,0.0,0.0,129.31,0.0,0.0,129.69,,,,insufficient_data,0.0478,0.0372,A,major,0.1782,0.6729353002688674,0.9801518519498125,True,2,False,chr22:31553940:G:A,31553940.0,G,A,B,5.9608609865491405e-06,1.0,0.0,3001.0,-,+,reduces_event,True,0.0,5.0,0.0,5.0,10.0,,,,chi2_cross_event
scotch_target,B cells,ENSG00000198089,SFI1,chr22,259,78,10,A,70.4,0.1075,0.0479,-1,0,SFI1_Other,SFI1_Other,SFI1_Other,junction:31550348-31556941,junction,31550348,31556941,6593,6.18,123.14,4.82,124.86,0.0,0.0,129.31,0.0,0.0,129.69,,,,insufficient_data,0.0478,0.0372,A,major,0.1782,0.6729353002688674,0.9801518519498125,True,2,True,chr22:31554018:C:T,31554018.0,C,T,A,0.9999940391390134,1.0,0.0,2923.0,+,-,promotes_event,True,0.0,3.0,0.0,2.0,5.0,,,,chi2_cross_event
scotch_target,B cells,ENSG00000198089,SFI1,chr22,259,78,10,A,70.4,0.1075,0.0479,-1,0,SFI1_Other,SFI1_Other,SFI1_Other,junction:31557059-31561289,junction,31557059,31561289,4230,6.18,123.14,4.82,124.86,0.0,0.0,129.31,0.0,0.0,129.69,,,,insufficient_data,0.0478,0.0372,A,major,0.1782,0.6729353002688674,0.9801518519498125,False,0,False,,,,,,,,,,,,,False,,,,,,,,,
scotch_target,B cells,ENSG00000198089,SFI1,chr22,259,78,10,A,70.4,0.1075,0.0479,-1,0,SFI1_Other,SFI1_Other,SFI1_Other,junction:31561392-31573057,junction,31561392,31573057,11665,5.25,124.06,4.75,124.94,0.0,0.0,129.31,0.0,0.0,129.69,,,,insufficient_data,0.0406,0.0366,A,major,0.0275,0.8682042810989866,0.9801518519498125,False,0,False,,,,,,,,,,,,,False,,,,,,,,,
scotch_target,B cells,ENSG00000198089,SFI1,chr22,259,78,10,A,70.4,0.1075,0.0479,-1,0,SFI1_Other,SFI1_Other,SFI1_Other,junction:31573214-31575230,junction,31573214,31575230,2016,6.72,122.6,6.28,123.4,0.02,0.0,129.29,0.98,0.0,128.71,,,,insufficient_data,0.052,0.0484,A,major,0.0165,0.8979026145454208,0.9801518519498125,False,0,False,,,,,,,,,,,,,False,,,,,,,,,
scotch_target,B cells,ENSG00000198089,SFI1,chr22,259,78,10,A,70.4,0.1075,0.0479,-1,0,SFI1_Other,SFI1_Other,SFI1_Other,junction:31575392-31578381,junction,31575392,31578381,2989,6.72,122.6,6.28,123.4,0.0,0.0,129.31,0.0,0.0,129.69,,,,insufficient_data,0.052,0.0484,A,major,0.0165,0.8979026145454208,0.9801518519498125,True,1,True,chr22:31575364:C:T,31575364.0,C,T,A,0.9999940391390134,1.0,28.0,28.0,+,-,promotes_event,True,1.0,3.0,0.0,3.0,7.0,,,,chi2_cross_event
scotch_target,B cells,ENSG00000198089,SFI1,chr22,259,78,10,A,70.4,0.1075,0.0479,-1,0,SFI1_Other,SFI1_Other,SFI1_Other,junction:31578452-31580271,junction,31578452,31580271,1819,5.32,123.99,4.68,125.01,0.0,0.98,128.33,0.0,0.02,129.67,,,,insufficient_data,0.0411,0.0361,A,major,0.0448,0.8323121694254241,0.9801518519498125,False,0,False,,,,,,,,,,,,,False,,,,,,,,,
scotch_target,B cells,ENSG00000198089,SFI1,chr22,259,78,10,A,70.4,0.1075,0.0479,-1,0,SFI1_Other,SFI1_Other,SFI1_Other,junction:31578452-31583874,junction,31578452,31583874,5422,1.4,127.92,1.6,128.08,0.0,0.98,128.33,0.0,0.02,129.67,,,,insufficient_data,0.0108,0.0123,B,minor,0.0143,0.9049403581647654,0.9801518519498125,True,2,False,chr22:31583341:A:T,31583341.0,A,T,A,0.9999940391390134,1.0,0.0,533.0,+,-,reduces_event,True,0.0,2.0,0.0,7.0,9.0,,,,chi2_cross_event
scotch_target,B cells,ENSG00000198089,SFI1,chr22,259,78,10,A,70.4,0.1075,0.0479,-1,0,SFI1_Other,SFI1_Other,SFI1_Other,junction:31578452-31583874,junction,31578452,31583874,5422,1.4,127.92,1.6,128.08,0.0,0.98,128.33,0.0,0.02,129.67,,,,insufficient_data,0.0108,0.0123,B,minor,0.0143,0.9049403581647654,0.9801518519498125,True,2,True,chr22:31583343:A:T,31583343.0,A,T,A,0.9999940391390134,1.0,0.0,531.0,+,-,reduces_event,True,0.0,2.0,0.0,8.0,10.0,,,,chi2_cross_event
scotch_target,B cells,ENSG00000198089,SFI1,chr22,259,78,10,A,70.4,0.1075,0.0479,-1,0,SFI1_Other,SFI1_Other,SFI1_Other,junction:31580364-31583874,junction,31580364,31583874,3510,5.79,123.53,5.21,124.47,0.0,0.0,129.31,0.0,0.0,129.69,,,,insufficient_data,0.0448,0.0402,A,major,0.0328,0.8562353254009512,0.9801518519498125,True,2,False,chr22:31583341:A:T,31583341.0,A,T,A,0.9999940391390134,1.0,0.0,533.0,+,-,promotes_event,True,0.0,2.0,0.0,7.0,9.0,,,,chi2_cross_event
scotch_target,B cells,ENSG00000198089,SFI1,chr22,259,78,10,A,70.4,0.1075,0.0479,-1,0,SFI1_Other,SFI1_Other,SFI1_Other,junction:31580364-31583874,junction,31580364,31583874,3510,5.79,123.53,5.21,124.47,0.0,0.0,129.31,0.0,0.0,129.69,,,,insufficient_data,0.0448,0.0402,A,major,0.0328,0.8562353254009512,0.9801518519498125,True,2,True,chr22:31583343:A:T,31583343.0,A,T,A,0.9999940391390134,1.0,0.0,531.0,+,-,promotes_event,True,0.0,2.0,0.0,8.0,10.0,,,,chi2_cross_event
scotch_target,B cells,ENSG00000198089,SFI1,chr22,259,78,10,A,70.4,0.1075,0.0479,-1,0,SFI1_Other,SFI1_Other,SFI1_Other,junction:31583972-31585067,junction,31583972,31585067,1095,7.65,121.67,7.35,122.33,0.0,0.0,129.31,1.0,0.0,128.69,,,,insufficient_data,0.0592,0.0567,A,major,0.007,0.9334779542379166,0.9801518519498125,False,0,False,,,,,,,,,,,,,False,,,,,,,,,
scotch_target,B cells,ENSG00000198089,SFI1,chr22,259,78,10,A,70.4,0.1075,0.0479,-1,0,SFI1_Other,SFI1_Other,SFI1_Other,junction:31585134-31587327,junction,31585134,31587327,2193,1.4,127.92,1.6,128.08,0.0,0.0,129.31,0.0,0.0,129.69,,,,insufficient_data,0.0108,0.0123,B,minor,0.0143,0.9049403581647654,0.9801518519498125,False,0,False,,,,,,,,,,,,,False,,,,,,,,,
scotch_target,B cells,ENSG00000198089,SFI1,chr22,259,78,10,A,70.4,0.1075,0.0479,-1,0,SFI1_Other,SFI1_Other,SFI1_Other,junction:31585134-31589446,junction,31585134,31589446,4312,6.25,123.06,5.75,123.94,0.0,0.0,129.31,0.0,0.0,129.69,,,,insufficient_data,0.0483,0.0443,A,major,0.0236,0.8779699169637727,0.9801518519498125,False,0,False,,,,,,,,,,,,,False,,,,,,,,,
scotch_target,B cells,ENSG00000198089,SFI1,chr22,259,78,10,A,70.4,0.1075,0.0479,-1,0,SFI1_Other,SFI1_Other,SFI1_Other,junction:31589577-31602211,junction,31589577,31602211,12634,6.25,123.06,5.75,123.94,0.0,0.0,129.31,0.0,0.0,129.69,,,,insufficient_data,0.0483,0.0443,A,major,0.0236,0.8779699169637727,0.9801518519498125,False,0,False,,,,,,,,,,,,,False,,,,,,,,,
scotch_target,B cells,ENSG00000198089,SFI1,chr22,259,78,10,A,70.4,0.1075,0.0479,-1,0,SFI1_Other,SFI1_Other,SFI1_Other,junction:31602293-31602606,junction,31602293,31602606,313,6.25,123.06,5.75,123.94,0.0,0.0,129.31,0.0,0.0,129.69,,,,insufficient_data,0.0483,0.0443,A,major,0.0236,0.8779699169637727,0.9801518519498125,False,0,False,,,,,,,,,,,,,False,,,,,,,,,
scotch_target,B cells,ENSG00000198089,SFI1,chr22,259,78,10,A,70.4,0.1075,0.0479,-1,0,SFI1_Other,SFI1_Other,SFI1_Other,junction:31602785-31603743,junction,31602785,31603743,958,4.32,124.99,3.68,126.01,0.0,0.0,129.31,0.0,0.0,129.69,,,,insufficient_data,0.0334,0.0284,A,major,0.0548,0.814967004681845,0.9801518519498125,False,0,False,,,,,,,,,,,,,False,,,,,,,,,
scotch_target,B cells,ENSG00000198089,SFI1,chr22,259,78,10,A,70.4,0.1075,0.0479,-1,0,SFI1_Other,SFI1_Other,SFI1_Other,junction:31603819-31604308,junction,31603819,31604308,489,4.32,124.99,3.68,126.01,0.0,0.0,129.31,0.0,0.0,129.69,,,,insufficient_data,0.0334,0.0284,A,major,0.0548,0.814967004681845,0.9801518519498125,False,0,False,,,,,,,,,,,,,False,,,,,,,,,
scotch_target,B cells,ENSG00000198089,SFI1,chr22,259,78,10,A,70.4,0.1075,0.0479,-1,0,SFI1_Other,SFI1_Other,SFI1_Other,junction:31604404-31604868,junction,31604404,31604868,464,6.64,122.67,6.36,123.33,0.0,0.0,129.31,0.0,0.0,129.69,,,,insufficient_data,0.0513,0.049,A,major,0.0077,0.9299558991662947,0.9801518519498125,False,0,False,,,,,,,,,,,,,False,,,,,,,,,
scotch_target,B cells,ENSG00000198089,SFI1,chr22,259,78,10,A,70.4,0.1075,0.0479,-1,0,SFI1_Other,SFI1_Other,SFI1_Other,junction:31604945-31606327,junction,31604945,31606327,1382,5.72,123.6,5.28,124.4,0.0,0.0,129.31,0.0,0.0,129.69,,,,insufficient_data,0.0442,0.0407,A,major,0.0189,0.8907030766334312,0.9801518519498125,False,0,False,,,,,,,,,,,,,False,,,,,,,,,
scotch_target,B cells,ENSG00000198089,SFI1,chr22,259,78,10,A,70.4,0.1075,0.0479,-1,0,SFI1_Other,SFI1_Other,SFI1_Other,junction:31606430-31607936,junction,31606430,31607936,1506,5.25,124.06,4.75,124.94,0.0,0.0,129.31,0.0,0.0,129.69,,,,insufficient_data,0.0406,0.0366,A,major,0.0275,0.8682042810989866,0.9801518519498125,False,0,False,,,,,,,,,,,,,False,,,,,,,,,
scotch_target,B cells,ENSG00000198089,SFI1,chr22,259,78,10,A,70.4,0.1075,0.0479,-1,0,SFI1_Other,SFI1_Other,SFI1_Other,junction:31608033-31611142,junction,31608033,31611142,3109,6.25,123.06,5.75,123.94,1.0,0.0,128.32,0.0,0.0,129.68,,,,insufficient_data,0.0483,0.0443,A,major,0.0236,0.8779699169637727,0.9801518519498125,False,0,False,,,,,,,,,,,,,False,,,,,,,,,
scotch_target,B cells,ENSG00000198089,SFI1,chr22,259,78,10,A,70.4,0.1075,0.0479,-1,0,SFI1_Other,SFI1_Other,SFI1_Other,junction:31611303-31611765,junction,31611303,31611765,462,6.25,123.06,5.75,123.94,0.0,2.0,127.32,0.0,0.0,129.68,,,,insufficient_data,0.0483,0.0443,A,major,0.0236,0.8779699169637727,0.9801518519498125,False,0,False,,,,,,,,,,,,,False,,,,,,,,,
scotch_target,B cells,ENSG00000198089,SFI1,chr22,259,78,10,A,70.4,0.1075,0.0479,-1,0,SFI1_Other,SFI1_Other,SFI1_Other,junction:31611840-31613141,junction,31611840,31613141,1301,6.25,123.06,5.75,123.94,0.0,0.0,129.31,0.0,0.0,129.69,,,,insufficient_data,0.0483,0.0443,A,major,0.0236,0.8779699169637727,0.9801518519498125,True,1,True,chr22:31612204:C:T,31612204.0,C,T,A,0.9999940391390134,1.0,0.0,364.0,+,-,promotes_event,True,0.0,3.0,0.0,5.0,8.0,,,,chi2_cross_event
scotch_target,B cells,ENSG00000198089,SFI1,chr22,259,78,10,A,70.4,0.1075,0.0479,-1,0,SFI1_Other,SFI1_Other,SFI1_Other,junction:31613216-31613353,junction,31613216,31613353,137,6.25,123.06,5.75,123.94,0.0,0.0,129.31,0.0,0.0,129.69,,,,insufficient_data,0.0483,0.0443,A,major,0.0236,0.8779699169637727,0.9801518519498125,False,0,False,,,,,,,,,,,,,False,,,,,,,,,
scotch_target,B cells,ENSG00000198089,SFI1,chr22,259,78,10,A,70.4,0.1075,0.0479,-1,0,SFI1_Other,SFI1_Other,SFI1_Other,junction:31613530-31613601,junction,31613530,31613601,71,6.25,123.06,5.75,123.94,0.0,0.0,129.31,0.0,0.0,129.69,,,,insufficient_data,0.0483,0.0443,A,major,0.0236,0.8779699169637727,0.9801518519498125,False,0,False,,,,,,,,,,,,,False,,,,,,,,,
scotch_target,B cells,ENSG00000198089,SFI1,chr22,259,78,10,A,70.4,0.1075,0.0479,-1,0,SFI1_Other,SFI1_Other,SFI1_Other,junction:31615279-31616744,junction,31615279,31616744,1465,10.41,118.9,12.59,117.1,0.0,0.0,129.31,0.0,0.0,129.69,,,,insufficient_data,0.0805,0.0971,B,minor,0.2195,0.6394508565115993,0.9801518519498125,False,0,False,,,,,,,,,,,,,False,,,,,,,,,
scotch_target,B cells,ENSG00000198089,SFI1,chr22,259,78,10,A,70.4,0.1075,0.0479,-1,0,SFI1_Other,SFI1_Other,SFI1_Other,junction:31616877-31616999,junction,31616877,31616999,122,9.55,119.76,11.45,118.24,0.0,0.0,129.31,0.0,0.0,129.69,,,,insufficient_data,0.0739,0.0883,B,minor,0.18,0.6714099203271537,0.9801518519498125,False,0,False,,,,,,,,,,,,,False,,,,,,,,,
scotch_target,B cells,ENSG00000198089,SFI1,chr22,259,78,10,A,70.4,0.1075,0.0479,-1,0,SFI1_Other,SFI1_Other,SFI1_Other,junction:31616877-31618211,junction,31616877,31618211,1334,3.26,126.06,3.74,125.94,0.0,0.0,129.31,0.0,0.0,129.69,,,,insufficient_data,0.0252,0.0288,B,minor,0.0338,0.8541205334849681,0.9801518519498125,True,1,True,chr22:31618174:G:A,31618174.0,G,A,A,0.9999940391390134,1.0,0.0,37.0,+,-,reduces_event,True,0.0,9.0,0.0,10.0,19.0,,,,chi2_cross_event
scotch_target,B cells,ENSG00000198089,SFI1,chr22,259,78,10,A,70.4,0.1075,0.0479,-1,0,SFI1_Other,SFI1_Other,SFI1_Other,junction:31617078-31618114,junction,31617078,31618114,1036,9.55,119.76,11.45,118.24,0.0,0.0,129.31,0.0,1.0,128.69,,,,insufficient_data,0.0739,0.0883,B,minor,0.18,0.6714099203271537,0.9801518519498125,False,0,False,,,,,,,,,,,,,False,,,,,,,,,
scotch_target,B cells,ENSG00000198089,SFI1,chr22,259,78,10,A,70.4,0.1075,0.0479,-1,0,SFI1_Other,SFI1_Other,SFI1_Other,junction:31618226-31618313,junction,31618226,31618313,87,10.41,118.9,12.59,117.1,0.0,2.47,126.84,0.0,3.53,126.16,,,,insufficient_data,0.0805,0.0971,B,minor,0.2195,0.6394508565115993,0.9801518519498125,False,0,False,,,,,,,,,,,,,False,,,,,,,,,
scotch_target,B cells,ENSG00000198089,SFI1,chr22,259,78,10,A,70.4,0.1075,0.0479,-1,0,SFI1_Other,SFI1_Other,SFI1_Other,exon:31583934-31583969,exon,31583934,31583969,35,8.11,121.2,7.89,121.8,1.46,0.47,127.39,3.54,0.54,125.61,,,,insufficient_data,0.0627,0.0608,A,major,0.004,0.9495330469154593,0.9871383161002298,False,0,False,,,,,,,,,,,,,False,,,,,,,,,
scotch_target,B cells,ENSG00000198089,SFI1,chr22,259,78,10,A,70.4,0.1075,0.0479,-1,0,SFI1_Other,SFI1_Other,SFI1_Other,exon:31583905-31583934,exon,31583905,31583934,29,8.58,120.74,8.42,121.26,1.46,0.47,127.39,3.54,0.54,125.61,,,,insufficient_data,0.0663,0.0649,A,major,0.002,0.9646408121597695,0.9924732000766215,False,0,False,,,,,,,,,,,,,False,,,,,,,,,
scotch_target,B cells,ENSG00000198089,SFI1,chr22,259,78,10,A,70.4,0.1075,0.0479,-1,0,SFI1_Other,SFI1_Other,SFI1_Other,exon:31613834-31613855,exon,31613834,31613855,21,9.51,119.81,9.49,120.19,2.99,1.46,124.86,1.01,0.54,128.14,,,,insufficient_data,0.0735,0.0732,A,major,0.0001,0.9924732000766215,0.9924732000766215,False,0,False,,,,,,,,,,,,,False,,,,,,,,,
scotch_target,B cells,ENSG00000198089,SFI1,chr22,259,78,10,A,70.4,0.1075,0.0479,-1,0,SFI1_Other,SFI1_Other,SFI1_Other,junction:31613855-31614788,junction,31613855,31614788,933,9.51,119.81,9.49,120.19,0.0,0.0,129.31,0.0,0.0,129.69,,,,insufficient_data,0.0735,0.0732,A,major,0.0001,0.9924732000766215,0.9924732000766215,False,0,False,,,,,,,,,,,,,False,,,,,,,,,
scotch_target,B cells,ENSG00000198089,SFI1,chr22,259,78,10,A,70.4,0.1075,0.0479,-1,0,SFI1_Other,SFI1_Other,SFI1_Other,junction:31614860-31615047,junction,31614860,31615047,187,9.51,119.81,9.49,120.19,0.0,0.47,128.85,0.0,0.54,129.15,,,,insufficient_data,0.0735,0.0732,A,major,0.0001,0.9924732000766215,0.9924732000766215,False,0,False,,,,,,,,,,,,,False,,,,,,,,,
scotch_target,B cells,ENSG00000239713,APOBEC3G,chr22,101,46,3,A,70.4,0.0882,0.0336,-1,1,APOBEC3G_Other,APOBEC3G_Other,APOBEC3G_Other,exon:39077274-39077378,exon,39077274,39077378,104,26.66,40.31,11.34,22.69,30.58,1.46,34.94,20.42,0.54,13.06,0.1328,0.7155404648697997,0.7705820390905536,chi2_hap_event,0.3981,0.3332,A,major,0.4057,0.5241380506292397,0.9958711214182787,True,3,True,chr22:39077378:G:A,39077378.0,G,A,A,0.9999940391390134,1.0,0.0,0.0,+,-,promotes_event,True,19.0,0.0,26.0,0.0,45.0,,0.3712980344710104,0.8422599140944591,binomial_intra_event
scotch_target,B cells,ENSG00000239713,APOBEC3G,chr22,101,46,3,A,70.4,0.0882,0.0336,-1,1,APOBEC3G_Other,APOBEC3G_Other,APOBEC3G_Other,exon:39077274-39077378,exon,39077274,39077378,104,26.66,40.31,11.34,22.69,30.58,1.46,34.94,20.42,0.54,13.06,0.1328,0.7155404648697997,0.7705820390905536,chi2_hap_event,0.3981,0.3332,A,major,0.4057,0.5241380506292397,0.9958711214182787,True,3,False,chr22:39077379:T:A,39077379.0,T,A,A,0.9999940391390134,1.0,1.0,1.0,+,-,promotes_event,True,3.0,12.0,8.0,19.0,42.0,0.4626,0.49642946828628487,0.8422599140944591,chi2_cross_event
scotch_target,B cells,ENSG00000239713,APOBEC3G,chr22,101,46,3,A,70.4,0.0882,0.0336,-1,1,APOBEC3G_Other,APOBEC3G_Other,APOBEC3G_Other,exon:39077274-39077378,exon,39077274,39077378,104,26.66,40.31,11.34,22.69,30.58,1.46,34.94,20.42,0.54,13.06,0.1328,0.7155404648697997,0.7705820390905536,chi2_hap_event,0.3981,0.3332,A,major,0.4057,0.5241380506292397,0.9958711214182787,True,3,False,chr22:39077383:G:C,39077383.0,G,C,A,0.9999940391390134,1.0,5.0,5.0,+,-,promotes_event,True,3.0,11.0,7.0,19.0,40.0,0.1465,0.7018832617453826,0.8422599140944591,chi2_cross_event
scotch_target,B cells,ENSG00000239713,APOBEC3G,chr22,101,46,3,A,70.4,0.0882,0.0336,-1,1,APOBEC3G_Other,APOBEC3G_Other,APOBEC3G_Other,exon:39078931-39079085,exon,39078931,39079085,154,26.66,40.31,11.34,22.69,29.06,5.16,32.76,1.94,16.84,15.24,27.7711,1.3655320407593382e-07,1.9117448570630737e-06,chi2_hap_event,0.3981,0.3332,A,major,0.4057,0.5241380506292397,0.9958711214182787,False,0,False,,,,,,,,,,,,,False,,,,,,,,,
scotch_target,B cells,ENSG00000239713,APOBEC3G,chr22,101,46,3,A,70.4,0.0882,0.0336,-1,1,APOBEC3G_Other,APOBEC3G_Other,APOBEC3G_Other,exon:39079661-39079700,exon,39079661,39079700,39,7.64,59.34,1.36,32.66,8.18,26.76,32.03,0.82,18.24,14.97,3.2516,0.07135448877472392,0.35353824625924984,chi2_hap_event,0.1141,0.04,A,major,1.5261,0.21670059061400287,0.9958711214182787,False,0,False,,,,,,,,,,,,,False,,,,,,,,,
scotch_target,B cells,ENSG00000239713,APOBEC3G,chr22,101,46,3,A,70.4,0.0882,0.0336,-1,1,APOBEC3G_Other,APOBEC3G_Other,APOBEC3G_Other,exon:39080634-39080696,exon,39080634,39080696,62,5.1,61.88,1.9,32.12,2.91,26.76,37.3,1.09,18.24,14.7,0.2733,0.6011116716834598,0.7705820390905536,chi2_hap_event,0.0761,0.0558,A,major,0.1416,0.7066487819307918,0.9958711214182787,False,0,False,,,,,,,,,,,,,False,,,,,,,,,
scotch_target,B cells,ENSG00000239713,APOBEC3G,chr22,101,46,3,A,70.4,0.0882,0.0336,-1,1,APOBEC3G_Other,APOBEC3G_Other,APOBEC3G_Other,exon:39080696-39080932,exon,39080696,39080932,236,5.1,61.88,1.9,32.12,2.91,6.58,57.49,1.09,17.42,15.51,3.1536,0.0757581956269821,0.35353824625924984,chi2_hap_event,0.0761,0.0558,A,major,0.1416,0.7066487819307918,0.9958711214182787,False,0,False,,,,,,,,,,,,,False,,,,,,,,,
scotch_target,B cells,ENSG00000239713,APOBEC3G,chr22,101,46,3,A,70.4,0.0882,0.0336,-1,1,APOBEC3G_Other,APOBEC3G_Other,APOBEC3G_Other,exon:39080932-39081194,exon,39080932,39081194,262,26.3,40.67,12.7,21.33,26.42,5.43,35.12,14.58,5.57,13.88,0.8287,0.36265937920320834,0.7422443414745683,chi2_hap_event,0.3927,0.3732,A,major,0.0366,0.8482231258894222,0.9958711214182787,False,0,False,,,,,,,,,,,,,False,,,,,,,,,
scotch_target,B cells,ENSG00000239713,APOBEC3G,chr22,101,46,3,A,70.4,0.0882,0.0336,-1,1,APOBEC3G_Other,APOBEC3G_Other,APOBEC3G_Other,exon:39081194-39081227,exon,39081194,39081227,33,26.3,40.67,12.7,21.33,25.7,5.43,35.85,14.3,5.57,14.15,0.7999,0.37112217073728415,0.7422443414745683,chi2_hap_event,0.3927,0.3732,A,major,0.0366,0.8482231258894222,0.9958711214182787,False,0,False,,,,,,,,,,,,,False,,,,,,,,,
scotch_target,B cells,ENSG00000239713,APOBEC3G,chr22,101,46,3,A,70.4,0.0882,0.0336,-1,1,APOBEC3G_Other,APOBEC3G_Other,APOBEC3G_Other,exon:39081470-39081585,exon,39081470,39081585,115,26.3,40.67,12.7,21.33,26.42,5.43,35.12,14.58,5.57,13.88,0.8287,0.36265937920320834,0.7422443414745683,chi2_hap_event,0.3927,0.3732,A,major,0.0366,0.8482231258894222,0.9958711214182787,False,0,False,,,,,,,,,,,,,False,,,,,,,,,
scotch_target,B cells,ENSG00000239713,APOBEC3G,chr22,101,46,3,A,70.4,0.0882,0.0336,-1,1,APOBEC3G_Other,APOBEC3G_Other,APOBEC3G_Other,exon:39081585-39081687,exon,39081585,39081687,102,5.1,61.88,1.9,32.12,0.0,30.99,35.99,0.0,19.01,15.01,,,,insufficient_data,0.0761,0.0558,A,major,0.1416,0.7066487819307918,0.9958711214182787,False,0,False,,,,,,,,,,,,,False,,,,,,,,,
scotch_target,B cells,ENSG00000239713,APOBEC3G,chr22,101,46,3,A,70.4,0.0882,0.0336,-1,1,APOBEC3G_Other,APOBEC3G_Other,APOBEC3G_Other,exon:39081687-39082623,exon,39081687,39082623,936,5.1,61.88,1.9,32.12,0.0,30.99,35.99,0.0,19.01,15.01,,,,insufficient_data,0.0761,0.0558,A,major,0.1416,0.7066487819307918,0.9958711214182787,False,0,False,,,,,,,,,,,,,False,,,,,,,,,
scotch_target,B cells,ENSG00000239713,APOBEC3G,chr22,101,46,3,A,70.4,0.0882,0.0336,-1,1,APOBEC3G_Other,APOBEC3G_Other,APOBEC3G_Other,exon:39082623-39082645,exon,39082623,39082645,22,5.1,61.88,1.9,32.12,0.0,30.99,35.99,0.0,19.01,15.01,,,,insufficient_data,0.0761,0.0558,A,major,0.1416,0.7066487819307918,0.9958711214182787,False,0,False,,,,,,,,,,,,,False,,,,,,,,,
scotch_target,B cells,ENSG00000239713,APOBEC3G,chr22,101,46,3,A,70.4,0.0882,0.0336,-1,1,APOBEC3G_Other,APOBEC3G_Other,APOBEC3G_Other,exon:39082645-39082679,exon,39082645,39082679,34,5.1,61.88,1.9,32.12,0.0,30.99,35.99,0.0,19.01,15.01,,,,insufficient_data,0.0761,0.0558,A,major,0.1416,0.7066487819307918,0.9958711214182787,False,0,False,,,,,,,,,,,,,False,,,,,,,,,
scotch_target,B cells,ENSG00000239713,APOBEC3G,chr22,101,46,3,A,70.4,0.0882,0.0336,-1,1,APOBEC3G_Other,APOBEC3G_Other,APOBEC3G_Other,exon:39082679-39083214,exon,39082679,39083214,535,2.91,64.06,1.09,32.94,2.91,30.99,33.08,1.09,19.01,13.92,0.1859,0.6663586746508066,0.7705820390905536,chi2_hap_event,0.0435,0.032,A,major,0.0784,0.7794254453828464,0.9958711214182787,False,0,False,,,,,,,,,,,,,False,,,,,,,,,
scotch_target,B cells,ENSG00000239713,APOBEC3G,chr22,101,46,3,A,70.4,0.0882,0.0336,-1,1,APOBEC3G_Other,APOBEC3G_Other,APOBEC3G_Other,exon:39083730-39083884,exon,39083730,39083884,154,21.21,45.77,10.79,23.23,30.92,2.98,33.08,15.08,5.02,13.92,2.6254,0.10516276467108604,0.36806967634880117,chi2_hap_event,0.3167,0.3172,B,minor,0.0,0.9958711214182787,0.9958711214182787,False,0,False,,,,,,,,,,,,,False,,,,,,,,,
scotch_target,B cells,ENSG00000239713,APOBEC3G,chr22,101,46,3,A,70.4,0.0882,0.0336,-1,1,APOBEC3G_Other,APOBEC3G_Other,APOBEC3G_Other,exon:39086278-39086461,exon,39086278,39086461,183,21.21,45.77,10.79,23.23,32.44,2.91,31.62,19.56,1.09,13.38,0.173,0.6774199196228192,0.7705820390905536,chi2_hap_event,0.3167,0.3172,B,minor,0.0,0.9958711214182787,0.9958711214182787,False,0,False,,,,,,,,,,,,,False,,,,,,,,,
scotch_target,B cells,ENSG00000239713,APOBEC3G,chr22,101,46,3,A,70.4,0.0882,0.0336,-1,1,APOBEC3G_Other,APOBEC3G_Other,APOBEC3G_Other,exon:39086461-39086567,exon,39086461,39086567,106,21.21,45.77,10.79,23.23,31.44,4.37,31.17,18.56,1.63,13.83,0.2286,0.6325907921208668,0.7705820390905536,chi2_hap_event,0.3167,0.3172,B,minor,0.0,0.9958711214182787,0.9958711214182787,False,0,False,,,,,,,,,,,,,False,,,,,,,,,
scotch_target,B cells,ENSG00000239713,APOBEC3G,chr22,101,46,3,A,70.4,0.0882,0.0336,-1,1,APOBEC3G_Other,APOBEC3G_Other,APOBEC3G_Other,exon:39087010-39087126,exon,39087010,39087126,116,21.21,45.77,10.79,23.23,35.54,3.91,27.53,20.46,1.09,12.47,0.4389,0.5076388592319706,0.7705820390905536,chi2_hap_event,0.3167,0.3172,B,minor,0.0,0.9958711214182787,0.9958711214182787,False,0,False,,,,,,,,,,,,,False,,,,,,,,,
scotch_target,B cells,ENSG00000239713,APOBEC3G,chr22,101,46,3,A,70.4,0.0882,0.0336,-1,1,APOBEC3G_Other,APOBEC3G_Other,APOBEC3G_Other,exon:39087406-39087743,exon,39087406,39087743,337,21.21,45.77,10.79,23.23,46.73,1.46,18.79,24.27,0.54,9.21,0.0423,0.8370644744808872,0.8370644744808872,chi2_hap_event,0.3167,0.3172,B,minor,0.0,0.9958711214182787,0.9958711214182787,False,0,False,,,,,,,,,,,,,False,,,,,,,,,
scotch_target,B cells,ENSG00000239713,APOBEC3G,chr22,101,46,3,A,70.4,0.0882,0.0336,-1,1,APOBEC3G_Other,APOBEC3G_Other,APOBEC3G_Other,junction:39077378-39078931,junction,39077378,39078931,1553,26.66,40.31,11.34,22.69,0.0,0.0,66.98,0.0,0.0,34.02,,,,insufficient_data,0.3981,0.3332,A,major,0.4057,0.5241380506292397,0.9958711214182787,True,3,True,chr22:39077378:G:A,39077378.0,G,A,A,0.9999940391390134,1.0,0.0,0.0,+,-,promotes_event,True,5.0,14.0,7.0,19.0,45.0,0.0021,0.9637083533990503,0.9637083533990503,chi2_cross_event
scotch_target,B cells,ENSG00000239713,APOBEC3G,chr22,101,46,3,A,70.4,0.0882,0.0336,-1,1,APOBEC3G_Other,APOBEC3G_Other,APOBEC3G_Other,junction:39077378-39078931,junction,39077378,39078931,1553,26.66,40.31,11.34,22.69,0.0,0.0,66.98,0.0,0.0,34.02,,,,insufficient_data,0.3981,0.3332,A,major,0.4057,0.5241380506292397,0.9958711214182787,True,3,False,chr22:39077379:T:A,39077379.0,T,A,A,0.9999940391390134,1.0,0.0,1.0,+,-,promotes_event,True,3.0,12.0,8.0,19.0,42.0,0.4626,0.49642946828628487,0.8422599140944591,chi2_cross_event
scotch_target,B cells,ENSG00000239713,APOBEC3G,chr22,101,46,3,A,70.4,0.0882,0.0336,-1,1,APOBEC3G_Other,APOBEC3G_Other,APOBEC3G_Other,junction:39077378-39078931,junction,39077378,39078931,1553,26.66,40.31,11.34,22.69,0.0,0.0,66.98,0.0,0.0,34.02,,,,insufficient_data,0.3981,0.3332,A,major,0.4057,0.5241380506292397,0.9958711214182787,True,3,False,chr22:39077383:G:C,39077383.0,G,C,A,0.9999940391390134,1.0,0.0,5.0,+,-,promotes_event,True,3.0,11.0,7.0,19.0,40.0,0.1465,0.7018832617453826,0.8422599140944591,chi2_cross_event
scotch_target,B cells,ENSG00000239713,APOBEC3G,chr22,101,46,3,A,70.4,0.0882,0.0336,-1,1,APOBEC3G_Other,APOBEC3G_Other,APOBEC3G_Other,junction:39079085-39080932,junction,39079085,39080932,1847,21.21,45.77,10.79,23.23,0.0,0.0,66.98,0.0,0.0,34.02,,,,insufficient_data,0.3167,0.3172,B,minor,0.0,0.9958711214182787,0.9958711214182787,False,0,False,,,,,,,,,,,,,False,,,,,,,,,
scotch_target,B cells,ENSG00000239713,APOBEC3G,chr22,101,46,3,A,70.4,0.0882,0.0336,-1,1,APOBEC3G_Other,APOBEC3G_Other,APOBEC3G_Other,junction:39081227-39081470,junction,39081227,39081470,243,26.3,40.67,12.7,21.33,0.0,0.0,66.98,0.0,0.0,34.02,,,,insufficient_data,0.3927,0.3732,A,major,0.0366,0.8482231258894222,0.9958711214182787,False,0,False,,,,,,,,,,,,,False,,,,,,,,,
scotch_target,B cells,ENSG00000239713,APOBEC3G,chr22,101,46,3,A,70.4,0.0882,0.0336,-1,1,APOBEC3G_Other,APOBEC3G_Other,APOBEC3G_Other,junction:39081585-39083730,junction,39081585,39083730,2145,21.21,45.77,10.79,23.23,0.0,0.0,66.98,0.0,0.0,34.02,,,,insufficient_data,0.3167,0.3172,B,minor,0.0,0.9958711214182787,0.9958711214182787,False,0,False,,,,,,,,,,,,,False,,,,,,,,,
scotch_target,B cells,ENSG00000239713,APOBEC3G,chr22,101,46,3,A,70.4,0.0882,0.0336,-1,1,APOBEC3G_Other,APOBEC3G_Other,APOBEC3G_Other,junction:39083884-39086278,junction,39083884,39086278,2394,21.21,45.77,10.79,23.23,0.0,0.0,66.98,0.0,0.0,34.02,,,,insufficient_data,0.3167,0.3172,B,minor,0.0,0.9958711214182787,0.9958711214182787,False,0,False,,,,,,,,,,,,,False,,,,,,,,,
scotch_target,B cells,ENSG00000239713,APOBEC3G,chr22,101,46,3,A,70.4,0.0882,0.0336,-1,1,APOBEC3G_Other,APOBEC3G_Other,APOBEC3G_Other,junction:39086567-39087010,junction,39086567,39087010,443,21.21,45.77,10.79,23.23,0.0,0.73,66.25,0.0,0.27,33.75,,,,insufficient_data,0.3167,0.3172,B,minor,0.0,0.9958711214182787,0.9958711214182787,False,0,False,,,,,,,,,,,,,False,,,,,,,,,
scotch_target,B cells,ENSG00000239713,APOBEC3G,chr22,101,46,3,A,70.4,0.0882,0.0336,-1,1,APOBEC3G_Other,APOBEC3G_Other,APOBEC3G_Other,junction:39087126-39087406,junction,39087126,39087406,280,21.21,45.77,10.79,23.23,0.0,1.46,65.52,0.0,0.54,33.48,,,,insufficient_data,0.3167,0.3172,B,minor,0.0,0.9958711214182787,0.9958711214182787,False,0,False,,,,,,,,,,,,,False,,,,,,,,,
scotch_target,Monocytes,ENSG00000025770,NCAPH2,chr22,4125,199,4,B,70.4,0.0006,0.0053,-1,0,NCAPH2_novelIsoform_4362862147404287,NCAPH2_novelIsoform_4362862147404287,NCAPH2_novelIsoform_4362862147404287,exon:50508259-50508428,exon,50508259,50508428,169,651.27,1351.9,669.73,1452.09,17.88,0.97,1984.33,5.12,1.03,2115.67,0.8481,0.35709415244969644,0.5557992150003117,chi2_hap_event,0.3251,0.3156,A,minor,0.4256,0.5141326930284305,0.8307753048311538,False,0,False,,,,,,,,,,,,,False,,,,,,,,,
scotch_target,Monocytes,ENSG00000025770,NCAPH2,chr22,4125,199,4,B,70.4,0.0006,0.0053,-1,0,NCAPH2_novelIsoform_4362862147404287,NCAPH2_novelIsoform_4362862147404287,NCAPH2_novelIsoform_4362862147404287,exon:50508428-50508445,exon,50508428,50508445,17,649.33,1353.84,667.67,1454.15,17.88,0.97,1984.33,5.12,1.03,2115.67,0.8481,0.35709415244969644,0.5557992150003117,chi2_hap_event,0.3242,0.3147,A,minor,0.4265,0.5136878236985546,0.8307753048311538,False,0,False,,,,,,,,,,,,,False,,,,,,,,,
scotch_target,Monocytes,ENSG00000025770,NCAPH2,chr22,4125,199,4,B,70.4,0.0006,0.0053,-1,0,NCAPH2_novelIsoform_4362862147404287,NCAPH2_novelIsoform_4362862147404287,NCAPH2_novelIsoform_4362862147404287,exon:50516446-50516548,exon,50516446,50516548,102,650.79,1352.39,669.21,1452.61,17.88,1.46,1983.84,5.12,1.54,2115.16,1.1902,0.2752963651569529,0.5316558129726122,chi2_hap_event,0.3249,0.3154,A,minor,0.4259,0.5140217198822995,0.8307753048311538,False,0,False,,,,,,,,,,,,,False,,,,,,,,,
scotch_target,Monocytes,ENSG00000025770,NCAPH2,chr22,4125,199,4,B,70.4,0.0006,0.0053,-1,0,NCAPH2_novelIsoform_4362862147404287,NCAPH2_novelIsoform_4362862147404287,NCAPH2_novelIsoform_4362862147404287,exon:50517426-50517482,exon,50517426,50517482,56,651.27,1351.9,669.73,1452.09,17.88,1.46,1983.84,5.12,1.54,2115.16,1.1902,0.2752963651569529,0.5316558129726122,chi2_hap_event,0.3251,0.3156,A,minor,0.4256,0.5141326930284305,0.8307753048311538,False,0,False,,,,,,,,,,,,,False,,,,,,,,,
scotch_target,Monocytes,ENSG00000025770,NCAPH2,chr22,4125,199,4,B,70.4,0.0006,0.0053,-1,0,NCAPH2_novelIsoform_4362862147404287,NCAPH2_novelIsoform_4362862147404287,NCAPH2_novelIsoform_4362862147404287,exon:50517576-50517661,exon,50517576,50517661,85,651.27,1351.9,669.73,1452.09,19.36,1.46,1982.36,5.63,1.54,2114.64,1.1782,0.27772704752848243,0.5316558129726122,chi2_hap_event,0.3251,0.3156,A,minor,0.4256,0.5141326930284305,0.8307753048311538,False,0,False,,,,,,,,,,,,,False,,,,,,,,,
scotch_target,Monocytes,ENSG00000025770,NCAPH2,chr22,4125,199,4,B,70.4,0.0006,0.0053,-1,0,NCAPH2_novelIsoform_4362862147404287,NCAPH2_novelIsoform_4362862147404287,NCAPH2_novelIsoform_4362862147404287,exon:50517740-50517809,exon,50517740,50517809,69,651.27,1351.9,669.73,1452.09,20.85,1.46,1980.87,6.15,1.54,2114.13,1.168,0.2798188489329538,0.5316558129726122,chi2_hap_event,0.3251,0.3156,A,minor,0.4256,0.5141326930284305,0.8307753048311538,False,0,False,,,,,,,,,,,,,False,,,,,,,,,
scotch_target,Monocytes,ENSG00000025770,NCAPH2,chr22,4125,199,4,B,70.4,0.0006,0.0053,-1,0,NCAPH2_novelIsoform_4362862147404287,NCAPH2_novelIsoform_4362862147404287,NCAPH2_novelIsoform_4362862147404287,exon:50517972-50518052,exon,50517972,50518052,80,651.27,1351.9,669.73,1452.09,21.33,1.46,1980.39,6.66,1.54,2113.61,1.0676,0.30149236737572743,0.5356959035133348,chi2_hap_event,0.3251,0.3156,A,minor,0.4256,0.5141326930284305,0.8307753048311538,False,0,False,,,,,,,,,,,,,False,,,,,,,,,
scotch_target,Monocytes,ENSG00000025770,NCAPH2,chr22,4125,199,4,B,70.4,0.0006,0.0053,-1,0,NCAPH2_novelIsoform_4362862147404287,NCAPH2_novelIsoform_4362862147404287,NCAPH2_novelIsoform_4362862147404287,exon:50518132-50518276,exon,50518132,50518276,144,651.27,1351.9,669.73,1452.09,23.79,1.46,1977.93,7.21,2.54,2112.07,2.8717,0.09014975763511761,0.3425690790134469,chi2_hap_event,0.3251,0.3156,A,minor,0.4256,0.5141326930284305,0.8307753048311538,False,0,False,,,,,,,,,,,,,False,,,,,,,,,
scotch_target,Monocytes,ENSG00000025770,NCAPH2,chr22,4125,199,4,B,70.4,0.0006,0.0053,-1,0,NCAPH2_novelIsoform_4362862147404287,NCAPH2_novelIsoform_4362862147404287,NCAPH2_novelIsoform_4362862147404287,exon:50518648-50518732,exon,50518648,50518732,84,649.33,1353.84,667.67,1454.15,24.79,1.94,1976.45,8.21,2.06,2111.55,1.2608,0.2614910920413489,0.5316558129726122,chi2_hap_event,0.3242,0.3147,A,minor,0.4265,0.5136878236985546,0.8307753048311538,False,0,False,,,,,,,,,,,,,False,,,,,,,,,
scotch_target,Monocytes,ENSG00000025770,NCAPH2,chr22,4125,199,4,B,70.4,0.0006,0.0053,-1,0,NCAPH2_novelIsoform_4362862147404287,NCAPH2_novelIsoform_4362862147404287,NCAPH2_novelIsoform_4362862147404287,exon:50519189-50519320,exon,50519189,50519320,131,649.33,1353.84,667.67,1454.15,27.76,1.46,1973.96,10.24,1.54,2110.04,0.8184,0.3656573782896788,0.5557992150003117,chi2_hap_event,0.3242,0.3147,A,minor,0.4265,0.5136878236985546,0.8307753048311538,False,0,False,,,,,,,,,,,,,False,,,,,,,,,
scotch_target,Monocytes,ENSG00000025770,NCAPH2,chr22,4125,199,4,B,70.4,0.0006,0.0053,-1,0,NCAPH2_novelIsoform_4362862147404287,NCAPH2_novelIsoform_4362862147404287,NCAPH2_novelIsoform_4362862147404287,exon:50520964-50521036,exon,50520964,50521036,72,640.12,1363.06,657.88,1463.94,27.91,59.68,1915.58,10.09,63.32,2048.42,7.2696,0.007013208454772748,0.08119116090980805,chi2_hap_event,0.3196,0.3101,A,minor,0.4309,0.5115387561814242,0.8307753048311538,False,0,False,,,,,,,,,,,,,False,,,,,,,,,
scotch_target,Monocytes,ENSG00000025770,NCAPH2,chr22,4125,199,4,B,70.4,0.0006,0.0053,-1,0,NCAPH2_novelIsoform_4362862147404287,NCAPH2_novelIsoform_4362862147404287,NCAPH2_novelIsoform_4362862147404287,exon:50521542-50521589,exon,50521542,50521589,47,640.12,1363.06,657.88,1463.94,28.97,59.68,1914.52,13.03,63.32,2045.48,5.2677,0.021725218556967595,0.12259729396174689,chi2_hap_event,0.3196,0.3101,A,minor,0.4309,0.5115387561814242,0.8307753048311538,False,0,False,,,,,,,,,,,,,False,,,,,,,,,
scotch_target,Monocytes,ENSG00000025770,NCAPH2,chr22,4125,199,4,B,70.4,0.0006,0.0053,-1,0,NCAPH2_novelIsoform_4362862147404287,NCAPH2_novelIsoform_4362862147404287,NCAPH2_novelIsoform_4362862147404287,exon:50521589-50521609,exon,50521589,50521609,20,639.63,1363.54,657.37,1464.46,27.97,59.68,1915.52,14.03,63.32,2044.48,4.1057,0.04273907396040041,0.20301060131190193,chi2_hap_event,0.3193,0.3098,A,minor,0.4312,0.5114239839269183,0.8307753048311538,False,0,False,,,,,,,,,,,,,False,,,,,,,,,
scotch_target,Monocytes,ENSG00000025770,NCAPH2,chr22,4125,199,4,B,70.4,0.0006,0.0053,-1,0,NCAPH2_novelIsoform_4362862147404287,NCAPH2_novelIsoform_4362862147404287,NCAPH2_novelIsoform_4362862147404287,exon:50521740-50521848,exon,50521740,50521848,108,639.63,1363.54,657.37,1464.46,31.97,59.68,1911.53,15.03,63.32,2043.47,5.2002,0.02258371204558495,0.12259729396174689,chi2_hap_event,0.3193,0.3098,A,minor,0.4312,0.5114239839269183,0.8307753048311538,False,0,False,,,,,,,,,,,,,False,,,,,,,,,
scotch_target,Monocytes,ENSG00000025770,NCAPH2,chr22,4125,199,4,B,70.4,0.0006,0.0053,-1,0,NCAPH2_novelIsoform_4362862147404287,NCAPH2_novelIsoform_4362862147404287,NCAPH2_novelIsoform_4362862147404287,exon:50521985-50522039,exon,50521985,50522039,54,639.63,1363.54,657.37,1464.46,32.45,59.68,1911.04,15.55,64.32,2041.96,5.278,0.021596111678676033,0.12259729396174689,chi2_hap_event,0.3193,0.3098,A,minor,0.4312,0.5114239839269183,0.8307753048311538,False,0,False,,,,,,,,,,,,,False,,,,,,,,,
scotch_target,Monocytes,ENSG00000025770,NCAPH2,chr22,4125,199,4,B,70.4,0.0006,0.0053,-1,0,NCAPH2_novelIsoform_4362862147404287,NCAPH2_novelIsoform_4362862147404287,NCAPH2_novelIsoform_4362862147404287,exon:50522180-50522251,exon,50522180,50522251,71,639.63,1363.54,657.37,1464.46,31.97,59.68,1911.53,18.03,63.32,2040.47,3.3894,0.06561490489303634,0.2770407095483757,chi2_hap_event,0.3193,0.3098,A,minor,0.4312,0.5114239839269183,0.8307753048311538,False,0,False,,,,,,,,,,,,,False,,,,,,,,,
scotch_target,Monocytes,ENSG00000025770,NCAPH2,chr22,4125,199,4,B,70.4,0.0006,0.0053,-1,0,NCAPH2_novelIsoform_4362862147404287,NCAPH2_novelIsoform_4362862147404287,NCAPH2_novelIsoform_4362862147404287,exon:50522342-50522415,exon,50522342,50522415,73,639.63,1363.54,657.37,1464.46,31.97,59.68,1911.53,20.03,63.32,2038.47,2.4582,0.11691183270208046,0.40387724024355065,chi2_hap_event,0.3193,0.3098,A,minor,0.4312,0.5114239839269183,0.8307753048311538,False,0,False,,,,,,,,,,,,,False,,,,,,,,,
scotch_target,Monocytes,ENSG00000025770,NCAPH2,chr22,4125,199,4,B,70.4,0.0006,0.0053,-1,0,NCAPH2_novelIsoform_4362862147404287,NCAPH2_novelIsoform_4362862147404287,NCAPH2_novelIsoform_4362862147404287,exon:50522500-50522524,exon,50522500,50522524,24,639.15,1364.03,656.85,1464.97,33.91,59.68,1909.59,26.09,63.32,2032.41,1.0301,0.31013973361298336,0.5356959035133348,chi2_hap_event,0.3191,0.3096,A,minor,0.4314,0.5113090436684666,0.8307753048311538,True,2,False,chr22:50522492:C:G,50522492.0,C,G,A,0.9999940391390134,1.0,8.0,8.0,-,-,promotes_event,True,1.0,22.0,25.0,6.0,54.0,30.7872,2.8792603112408827e-08,1.4396301556204414e-07,chi2_cross_event
scotch_target,Monocytes,ENSG00000025770,NCAPH2,chr22,4125,199,4,B,70.4,0.0006,0.0053,-1,0,NCAPH2_novelIsoform_4362862147404287,NCAPH2_novelIsoform_4362862147404287,NCAPH2_novelIsoform_4362862147404287,exon:50522500-50522524,exon,50522500,50522524,24,639.15,1364.03,656.85,1464.97,33.91,59.68,1909.59,26.09,63.32,2032.41,1.0301,0.31013973361298336,0.5356959035133348,chi2_hap_event,0.3191,0.3096,A,minor,0.4314,0.5113090436684666,0.8307753048311538,True,2,True,chr22:50522493:C:G,50522493.0,C,G,A,0.9999940391390134,1.0,7.0,7.0,-,-,promotes_event,True,1.0,22.0,25.0,6.0,54.0,30.7872,2.8792603112408827e-08,1.4396301556204414e-07,chi2_cross_event
scotch_target,Monocytes,ENSG00000025770,NCAPH2,chr22,4125,199,4,B,70.4,0.0006,0.0053,-1,0,NCAPH2_novelIsoform_4362862147404287,NCAPH2_novelIsoform_4362862147404287,NCAPH2_novelIsoform_4362862147404287,exon:50522524-50522569,exon,50522524,50522569,45,788.04,1215.13,816.96,1304.86,37.3,59.68,1906.19,28.7,64.32,2028.81,1.2124,0.27086200217414064,0.5316558129726122,chi2_hap_event,0.3934,0.385,A,minor,0.3037,0.5815427133818076,0.8307753048311538,True,2,False,chr22:50522492:C:G,50522492.0,C,G,A,0.9999940391390134,1.0,32.0,32.0,-,-,promotes_event,True,3.0,20.0,25.0,6.0,54.0,24.1695,8.822025648421947e-07,2.2055064121054864e-06,chi2_cross_event
scotch_target,Monocytes,ENSG00000025770,NCAPH2,chr22,4125,199,4,B,70.4,0.0006,0.0053,-1,0,NCAPH2_novelIsoform_4362862147404287,NCAPH2_novelIsoform_4362862147404287,NCAPH2_novelIsoform_4362862147404287,exon:50522524-50522569,exon,50522524,50522569,45,788.04,1215.13,816.96,1304.86,37.3,59.68,1906.19,28.7,64.32,2028.81,1.2124,0.27086200217414064,0.5316558129726122,chi2_hap_event,0.3934,0.385,A,minor,0.3037,0.5815427133818076,0.8307753048311538,True,2,True,chr22:50522493:C:G,50522493.0,C,G,A,0.9999940391390134,1.0,31.0,31.0,-,-,promotes_event,True,3.0,20.0,25.0,6.0,54.0,24.1695,8.822025648421947e-07,2.2055064121054864e-06,chi2_cross_event
scotch_target,Monocytes,ENSG00000025770,NCAPH2,chr22,4125,199,4,B,70.4,0.0006,0.0053,-1,0,NCAPH2_novelIsoform_4362862147404287,NCAPH2_novelIsoform_4362862147404287,NCAPH2_novelIsoform_4362862147404287,exon:50522670-50522720,exon,50522670,50522720,50,787.56,1215.62,816.44,1305.38,41.18,59.68,1902.31,33.82,63.32,2024.69,0.7603,0.3832202734622191,0.5600911689063202,chi2_hap_event,0.3932,0.3848,A,minor,0.3039,0.581472807906235,0.8307753048311538,False,0,False,,,,,,,,,,,,,False,,,,,,,,,
scotch_target,Monocytes,ENSG00000025770,NCAPH2,chr22,4125,199,4,B,70.4,0.0006,0.0053,-1,0,NCAPH2_novelIsoform_4362862147404287,NCAPH2_novelIsoform_4362862147404287,NCAPH2_novelIsoform_4362862147404287,exon:50522820-50522922,exon,50522820,50522922,102,787.56,1215.62,816.44,1305.38,63.98,59.2,1880.0,58.02,62.8,2001.0,0.3743,0.5406775454685508,0.7609535825112937,chi2_hap_event,0.3932,0.3848,A,minor,0.3039,0.581472807906235,0.8307753048311538,False,0,False,,,,,,,,,,,,,False,,,,,,,,,
scotch_target,Monocytes,ENSG00000025770,NCAPH2,chr22,4125,199,4,B,70.4,0.0006,0.0053,-1,0,NCAPH2_novelIsoform_4362862147404287,NCAPH2_novelIsoform_4362862147404287,NCAPH2_novelIsoform_4362862147404287,exon:50523016-50523079,exon,50523016,50523079,63,638.66,1364.51,656.34,1465.48,72.71,59.2,1871.27,67.29,62.8,1991.73,0.3032,0.5818965110623432,0.7784374131107831,chi2_hap_event,0.3188,0.3093,A,minor,0.4316,0.5111939351655088,0.8307753048311538,False,0,False,,,,,,,,,,,,,False,,,,,,,,,
scotch_target,Monocytes,ENSG00000025770,NCAPH2,chr22,4125,199,4,B,70.4,0.0006,0.0053,-1,0,NCAPH2_novelIsoform_4362862147404287,NCAPH2_novelIsoform_4362862147404287,NCAPH2_novelIsoform_4362862147404287,exon:50523079-50523166,exon,50523079,50523166,87,787.56,1215.62,816.44,1305.38,75.62,59.2,1868.36,70.38,62.8,1988.64,0.284,0.5940706573740187,0.7784374131107831,chi2_hap_event,0.3932,0.3848,A,minor,0.3039,0.581472807906235,0.8307753048311538,False,0,False,,,,,,,,,,,,,False,,,,,,,,,
scotch_target,Monocytes,ENSG00000025770,NCAPH2,chr22,4125,199,4,B,70.4,0.0006,0.0053,-1,0,NCAPH2_novelIsoform_4362862147404287,NCAPH2_novelIsoform_4362862147404287,NCAPH2_novelIsoform_4362862147404287,exon:50523234-50523471,exon,50523234,50523471,237,787.56,1215.62,816.44,1305.38,97.93,58.71,1846.54,95.07,62.29,1964.46,0.146,0.7024168704083203,0.8273510632952482,chi2_hap_event,0.3932,0.3848,A,minor,0.3039,0.581472807906235,0.8307753048311538,False,0,False,,,,,,,,,,,,,False,,,,,,,,,
scotch_target,Monocytes,ENSG00000025770,NCAPH2,chr22,4125,199,4,B,70.4,0.0006,0.0053,-1,0,NCAPH2_novelIsoform_4362862147404287,NCAPH2_novelIsoform_4362862147404287,NCAPH2_novelIsoform_4362862147404287,junction:50508445-50516446,junction,50508445,50516446,8001,648.85,1354.33,667.15,1454.67,0.0,0.0,2003.18,0.0,0.0,2121.82,,,,insufficient_data,0.3239,0.3144,A,minor,0.4268,0.5135761986314011,0.8307753048311538,False,0,False,,,,,,,,,,,,,False,,,,,,,,,
scotch_target,Monocytes,ENSG00000025770,NCAPH2,chr22,4125,199,4,B,70.4,0.0006,0.0053,-1,0,NCAPH2_novelIsoform_4362862147404287,NCAPH2_novelIsoform_4362862147404287,NCAPH2_novelIsoform_4362862147404287,junction:50516548-50517426,junction,50516548,50517426,878,650.79,1352.39,669.21,1452.61,0.48,0.0,2002.69,0.52,0.0,2121.31,,,,insufficient_data,0.3249,0.3154,A,minor,0.4259,0.5140217198822995,0.8307753048311538,False,0,False,,,,,,,,,,,,,False,,,,,,,,,
scotch_target,Monocytes,ENSG00000025770,NCAPH2,chr22,4125,199,4,B,70.4,0.0006,0.0053,-1,0,NCAPH2_novelIsoform_4362862147404287,NCAPH2_novelIsoform_4362862147404287,NCAPH2_novelIsoform_4362862147404287,junction:50517482-50517576,junction,50517482,50517576,94,651.27,1351.9,669.73,1452.09,0.48,0.48,2002.21,0.52,0.52,2120.79,,,,insufficient_data,0.3251,0.3156,A,minor,0.4256,0.5141326930284305,0.8307753048311538,False,0,False,,,,,,,,,,,,,False,,,,,,,,,
scotch_target,Monocytes,ENSG00000025770,NCAPH2,chr22,4125,199,4,B,70.4,0.0006,0.0053,-1,0,NCAPH2_novelIsoform_4362862147404287,NCAPH2_novelIsoform_4362862147404287,NCAPH2_novelIsoform_4362862147404287,junction:50517661-50517740,junction,50517661,50517740,79,651.27,1351.9,669.73,1452.09,0.48,0.0,2002.69,0.52,0.0,2121.31,,,,insufficient_data,0.3251,0.3156,A,minor,0.4256,0.5141326930284305,0.8307753048311538,False,0,False,,,,,,,,,,,,,False,,,,,,,,,
scotch_target,Monocytes,ENSG00000025770,NCAPH2,chr22,4125,199,4,B,70.4,0.0006,0.0053,-1,0,NCAPH2_novelIsoform_4362862147404287,NCAPH2_novelIsoform_4362862147404287,NCAPH2_novelIsoform_4362862147404287,junction:50517809-50517972,junction,50517809,50517972,163,651.27,1351.9,669.73,1452.09,0.48,0.0,2002.69,0.52,0.0,2121.31,,,,insufficient_data,0.3251,0.3156,A,minor,0.4256,0.5141326930284305,0.8307753048311538,False,0,False,,,,,,,,,,,,,False,,,,,,,,,
scotch_target,Monocytes,ENSG00000025770,NCAPH2,chr22,4125,199,4,B,70.4,0.0006,0.0053,-1,0,NCAPH2_novelIsoform_4362862147404287,NCAPH2_novelIsoform_4362862147404287,NCAPH2_novelIsoform_4362862147404287,junction:50518052-50518132,junction,50518052,50518132,80,651.27,1351.9,669.73,1452.09,0.97,0.48,2001.72,1.03,0.52,2120.28,,,,insufficient_data,0.3251,0.3156,A,minor,0.4256,0.5141326930284305,0.8307753048311538,False,0,False,,,,,,,,,,,,,False,,,,,,,,,
scotch_target,Monocytes,ENSG00000025770,NCAPH2,chr22,4125,199,4,B,70.4,0.0006,0.0053,-1,0,NCAPH2_novelIsoform_4362862147404287,NCAPH2_novelIsoform_4362862147404287,NCAPH2_novelIsoform_4362862147404287,junction:50518278-50518648,junction,50518278,50518648,370,649.33,1353.84,667.67,1454.15,0.48,0.48,2002.21,0.52,0.52,2120.79,,,,insufficient_data,0.3242,0.3147,A,minor,0.4265,0.5136878236985546,0.8307753048311538,False,0,False,,,,,,,,,,,,,False,,,,,,,,,
scotch_target,Monocytes,ENSG00000025770,NCAPH2,chr22,4125,199,4,B,70.4,0.0006,0.0053,-1,0,NCAPH2_novelIsoform_4362862147404287,NCAPH2_novelIsoform_4362862147404287,NCAPH2_novelIsoform_4362862147404287,junction:50518732-50519189,junction,50518732,50519189,457,649.33,1353.84,667.67,1454.15,0.97,0.0,2002.21,1.03,0.0,2120.79,,,,insufficient_data,0.3242,0.3147,A,minor,0.4265,0.5136878236985546,0.8307753048311538,False,0,False,,,,,,,,,,,,,False,,,,,,,,,
scotch_target,Monocytes,ENSG00000025770,NCAPH2,chr22,4125,199,4,B,70.4,0.0006,0.0053,-1,0,NCAPH2_novelIsoform_4362862147404287,NCAPH2_novelIsoform_4362862147404287,NCAPH2_novelIsoform_4362862147404287,junction:50519320-50520964,junction,50519320,50520964,1644,639.15,1364.03,656.85,1464.97,0.0,0.0,2003.18,0.0,1.0,2120.82,,,,insufficient_data,0.3191,0.3096,A,minor,0.4314,0.5113090436684666,0.8307753048311538,False,0,False,,,,,,,,,,,,,False,,,,,,,,,
scotch_target,Monocytes,ENSG00000025770,NCAPH2,chr22,4125,199,4,B,70.4,0.0006,0.0053,-1,0,NCAPH2_novelIsoform_4362862147404287,NCAPH2_novelIsoform_4362862147404287,NCAPH2_novelIsoform_4362862147404287,junction:50521036-50521542,junction,50521036,50521542,506,640.12,1363.06,657.88,1463.94,0.0,0.48,2002.69,0.0,1.52,2120.31,,,,insufficient_data,0.3196,0.3101,A,minor,0.4309,0.5115387561814242,0.8307753048311538,False,0,False,,,,,,,,,,,,,False,,,,,,,,,
scotch_target,Monocytes,ENSG00000025770,NCAPH2,chr22,4125,199,4,B,70.4,0.0006,0.0053,-1,0,NCAPH2_novelIsoform_4362862147404287,NCAPH2_novelIsoform_4362862147404287,NCAPH2_novelIsoform_4362862147404287,junction:50521609-50521740,junction,50521609,50521740,131,639.63,1363.54,657.37,1464.46,0.0,0.48,2002.69,0.0,0.52,2121.31,,,,insufficient_data,0.3193,0.3098,A,minor,0.4312,0.5114239839269183,0.8307753048311538,False,0,False,,,,,,,,,,,,,False,,,,,,,,,
scotch_target,Monocytes,ENSG00000025770,NCAPH2,chr22,4125,199,4,B,70.4,0.0006,0.0053,-1,0,NCAPH2_novelIsoform_4362862147404287,NCAPH2_novelIsoform_4362862147404287,NCAPH2_novelIsoform_4362862147404287,junction:50521848-50521985,junction,50521848,50521985,137,639.63,1363.54,657.37,1464.46,0.0,0.0,2003.18,0.0,1.0,2120.82,,,,insufficient_data,0.3193,0.3098,A,minor,0.4312,0.5114239839269183,0.8307753048311538,False,0,False,,,,,,,,,,,,,False,,,,,,,,,
scotch_target,Monocytes,ENSG00000025770,NCAPH2,chr22,4125,199,4,B,70.4,0.0006,0.0053,-1,0,NCAPH2_novelIsoform_4362862147404287,NCAPH2_novelIsoform_4362862147404287,NCAPH2_novelIsoform_4362862147404287,junction:50522039-50522180,junction,50522039,50522180,141,639.63,1363.54,657.37,1464.46,0.0,0.0,2003.18,0.0,3.0,2118.82,,,,insufficient_data,0.3193,0.3098,A,minor,0.4312,0.5114239839269183,0.8307753048311538,False,0,False,,,,,,,,,,,,,False,,,,,,,,,
scotch_target,Monocytes,ENSG00000025770,NCAPH2,chr22,4125,199,4,B,70.4,0.0006,0.0053,-1,0,NCAPH2_novelIsoform_4362862147404287,NCAPH2_novelIsoform_4362862147404287,NCAPH2_novelIsoform_4362862147404287,junction:50522251-50522342,junction,50522251,50522342,91,639.63,1363.54,657.37,1464.46,0.0,0.0,2003.18,0.0,3.0,2118.82,,,,insufficient_data,0.3193,0.3098,A,minor,0.4312,0.5114239839269183,0.8307753048311538,False,0,False,,,,,,,,,,,,,False,,,,,,,,,
scotch_target,Monocytes,ENSG00000025770,NCAPH2,chr22,4125,199,4,B,70.4,0.0006,0.0053,-1,0,NCAPH2_novelIsoform_4362862147404287,NCAPH2_novelIsoform_4362862147404287,NCAPH2_novelIsoform_4362862147404287,junction:50522415-50522497,junction,50522415,50522497,82,53.89,1949.29,39.11,2082.71,0.0,0.0,2003.18,0.0,15.0,2106.82,,,,insufficient_data,0.0269,0.0184,A,minor,3.3528,0.0670892891254547,0.8307753048311538,True,2,False,chr22:50522492:C:G,50522492.0,C,G,A,0.9999940391390134,1.0,0.0,5.0,-,-,promotes_event,True,1.0,22.0,18.0,13.0,54.0,16.7063,4.3635978049331985e-05,7.272663008221998e-05,chi2_cross_event
scotch_target,Monocytes,ENSG00000025770,NCAPH2,chr22,4125,199,4,B,70.4,0.0006,0.0053,-1,0,NCAPH2_novelIsoform_4362862147404287,NCAPH2_novelIsoform_4362862147404287,NCAPH2_novelIsoform_4362862147404287,junction:50522415-50522497,junction,50522415,50522497,82,53.89,1949.29,39.11,2082.71,0.0,0.0,2003.18,0.0,15.0,2106.82,,,,insufficient_data,0.0269,0.0184,A,minor,3.3528,0.0670892891254547,0.8307753048311538,True,2,True,chr22:50522493:C:G,50522493.0,C,G,A,0.9999940391390134,1.0,0.0,4.0,-,-,promotes_event,True,1.0,22.0,18.0,13.0,54.0,16.7063,4.3635978049331985e-05,7.272663008221998e-05,chi2_cross_event
scotch_target,Monocytes,ENSG00000025770,NCAPH2,chr22,4125,199,4,B,70.4,0.0006,0.0053,-1,0,NCAPH2_novelIsoform_4362862147404287,NCAPH2_novelIsoform_4362862147404287,NCAPH2_novelIsoform_4362862147404287,junction:50522569-50522670,junction,50522569,50522670,101,787.56,1215.62,816.44,1305.38,0.0,0.97,2002.21,0.0,7.03,2114.79,,,,insufficient_data,0.3932,0.3848,A,minor,0.3039,0.581472807906235,0.8307753048311538,False,0,False,,,,,,,,,,,,,False,,,,,,,,,
scotch_target,Monocytes,ENSG00000025770,NCAPH2,chr22,4125,199,4,B,70.4,0.0006,0.0053,-1,0,NCAPH2_novelIsoform_4362862147404287,NCAPH2_novelIsoform_4362862147404287,NCAPH2_novelIsoform_4362862147404287,junction:50522720-50522820,junction,50522720,50522820,100,787.56,1215.62,816.44,1305.38,0.0,8.37,1994.81,0.0,18.64,2103.19,,,,insufficient_data,0.3932,0.3848,A,minor,0.3039,0.581472807906235,0.8307753048311538,False,0,False,,,,,,,,,,,,,False,,,,,,,,,
scotch_target,Monocytes,ENSG00000025770,NCAPH2,chr22,4125,199,4,B,70.4,0.0006,0.0053,-1,0,NCAPH2_novelIsoform_4362862147404287,NCAPH2_novelIsoform_4362862147404287,NCAPH2_novelIsoform_4362862147404287,junction:50522922-50523016,junction,50522922,50523016,94,638.66,1364.51,656.34,1465.48,0.0,12.21,1990.96,0.0,19.79,2102.04,,,,insufficient_data,0.3188,0.3093,A,minor,0.4316,0.5111939351655088,0.8307753048311538,False,0,False,,,,,,,,,,,,,False,,,,,,,,,
scotch_target,Monocytes,ENSG00000025770,NCAPH2,chr22,4125,199,4,B,70.4,0.0006,0.0053,-1,0,NCAPH2_novelIsoform_4362862147404287,NCAPH2_novelIsoform_4362862147404287,NCAPH2_novelIsoform_4362862147404287,junction:50523166-50523234,junction,50523166,50523234,68,779.77,1223.41,809.23,1312.59,0.0,14.58,1988.6,0.0,25.42,2096.4,,,,insufficient_data,0.3893,0.3814,A,minor,0.2702,0.6031914179995004,0.8416624437202331,False,0,False,,,,,,,,,,,,,False,,,,,,,,,
scotch_target,Monocytes,ENSG00000025770,NCAPH2,chr22,4125,199,4,B,70.4,0.0006,0.0053,-1,0,NCAPH2_novelIsoform_4362862147404287,NCAPH2_novelIsoform_4362862147404287,NCAPH2_novelIsoform_4362862147404287,exon:50508223-50508242,exon,50508223,50508242,19,576.99,1426.19,610.01,1511.81,10.46,0.97,1991.75,1.54,1.03,2119.25,1.7039,0.1917793871187312,0.5316558129726122,chi2_hap_event,0.288,0.2875,A,minor,0.0015,0.969476681062741,0.9980221792748449,False,0,False,,,,,,,,,,,,,False,,,,,,,,,
scotch_target,Monocytes,ENSG00000025770,NCAPH2,chr22,4125,199,4,B,70.4,0.0006,0.0053,-1,0,NCAPH2_novelIsoform_4362862147404287,NCAPH2_novelIsoform_4362862147404287,NCAPH2_novelIsoform_4362862147404287,exon:50508245-50508258,exon,50508245,50508258,13,597.39,1405.79,630.61,1491.21,17.39,0.97,1984.81,3.61,1.03,2117.19,1.3377,0.2474347232037773,0.5316558129726122,chi2_hap_event,0.2982,0.2972,A,minor,0.0051,0.9432036209454062,0.9980221792748449,False,0,False,,,,,,,,,,,,,False,,,,,,,,,
scotch_target,Monocytes,ENSG00000025770,NCAPH2,chr22,4125,199,4,B,70.4,0.0006,0.0053,-1,0,NCAPH2_novelIsoform_4362862147404287,NCAPH2_novelIsoform_4362862147404287,NCAPH2_novelIsoform_4362862147404287,exon:50519320-50519546,exon,50519320,50519546,226,10.18,1992.99,10.82,2111.01,8.73,20.94,1973.51,10.27,3.06,2108.49,8.4575,0.003635449289226341,0.06907353649530049,chi2_hap_event,0.0051,0.0051,B,major,0.0,0.995458887025657,0.9980221792748449,False,0,False,,,,,,,,,,,,,False,,,,,,,,,
scotch_target,Monocytes,ENSG00000025770,NCAPH2,chr22,4125,199,4,B,70.4,0.0006,0.0053,-1,0,NCAPH2_novelIsoform_4362862147404287,NCAPH2_novelIsoform_4362862147404287,NCAPH2_novelIsoform_4362862147404287,exon:50519546-50519637,exon,50519546,50519637,91,10.67,1992.51,11.33,2110.49,9.7,21.94,1971.54,11.3,3.06,2107.46,9.1849,0.002440145436087486,0.06907353649530049,chi2_hap_event,0.0053,0.0053,B,major,0.0,0.9953514575116453,0.9980221792748449,False,0,False,,,,,,,,,,,,,False,,,,,,,,,
scotch_target,Monocytes,ENSG00000025770,NCAPH2,chr22,4125,199,4,B,70.4,0.0006,0.0053,-1,0,NCAPH2_novelIsoform_4362862147404287,NCAPH2_novelIsoform_4362862147404287,NCAPH2_novelIsoform_4362862147404287,exon:50519637-50519752,exon,50519637,50519752,115,10.18,1992.99,10.82,2111.01,10.18,21.94,1971.05,10.82,4.06,2106.95,6.9152,0.00854643799050611,0.08119116090980805,chi2_hap_event,0.0051,0.0051,B,major,0.0,0.995458887025657,0.9980221792748449,False,0,False,,,,,,,,,,,,,False,,,,,,,,,
scotch_target,Monocytes,ENSG00000025770,NCAPH2,chr22,4125,199,4,B,70.4,0.0006,0.0053,-1,0,NCAPH2_novelIsoform_4362862147404287,NCAPH2_novelIsoform_4362862147404287,NCAPH2_novelIsoform_4362862147404287,exon:50523166-50523234,exon,50523166,50523234,68,7.79,1995.39,7.21,2114.61,16.03,60.2,1926.94,27.97,62.8,2031.06,2.0409,0.1531221870498131,0.4848869256577415,chi2_hap_event,0.0039,0.0034,A,minor,0.0685,0.7935270466608547,0.9980221792748449,False,0,False,,,,,,,,,,,,,False,,,,,,,,,
scotch_target,Monocytes,ENSG00000025770,NCAPH2,chr22,4125,199,4,B,70.4,0.0006,0.0053,-1,0,NCAPH2_novelIsoform_4362862147404287,NCAPH2_novelIsoform_4362862147404287,NCAPH2_novelIsoform_4362862147404287,exon:50523472-50523567,exon,50523472,50523567,95,576.99,1426.19,610.01,1511.81,3.88,2.42,1996.87,6.12,2.58,2113.13,0.1287,0.7197616522705288,0.8273510632952482,chi2_hap_event,0.288,0.2875,A,minor,0.0015,0.969476681062741,0.9980221792748449,False,0,False,,,,,,,,,,,,,False,,,,,,,,,
scotch_target,Monocytes,ENSG00000025770,NCAPH2,chr22,4125,199,4,B,70.4,0.0006,0.0053,-1,0,NCAPH2_novelIsoform_4362862147404287,NCAPH2_novelIsoform_4362862147404287,NCAPH2_novelIsoform_4362862147404287,exon:50523567-50523572,exon,50523567,50523572,5,576.99,1426.19,610.01,1511.81,1694.81,2.91,305.46,1799.19,3.09,319.54,0.0,0.9997528638063257,0.9997528638063257,chi2_hap_event,0.288,0.2875,A,minor,0.0015,0.969476681062741,0.9980221792748449,False,0,False,,,,,,,,,,,,,False,,,,,,,,,
scotch_target,Monocytes,ENSG00000025770,NCAPH2,chr22,4125,199,4,B,70.4,0.0006,0.0053,-1,0,NCAPH2_novelIsoform_4362862147404287,NCAPH2_novelIsoform_4362862147404287,NCAPH2_novelIsoform_4362862147404287,exon:50523572-50523595,exon,50523572,50523595,23,576.99,1426.19,610.01,1511.81,1842.35,1.94,158.89,1961.65,2.06,158.11,0.0,0.9978287555918339,0.9997528638063257,chi2_hap_event,0.288,0.2875,A,minor,0.0015,0.969476681062741,0.9980221792748449,False,0,False,,,,,,,,,,,,,False,,,,,,,,,
scotch_target,Monocytes,ENSG00000025770,NCAPH2,chr22,4125,199,4,B,70.4,0.0006,0.0053,-1,0,NCAPH2_novelIsoform_4362862147404287,NCAPH2_novelIsoform_4362862147404287,NCAPH2_novelIsoform_4362862147404287,exon:50523595-50523905,exon,50523595,50523905,310,576.99,1426.19,610.01,1511.81,1856.42,1.46,145.31,1978.58,1.54,141.69,0.0,0.9974353910200661,0.9997528638063257,chi2_hap_event,0.288,0.2875,A,minor,0.0015,0.969476681062741,0.9980221792748449,False,0,False,,,,,,,,,,,,,False,,,,,,,,,
scotch_target,Monocytes,ENSG00000025770,NCAPH2,chr22,4125,199,4,B,70.4,0.0006,0.0053,-1,0,NCAPH2_novelIsoform_4362862147404287,NCAPH2_novelIsoform_4362862147404287,NCAPH2_novelIsoform_4362862147404287,exon:50523905-50523925,exon,50523905,50523925,20,576.99,1426.19,610.01,1511.81,1476.18,3.39,523.61,1573.82,4.61,543.39,0.1136,0.7361304857100899,0.8273510632952482,chi2_hap_event,0.288,0.2875,A,minor,0.0015,0.969476681062741,0.9980221792748449,False,0,False,,,,,,,,,,,,,False,,,,,,,,,
scotch_target,Monocytes,ENSG00000025770,NCAPH2,chr22,4125,199,4,B,70.4,0.0006,0.0053,-1,0,NCAPH2_novelIsoform_4362862147404287,NCAPH2_novelIsoform_4362862147404287,NCAPH2_novelIsoform_4362862147404287,exon:50523925-50524424,exon,50523925,50524424,499,576.99,1426.19,610.01,1511.81,1433.1,1.46,568.62,1527.9,1.54,592.38,0.0,0.9972154988341091,0.9997528638063257,chi2_hap_event,0.288,0.2875,A,minor,0.0015,0.969476681062741,0.9980221792748449,False,0,False,,,,,,,,,,,,,False,,,,,,,,,
scotch_target,Monocytes,ENSG00000025770,NCAPH2,chr22,4125,199,4,B,70.4,0.0006,0.0053,-1,0,NCAPH2_novelIsoform_4362862147404287,NCAPH2_novelIsoform_4362862147404287,NCAPH2_novelIsoform_4362862147404287,exon:50524424-50524754,exon,50524424,50524754,330,576.99,1426.19,610.01,1511.81,101.54,517.01,1384.63,113.46,548.99,1459.37,0.1163,0.7330990150179241,0.8273510632952482,chi2_hap_event,0.288,0.2875,A,minor,0.0015,0.969476681062741,0.9980221792748449,True,2,True,chr22:50524518:G:T,50524518.0,G,T,A,0.9999940391390134,1.0,0.0,94.0,-,-,promotes_event,True,77.0,0.0,65.0,0.0,142.0,,0.3559998259151082,0.395555362127898,binomial_intra_event
scotch_target,Monocytes,ENSG00000025770,NCAPH2,chr22,4125,199,4,B,70.4,0.0006,0.0053,-1,0,NCAPH2_novelIsoform_4362862147404287,NCAPH2_novelIsoform_4362862147404287,NCAPH2_novelIsoform_4362862147404287,exon:50524424-50524754,exon,50524424,50524754,330,576.99,1426.19,610.01,1511.81,101.54,517.01,1384.63,113.46,548.99,1459.37,0.1163,0.7330990150179241,0.8273510632952482,chi2_hap_event,0.288,0.2875,A,minor,0.0015,0.969476681062741,0.9980221792748449,True,2,False,chr22:50524600:C:T,50524600.0,C,T,B,5.9608609865491405e-06,1.0,0.0,154.0,+,+,reduces_event,True,65.0,0.0,67.0,0.0,132.0,,0.9306844655255783,0.9306844655255783,binomial_intra_event
scotch_target,Monocytes,ENSG00000025770,NCAPH2,chr22,4125,199,4,B,70.4,0.0006,0.0053,-1,0,NCAPH2_novelIsoform_4362862147404287,NCAPH2_novelIsoform_4362862147404287,NCAPH2_novelIsoform_4362862147404287,exon:50524754-50524780,exon,50524754,50524780,26,576.99,1426.19,610.01,1511.81,26.94,572.79,1403.46,26.06,608.21,1487.54,0.1099,0.7402614776852221,0.8273510632952482,chi2_hap_event,0.288,0.2875,A,minor,0.0015,0.969476681062741,0.9980221792748449,False,0,False,,,,,,,,,,,,,False,,,,,,,,,
scotch_target,Monocytes,ENSG00000025770,NCAPH2,chr22,4125,199,4,B,70.4,0.0006,0.0053,-1,0,NCAPH2_novelIsoform_4362862147404287,NCAPH2_novelIsoform_4362862147404287,NCAPH2_novelIsoform_4362862147404287,junction:50508428-50516446,junction,50508428,50516446,8018,1.94,2001.24,2.06,2119.76,16.39,0.0,1986.78,4.6,0.0,2117.22,,,,insufficient_data,0.001,0.001,B,major,0.0,0.9980221792748449,0.9980221792748449,False,0,False,,,,,,,,,,,,,False,,,,,,,,,
scotch_target,Monocytes,ENSG00000025770,NCAPH2,chr22,4125,199,4,B,70.4,0.0006,0.0053,-1,0,NCAPH2_novelIsoform_4362862147404287,NCAPH2_novelIsoform_4362862147404287,NCAPH2_novelIsoform_4362862147404287,junction:50522415-50522500,junction,50522415,50522500,85,585.26,1417.92,617.74,1504.08,0.0,0.0,2003.18,0.0,15.0,2106.82,,,,insufficient_data,0.2922,0.2911,A,minor,0.0053,0.9420187976038046,0.9980221792748449,True,2,False,chr22:50522492:C:G,50522492.0,C,G,A,0.9999940391390134,1.0,0.0,8.0,-,-,promotes_event,True,0.0,23.0,7.0,24.0,54.0,5.9671,0.014575598655422132,0.018219498319277664,chi2_cross_event
scotch_target,Monocytes,ENSG00000025770,NCAPH2,chr22,4125,199,4,B,70.4,0.0006,0.0053,-1,0,NCAPH2_novelIsoform_4362862147404287,NCAPH2_novelIsoform_4362862147404287,NCAPH2_novelIsoform_4362862147404287,junction:50522415-50522500,junction,50522415,50522500,85,585.26,1417.92,617.74,1504.08,0.0,0.0,2003.18,0.0,15.0,2106.82,,,,insufficient_data,0.2922,0.2911,A,minor,0.0053,0.9420187976038046,0.9980221792748449,True,2,True,chr22:50522493:C:G,50522493.0,C,G,A,0.9999940391390134,1.0,0.0,7.0,-,-,promotes_event,True,0.0,23.0,7.0,24.0,54.0,5.9671,0.014575598655422132,0.018219498319277664,chi2_cross_event
scotch_target,Monocytes,ENSG00000025770,NCAPH2,chr22,4125,199,4,B,70.4,0.0006,0.0053,-1,0,NCAPH2_novelIsoform_4362862147404287,NCAPH2_novelIsoform_4362862147404287,NCAPH2_novelIsoform_4362862147404287,junction:50522922-50523079,junction,50522922,50523079,157,148.89,1854.28,160.11,1961.72,0.0,11.73,1991.45,0.0,22.27,2099.55,,,,insufficient_data,0.0743,0.0755,B,major,0.0189,0.8906889689035554,0.9980221792748449,False,0,False,,,,,,,,,,,,,False,,,,,,,,,
scotch_target,Monocytes,ENSG00000099940,SNAP29,chr22,629,369,5,B,70.4,0.0456,0.0178,-1,-1,SNAP29_ENST00000215730,SNAP29_ENST00000215730,SNAP29_ENST00000215730,exon:20859006-20859080,exon,20859006,20859080,74,208.68,98.39,216.32,105.61,51.17,1.48,254.41,85.82,1.52,234.59,0.1815,0.6700538397703177,0.8193678097243786,chi2_hap_event,0.6796,0.6719,A,minor,0.0419,0.837720274501026,0.966198007017045,True,1,True,chr22:20859091:C:T,20859091.0,C,T,A,0.9999940391390134,1.0,11.0,11.0,-,+,promotes_event,True,105.0,28.0,60.0,24.0,217.0,1.5974,0.2062791563891157,0.3609885236809525,chi2_cross_event
scotch_target,Monocytes,ENSG00000099940,SNAP29,chr22,629,369,5,B,70.4,0.0456,0.0178,-1,-1,SNAP29_ENST00000215730,SNAP29_ENST00000215730,SNAP29_ENST00000215730,exon:20859080-20859122,exon,20859080,20859122,42,223.56,83.51,232.44,89.49,88.89,1.48,216.7,137.11,1.52,183.3,0.1257,0.7229624163668391,0.8193678097243786,chi2_hap_event,0.728,0.722,A,minor,0.0286,0.8656383771500292,0.966198007017045,True,1,True,chr22:20859091:C:T,20859091.0,C,T,A,0.9999940391390134,1.0,0.0,11.0,-,+,promotes_event,True,133.0,0.0,84.0,0.0,217.0,,0.001072806467962398,0.0075096452757367855,binomial_intra_event
scotch_target,Monocytes,ENSG00000099940,SNAP29,chr22,629,369,5,B,70.4,0.0456,0.0178,-1,-1,SNAP29_ENST00000215730,SNAP29_ENST00000215730,SNAP29_ENST00000215730,exon:20859122-20859347,exon,20859122,20859347,225,223.56,83.51,232.44,89.49,106.67,1.48,198.92,155.33,1.52,165.08,0.0926,0.7608415376012088,0.8193678097243786,chi2_hap_event,0.728,0.722,A,minor,0.0286,0.8656383771500292,0.966198007017045,True,1,True,chr22:20859091:C:T,20859091.0,C,T,A,0.9999940391390134,1.0,31.0,31.0,-,+,promotes_event,True,110.0,23.0,65.0,19.0,217.0,0.9356,0.3334202286455365,0.4667883201037511,chi2_cross_event
scotch_target,Monocytes,ENSG00000099940,SNAP29,chr22,629,369,5,B,70.4,0.0456,0.0178,-1,-1,SNAP29_ENST00000215730,SNAP29_ENST00000215730,SNAP29_ENST00000215730,exon:20859482-20859640,exon,20859482,20859640,158,6.42,300.65,6.58,315.35,3.0,104.64,199.42,5.0,151.36,165.58,0.0355,0.8504689978029121,0.8504689978029121,chi2_hap_event,0.0209,0.0204,A,minor,0.0018,0.966198007017045,0.966198007017045,False,0,False,,,,,,,,,,,,,False,,,,,,,,,
scotch_target,Monocytes,ENSG00000099940,SNAP29,chr22,629,369,5,B,70.4,0.0456,0.0178,-1,-1,SNAP29_ENST00000215730,SNAP29_ENST00000215730,SNAP29_ENST00000215730,exon:20870336-20870533,exon,20870336,20870533,197,229.98,77.09,239.02,82.91,115.51,2.47,189.09,161.49,4.53,155.91,0.1178,0.7314115240304115,0.8193678097243786,chi2_hap_event,0.7489,0.7425,A,minor,0.0351,0.8514028434218515,0.966198007017045,False,0,False,,,,,,,,,,,,,False,,,,,,,,,
scotch_target,Monocytes,ENSG00000099940,SNAP29,chr22,629,369,5,B,70.4,0.0456,0.0178,-1,-1,SNAP29_ENST00000215730,SNAP29_ENST00000215730,SNAP29_ENST00000215730,exon:20870533-20871041,exon,20870533,20871041,508,14.88,292.19,16.12,305.81,12.88,101.44,192.74,9.12,150.56,162.26,2.7896,0.09487949197711214,0.6034109258481796,chi2_hap_event,0.0485,0.0501,B,major,0.0088,0.9252020713924063,0.966198007017045,False,0,False,,,,,,,,,,,,,False,,,,,,,,,
scotch_target,Monocytes,ENSG00000099940,SNAP29,chr22,629,369,5,B,70.4,0.0456,0.0178,-1,-1,SNAP29_ENST00000215730,SNAP29_ENST00000215730,SNAP29_ENST00000215730,exon:20881048-20881134,exon,20881048,20881134,86,215.1,91.97,222.9,99.03,110.3,3.98,192.78,154.7,7.02,160.22,0.1272,0.7213148134931093,0.8193678097243786,chi2_hap_event,0.7005,0.6924,A,minor,0.0491,0.8246159653710797,0.966198007017045,False,0,False,,,,,,,,,,,,,False,,,,,,,,,
scotch_target,Monocytes,ENSG00000099940,SNAP29,chr22,629,369,5,B,70.4,0.0456,0.0178,-1,-1,SNAP29_ENST00000215730,SNAP29_ENST00000215730,SNAP29_ENST00000215730,exon:20883470-20883569,exon,20883470,20883569,99,215.1,91.97,222.9,99.03,113.18,5.11,188.78,150.82,14.89,156.22,2.3009,0.12930234125318132,0.6034109258481796,chi2_hap_event,0.7005,0.6924,A,minor,0.0491,0.8246159653710797,0.966198007017045,False,0,False,,,,,,,,,,,,,False,,,,,,,,,
scotch_target,Monocytes,ENSG00000099940,SNAP29,chr22,629,369,5,B,70.4,0.0456,0.0178,-1,-1,SNAP29_ENST00000215730,SNAP29_ENST00000215730,SNAP29_ENST00000215730,exon:20887678-20887819,exon,20887678,20887819,141,215.1,91.97,222.9,99.03,123.1,2.47,181.5,166.9,4.53,150.5,0.1437,0.7046033643439398,0.8193678097243786,chi2_hap_event,0.7005,0.6924,A,minor,0.0491,0.8246159653710797,0.966198007017045,False,0,False,,,,,,,,,,,,,False,,,,,,,,,
scotch_target,Monocytes,ENSG00000099940,SNAP29,chr22,629,369,5,B,70.4,0.0456,0.0178,-1,-1,SNAP29_ENST00000215730,SNAP29_ENST00000215730,SNAP29_ENST00000215730,exon:20887819-20887975,exon,20887819,20887975,156,208.68,98.39,216.32,105.61,108.92,2.54,195.6,137.08,5.46,179.4,0.4888,0.4844607971716274,0.8193678097243786,chi2_hap_event,0.6796,0.6719,A,minor,0.0419,0.837720274501026,0.966198007017045,False,0,False,,,,,,,,,,,,,False,,,,,,,,,
scotch_target,Monocytes,ENSG00000099940,SNAP29,chr22,629,369,5,B,70.4,0.0456,0.0178,-1,-1,SNAP29_ENST00000215730,SNAP29_ENST00000215730,SNAP29_ENST00000215730,exon:20887975-20889205,exon,20887975,20889205,1230,208.68,98.39,216.32,105.61,36.67,3.04,267.36,28.33,5.96,287.64,1.6301,0.20168439867826574,0.6675208838340433,chi2_hap_event,0.6796,0.6719,A,minor,0.0419,0.837720274501026,0.966198007017045,True,1,True,chr22:20888964:T:C,20888964.0,T,C,B,5.9608609865491405e-06,1.0,0.0,241.0,+,-,reduces_event,True,14.0,0.0,12.0,0.0,26.0,,0.8450189828872681,0.8450189828872681,binomial_intra_event
scotch_target,Monocytes,ENSG00000099940,SNAP29,chr22,629,369,5,B,70.4,0.0456,0.0178,-1,-1,SNAP29_ENST00000215730,SNAP29_ENST00000215730,SNAP29_ENST00000215730,exon:20889205-20889263,exon,20889205,20889263,58,208.68,98.39,216.32,105.61,13.29,5.54,288.24,7.71,7.46,306.76,1.39,0.23840031565501546,0.6675208838340433,chi2_hap_event,0.6796,0.6719,A,minor,0.0419,0.837720274501026,0.966198007017045,False,0,False,,,,,,,,,,,,,False,,,,,,,,,
scotch_target,Monocytes,ENSG00000099940,SNAP29,chr22,629,369,5,B,70.4,0.0456,0.0178,-1,-1,SNAP29_ENST00000215730,SNAP29_ENST00000215730,SNAP29_ENST00000215730,exon:20889263-20890899,exon,20889263,20890899,1636,208.68,98.39,216.32,105.61,98.02,3.47,205.58,63.98,4.53,253.42,0.9343,0.33375319536800785,0.778757455858685,chi2_hap_event,0.6796,0.6719,A,minor,0.0419,0.837720274501026,0.966198007017045,True,3,False,chr22:20889398:T:G,20889398.0,T,G,B,5.9608609865491405e-06,1.0,0.0,135.0,+,-,reduces_event,True,16.0,0.0,13.0,0.0,29.0,,0.711071103811264,0.8295829544464748,binomial_intra_event
scotch_target,Monocytes,ENSG00000099940,SNAP29,chr22,629,369,5,B,70.4,0.0456,0.0178,-1,-1,SNAP29_ENST00000215730,SNAP29_ENST00000215730,SNAP29_ENST00000215730,exon:20889263-20890899,exon,20889263,20890899,1636,208.68,98.39,216.32,105.61,98.02,3.47,205.58,63.98,4.53,253.42,0.9343,0.33375319536800785,0.778757455858685,chi2_hap_event,0.6796,0.6719,A,minor,0.0419,0.837720274501026,0.966198007017045,True,3,False,chr22:20890096:G:T,20890096.0,G,T,A,0.9999940391390134,1.0,0.0,803.0,-,+,promotes_event,True,14.0,0.0,34.0,0.0,48.0,,0.00551520148550111,0.012868803466169258,binomial_intra_event
scotch_target,Monocytes,ENSG00000099940,SNAP29,chr22,629,369,5,B,70.4,0.0456,0.0178,-1,-1,SNAP29_ENST00000215730,SNAP29_ENST00000215730,SNAP29_ENST00000215730,exon:20889263-20890899,exon,20889263,20890899,1636,208.68,98.39,216.32,105.61,98.02,3.47,205.58,63.98,4.53,253.42,0.9343,0.33375319536800785,0.778757455858685,chi2_hap_event,0.6796,0.6719,A,minor,0.0419,0.837720274501026,0.966198007017045,True,3,True,chr22:20890796:T:C,20890796.0,T,C,A,0.9999940391390134,1.0,0.0,103.0,-,+,promotes_event,True,24.0,0.0,50.0,0.0,74.0,,0.00337223333414807,0.011802816669518245,binomial_intra_event
scotch_target,Monocytes,ENSG00000099940,SNAP29,chr22,629,369,5,B,70.4,0.0456,0.0178,-1,-1,SNAP29_ENST00000215730,SNAP29_ENST00000215730,SNAP29_ENST00000215730,exon:20890899-20891214,exon,20890899,20891214,315,208.68,98.39,216.32,105.61,62.16,1.48,243.43,34.84,3.52,283.57,2.4043,0.12100088821320269,0.6034109258481796,chi2_hap_event,0.6796,0.6719,A,minor,0.0419,0.837720274501026,0.966198007017045,False,0,False,,,,,,,,,,,,,False,,,,,,,,,
scotch_target,Monocytes,ENSG00000099940,SNAP29,chr22,629,369,5,B,70.4,0.0456,0.0178,-1,-1,SNAP29_ENST00000215730,SNAP29_ENST00000215730,SNAP29_ENST00000215730,junction:20859347-20870336,junction,20859347,20870336,10989,223.56,83.51,232.44,89.49,0.0,0.0,307.07,0.0,0.0,321.93,,,,insufficient_data,0.728,0.722,A,minor,0.0286,0.8656383771500292,0.966198007017045,False,0,False,,,,,,,,,,,,,False,,,,,,,,,
scotch_target,Monocytes,ENSG00000099940,SNAP29,chr22,629,369,5,B,70.4,0.0456,0.0178,-1,-1,SNAP29_ENST00000215730,SNAP29_ENST00000215730,SNAP29_ENST00000215730,junction:20859640-20870336,junction,20859640,20870336,10696,6.42,300.65,6.58,315.35,0.0,0.0,307.07,0.0,0.0,321.93,,,,insufficient_data,0.0209,0.0204,A,minor,0.0018,0.966198007017045,0.966198007017045,False,0,False,,,,,,,,,,,,,False,,,,,,,,,
scotch_target,Monocytes,ENSG00000099940,SNAP29,chr22,629,369,5,B,70.4,0.0456,0.0178,-1,-1,SNAP29_ENST00000215730,SNAP29_ENST00000215730,SNAP29_ENST00000215730,junction:20870533-20881048,junction,20870533,20881048,10515,215.1,91.97,222.9,99.03,0.0,0.0,307.07,0.0,0.0,321.93,,,,insufficient_data,0.7005,0.6924,A,minor,0.0491,0.8246159653710797,0.966198007017045,False,0,False,,,,,,,,,,,,,False,,,,,,,,,
scotch_target,Monocytes,ENSG00000099940,SNAP29,chr22,629,369,5,B,70.4,0.0456,0.0178,-1,-1,SNAP29_ENST00000215730,SNAP29_ENST00000215730,SNAP29_ENST00000215730,junction:20881134-20883470,junction,20881134,20883470,2336,215.1,91.97,222.9,99.03,0.0,0.0,307.07,0.0,0.0,321.93,,,,insufficient_data,0.7005,0.6924,A,minor,0.0491,0.8246159653710797,0.966198007017045,False,0,False,,,,,,,,,,,,,False,,,,,,,,,
scotch_target,Monocytes,ENSG00000099940,SNAP29,chr22,629,369,5,B,70.4,0.0456,0.0178,-1,-1,SNAP29_ENST00000215730,SNAP29_ENST00000215730,SNAP29_ENST00000215730,junction:20883569-20887678,junction,20883569,20887678,4109,215.1,91.97,222.9,99.03,0.49,0.0,306.58,0.51,0.0,321.42,,,,insufficient_data,0.7005,0.6924,A,minor,0.0491,0.8246159653710797,0.966198007017045,False,0,False,,,,,,,,,,,,,False,,,,,,,,,
scotch_target,Monocytes,ENSG00000100207,TCF20,chr22,723,132,8,B,70.4,0.0698,0.0489,-1,-1,TCF20_Other,TCF20_Other,TCF20_Other,exon:42160012-42160052,exon,42160012,42160052,40,27.09,304.97,30.91,360.03,14.94,0.0,317.11,17.06,0.0,373.89,,,,insufficient_data,0.0816,0.0791,A,minor,0.0152,0.9019812096283427,0.972238809421572,False,0,False,,,,,,,,,,,,,False,,,,,,,,,
scotch_target,Monocytes,ENSG00000100207,TCF20,chr22,723,132,8,B,70.4,0.0698,0.0489,-1,-1,TCF20_Other,TCF20_Other,TCF20_Other,exon:42160052-42160165,exon,42160052,42160165,113,27.09,304.97,30.91,360.03,16.35,0.0,315.71,18.66,0.0,372.29,,,,insufficient_data,0.0816,0.0791,A,minor,0.0152,0.9019812096283427,0.972238809421572,False,0,False,,,,,,,,,,,,,False,,,,,,,,,
scotch_target,Monocytes,ENSG00000100207,TCF20,chr22,723,132,8,B,70.4,0.0698,0.0489,-1,-1,TCF20_Other,TCF20_Other,TCF20_Other,exon:42160165-42161055,exon,42160165,42161055,890,27.09,304.97,30.91,360.03,24.75,0.0,307.3,28.25,0.0,362.7,,,,insufficient_data,0.0816,0.0791,A,minor,0.0152,0.9019812096283427,0.972238809421572,False,0,False,,,,,,,,,,,,,False,,,,,,,,,
scotch_target,Monocytes,ENSG00000100207,TCF20,chr22,723,132,8,B,70.4,0.0698,0.0489,-1,-1,TCF20_Other,TCF20_Other,TCF20_Other,exon:42161055-42161097,exon,42161055,42161097,42,44.36,287.69,50.64,340.31,3.27,0.47,328.32,3.73,0.53,386.68,,,,insufficient_data,0.1336,0.1295,A,minor,0.0263,0.8711501154387538,0.972238809421572,False,0,False,,,,,,,,,,,,,False,,,,,,,,,
scotch_target,Monocytes,ENSG00000100207,TCF20,chr22,723,132,8,B,70.4,0.0698,0.0489,-1,-1,TCF20_Other,TCF20_Other,TCF20_Other,exon:42161097-42161358,exon,42161097,42161358,261,46.7,285.35,53.3,337.65,5.6,0.47,325.98,6.4,0.53,384.02,0.0,0.9999999999999998,0.9999999999999998,chi2_hap_event,0.1406,0.1363,A,minor,0.0279,0.8673087947218823,0.972238809421572,False,0,False,,,,,,,,,,,,,False,,,,,,,,,
scotch_target,Monocytes,ENSG00000100207,TCF20,chr22,723,132,8,B,70.4,0.0698,0.0489,-1,-1,TCF20_Other,TCF20_Other,TCF20_Other,exon:42168608-42168703,exon,42168608,42168703,95,29.42,302.63,33.58,357.37,3.27,0.93,327.85,3.73,1.07,386.15,,,,insufficient_data,0.0886,0.0859,A,minor,0.0166,0.8974817912534078,0.972238809421572,False,0,False,,,,,,,,,,,,,False,,,,,,,,,
scotch_target,Monocytes,ENSG00000100207,TCF20,chr22,723,132,8,B,70.4,0.0698,0.0489,-1,-1,TCF20_Other,TCF20_Other,TCF20_Other,exon:42168703-42168736,exon,42168703,42168736,33,27.09,304.97,30.91,360.03,3.27,0.93,327.85,3.73,1.07,386.15,,,,insufficient_data,0.0816,0.0791,A,minor,0.0152,0.9019812096283427,0.972238809421572,False,0,False,,,,,,,,,,,,,False,,,,,,,,,
scotch_target,Monocytes,ENSG00000100207,TCF20,chr22,723,132,8,B,70.4,0.0698,0.0489,-1,-1,TCF20_Other,TCF20_Other,TCF20_Other,exon:42169846-42169896,exon,42169846,42169896,50,46.7,285.35,53.3,337.65,2.33,0.47,329.25,2.67,0.53,387.75,,,,insufficient_data,0.1406,0.1363,A,minor,0.0279,0.8673087947218823,0.972238809421572,False,0,False,,,,,,,,,,,,,False,,,,,,,,,
scotch_target,Monocytes,ENSG00000100207,TCF20,chr22,723,132,8,B,70.4,0.0698,0.0489,-1,-1,TCF20_Other,TCF20_Other,TCF20_Other,exon:42179608-42179702,exon,42179608,42179702,94,46.7,285.35,53.3,337.65,2.8,0.93,328.32,3.2,1.07,386.68,,,,insufficient_data,0.1406,0.1363,A,minor,0.0279,0.8673087947218823,0.972238809421572,False,0,False,,,,,,,,,,,,,False,,,,,,,,,
scotch_target,Monocytes,ENSG00000100207,TCF20,chr22,723,132,8,B,70.4,0.0698,0.0489,-1,-1,TCF20_Other,TCF20_Other,TCF20_Other,exon:42209650-42210046,exon,42209650,42210046,396,46.7,285.35,53.3,337.65,2.33,0.47,329.25,2.67,0.53,387.75,,,,insufficient_data,0.1406,0.1363,A,minor,0.0279,0.8673087947218823,0.972238809421572,False,0,False,,,,,,,,,,,,,False,,,,,,,,,
scotch_target,Monocytes,ENSG00000100207,TCF20,chr22,723,132,8,B,70.4,0.0698,0.0489,-1,-1,TCF20_Other,TCF20_Other,TCF20_Other,exon:42210046-42210125,exon,42210046,42210125,79,46.7,285.35,53.3,337.65,0.0,0.47,331.59,0.0,0.53,390.41,,,,insufficient_data,0.1406,0.1363,A,minor,0.0279,0.8673087947218823,0.972238809421572,False,0,False,,,,,,,,,,,,,False,,,,,,,,,
scotch_target,Monocytes,ENSG00000100207,TCF20,chr22,723,132,8,B,70.4,0.0698,0.0489,-1,-1,TCF20_Other,TCF20_Other,TCF20_Other,exon:42210125-42210159,exon,42210125,42210159,34,46.7,285.35,53.3,337.65,0.93,0.47,330.65,1.07,0.53,389.35,,,,insufficient_data,0.1406,0.1363,A,minor,0.0279,0.8673087947218823,0.972238809421572,False,0,False,,,,,,,,,,,,,False,,,,,,,,,
scotch_target,Monocytes,ENSG00000100207,TCF20,chr22,723,132,8,B,70.4,0.0698,0.0489,-1,-1,TCF20_Other,TCF20_Other,TCF20_Other,exon:42210159-42210208,exon,42210159,42210208,49,46.7,285.35,53.3,337.65,0.93,0.47,330.65,1.07,0.53,389.35,,,,insufficient_data,0.1406,0.1363,A,minor,0.0279,0.8673087947218823,0.972238809421572,False,0,False,,,,,,,,,,,,,False,,,,,,,,,
scotch_target,Monocytes,ENSG00000100207,TCF20,chr22,723,132,8,B,70.4,0.0698,0.0489,-1,-1,TCF20_Other,TCF20_Other,TCF20_Other,exon:42210208-42210350,exon,42210208,42210350,142,44.36,287.69,50.64,340.31,0.93,0.47,330.65,1.07,0.53,389.35,,,,insufficient_data,0.1336,0.1295,A,minor,0.0263,0.8711501154387538,0.972238809421572,False,0,False,,,,,,,,,,,,,False,,,,,,,,,
scotch_target,Monocytes,ENSG00000100207,TCF20,chr22,723,132,8,B,70.4,0.0698,0.0489,-1,-1,TCF20_Other,TCF20_Other,TCF20_Other,exon:42210350-42210568,exon,42210350,42210568,218,44.36,287.69,50.64,340.31,2.33,0.47,329.25,2.67,0.53,387.75,,,,insufficient_data,0.1336,0.1295,A,minor,0.0263,0.8711501154387538,0.972238809421572,False,0,False,,,,,,,,,,,,,False,,,,,,,,,
scotch_target,Monocytes,ENSG00000100207,TCF20,chr22,723,132,8,B,70.4,0.0698,0.0489,-1,-1,TCF20_Other,TCF20_Other,TCF20_Other,exon:42210568-42212148,exon,42210568,42212148,1580,44.36,287.69,50.64,340.31,13.08,0.47,318.51,14.92,0.53,375.49,0.0,0.9999999999999998,0.9999999999999998,chi2_hap_event,0.1336,0.1295,A,minor,0.0263,0.8711501154387538,0.972238809421572,False,0,False,,,,,,,,,,,,,False,,,,,,,,,
scotch_target,Monocytes,ENSG00000100207,TCF20,chr22,723,132,8,B,70.4,0.0698,0.0489,-1,-1,TCF20_Other,TCF20_Other,TCF20_Other,exon:42212148-42212260,exon,42212148,42212260,112,44.36,287.69,50.64,340.31,2.8,0.47,328.78,3.2,0.53,387.22,,,,insufficient_data,0.1336,0.1295,A,minor,0.0263,0.8711501154387538,0.972238809421572,False,0,False,,,,,,,,,,,,,False,,,,,,,,,
scotch_target,Monocytes,ENSG00000100207,TCF20,chr22,723,132,8,B,70.4,0.0698,0.0489,-1,-1,TCF20_Other,TCF20_Other,TCF20_Other,exon:42212260-42213166,exon,42212260,42213166,906,44.36,287.69,50.64,340.31,5.14,0.47,326.45,5.86,0.53,384.55,0.0,0.9999999999999997,0.9999999999999998,chi2_hap_event,0.1336,0.1295,A,minor,0.0263,0.8711501154387538,0.972238809421572,False,0,False,,,,,,,,,,,,,False,,,,,,,,,
scotch_target,Monocytes,ENSG00000100207,TCF20,chr22,723,132,8,B,70.4,0.0698,0.0489,-1,-1,TCF20_Other,TCF20_Other,TCF20_Other,exon:42213166-42214846,exon,42213166,42214846,1680,44.36,287.69,50.64,340.31,1.87,0.0,330.19,2.13,0.0,388.82,,,,insufficient_data,0.1336,0.1295,A,minor,0.0263,0.8711501154387538,0.972238809421572,False,0,False,,,,,,,,,,,,,False,,,,,,,,,
scotch_target,Monocytes,ENSG00000100207,TCF20,chr22,723,132,8,B,70.4,0.0698,0.0489,-1,-1,TCF20_Other,TCF20_Other,TCF20_Other,exon:42214846-42215341,exon,42214846,42215341,495,48.1,283.95,54.9,336.05,0.93,0.0,331.12,1.07,0.0,389.88,,,,insufficient_data,0.1449,0.1404,A,minor,0.0289,0.8650296076479874,0.972238809421572,False,0,False,,,,,,,,,,,,,False,,,,,,,,,
scotch_target,Monocytes,ENSG00000100207,TCF20,chr22,723,132,8,B,70.4,0.0698,0.0489,-1,-1,TCF20_Other,TCF20_Other,TCF20_Other,exon:42215341-42215440,exon,42215341,42215440,99,44.36,287.69,50.64,340.31,0.47,0.0,331.59,0.53,0.0,390.41,,,,insufficient_data,0.1336,0.1295,A,minor,0.0263,0.8711501154387538,0.972238809421572,False,0,False,,,,,,,,,,,,,False,,,,,,,,,
scotch_target,Monocytes,ENSG00000100207,TCF20,chr22,723,132,8,B,70.4,0.0698,0.0489,-1,-1,TCF20_Other,TCF20_Other,TCF20_Other,exon:42343478-42343616,exon,42343478,42343616,138,3.74,328.32,4.26,386.68,0.0,0.0,332.05,0.0,0.0,390.95,,,,insufficient_data,0.0113,0.0109,A,minor,0.0019,0.964815279420397,0.972238809421572,False,0,False,,,,,,,,,,,,,False,,,,,,,,,
scotch_target,Monocytes,ENSG00000100207,TCF20,chr22,723,132,8,B,70.4,0.0698,0.0489,-1,-1,TCF20_Other,TCF20_Other,TCF20_Other,junction:42161358-42168608,junction,42161358,42168608,7250,29.42,302.63,33.58,357.37,0.0,0.0,332.05,0.0,0.0,390.95,,,,insufficient_data,0.0886,0.0859,A,minor,0.0166,0.8974817912534078,0.972238809421572,False,0,False,,,,,,,,,,,,,False,,,,,,,,,
scotch_target,Monocytes,ENSG00000100207,TCF20,chr22,723,132,8,B,70.4,0.0698,0.0489,-1,-1,TCF20_Other,TCF20_Other,TCF20_Other,junction:42161358-42169846,junction,42161358,42169846,8488,17.28,314.77,19.72,371.23,0.0,0.0,332.05,0.0,0.0,390.95,,,,insufficient_data,0.052,0.0504,A,minor,0.0094,0.9228451481487214,0.972238809421572,False,0,False,,,,,,,,,,,,,False,,,,,,,,,
scotch_target,Monocytes,ENSG00000100207,TCF20,chr22,723,132,8,B,70.4,0.0698,0.0489,-1,-1,TCF20_Other,TCF20_Other,TCF20_Other,junction:42168703-42169846,junction,42168703,42169846,1143,2.34,329.72,2.66,388.28,0.0,0.93,331.12,0.0,1.07,389.88,,,,insufficient_data,0.007,0.0068,A,minor,0.0012,0.972238809421572,0.972238809421572,False,0,False,,,,,,,,,,,,,False,,,,,,,,,
scotch_target,Monocytes,ENSG00000100207,TCF20,chr22,723,132,8,B,70.4,0.0698,0.0489,-1,-1,TCF20_Other,TCF20_Other,TCF20_Other,junction:42168736-42169846,junction,42168736,42169846,1110,27.09,304.97,30.91,360.03,0.93,0.0,331.12,1.07,0.0,389.88,,,,insufficient_data,0.0816,0.0791,A,minor,0.0152,0.9019812096283427,0.972238809421572,False,0,False,,,,,,,,,,,,,False,,,,,,,,,
scotch_target,Monocytes,ENSG00000100207,TCF20,chr22,723,132,8,B,70.4,0.0698,0.0489,-1,-1,TCF20_Other,TCF20_Other,TCF20_Other,junction:42169896-42179608,junction,42169896,42179608,9712,46.7,285.35,53.3,337.65,1.4,0.0,330.65,1.6,0.0,389.35,,,,insufficient_data,0.1406,0.1363,A,minor,0.0279,0.8673087947218823,0.972238809421572,False,0,False,,,,,,,,,,,,,False,,,,,,,,,
scotch_target,Monocytes,ENSG00000100207,TCF20,chr22,723,132,8,B,70.4,0.0698,0.0489,-1,-1,TCF20_Other,TCF20_Other,TCF20_Other,junction:42179702-42209650,junction,42179702,42209650,29948,46.7,285.35,53.3,337.65,1.4,0.0,330.65,1.6,0.0,389.35,,,,insufficient_data,0.1406,0.1363,A,minor,0.0279,0.8673087947218823,0.972238809421572,False,0,False,,,,,,,,,,,,,False,,,,,,,,,
scotch_target,Monocytes,ENSG00000100207,TCF20,chr22,723,132,8,B,70.4,0.0698,0.0489,-1,-1,TCF20_Other,TCF20_Other,TCF20_Other,junction:42215341-42343478,junction,42215341,42343478,128137,3.74,328.32,4.26,386.68,0.0,0.0,332.05,0.0,0.0,390.95,,,,insufficient_data,0.0113,0.0109,A,minor,0.0019,0.964815279420397,0.972238809421572,True,8,True,chr22:42240680:T:C,42240680.0,T,C,A,0.9999940391390134,1.0,0.0,25339.0,-,+,promotes_event,True,0.0,1.0,0.0,2.0,3.0,,,,chi2_cross_event
scotch_target,Monocytes,ENSG00000100207,TCF20,chr22,723,132,8,B,70.4,0.0698,0.0489,-1,-1,TCF20_Other,TCF20_Other,TCF20_Other,junction:42215341-42343478,junction,42215341,42343478,128137,3.74,328.32,4.26,386.68,0.0,0.0,332.05,0.0,0.0,390.95,,,,insufficient_data,0.0113,0.0109,A,minor,0.0019,0.964815279420397,0.972238809421572,True,8,False,chr22:42242658:C:G,42242658.0,C,G,B,5.9608609865491405e-06,1.0,0.0,27317.0,+,-,reduces_event,True,0.0,5.0,0.0,5.0,10.0,,,,chi2_cross_event
scotch_target,Monocytes,ENSG00000100207,TCF20,chr22,723,132,8,B,70.4,0.0698,0.0489,-1,-1,TCF20_Other,TCF20_Other,TCF20_Other,junction:42215341-42343478,junction,42215341,42343478,128137,3.74,328.32,4.26,386.68,0.0,0.0,332.05,0.0,0.0,390.95,,,,insufficient_data,0.0113,0.0109,A,minor,0.0019,0.964815279420397,0.972238809421572,True,8,False,chr22:42250197:T:G,42250197.0,T,G,A,0.9999940391390134,1.0,0.0,34856.0,-,+,promotes_event,True,0.0,11.0,0.0,6.0,17.0,,,,chi2_cross_event
scotch_target,Monocytes,ENSG00000100207,TCF20,chr22,723,132,8,B,70.4,0.0698,0.0489,-1,-1,TCF20_Other,TCF20_Other,TCF20_Other,junction:42215341-42343478,junction,42215341,42343478,128137,3.74,328.32,4.26,386.68,0.0,0.0,332.05,0.0,0.0,390.95,,,,insufficient_data,0.0113,0.0109,A,minor,0.0019,0.964815279420397,0.972238809421572,True,8,False,chr22:42254847:C:G,42254847.0,C,G,A,0.9999940391390134,1.0,0.0,39506.0,-,+,promotes_event,True,0.0,5.0,0.0,7.0,12.0,,,,chi2_cross_event
scotch_target,Monocytes,ENSG00000100207,TCF20,chr22,723,132,8,B,70.4,0.0698,0.0489,-1,-1,TCF20_Other,TCF20_Other,TCF20_Other,junction:42215341-42343478,junction,42215341,42343478,128137,3.74,328.32,4.26,386.68,0.0,0.0,332.05,0.0,0.0,390.95,,,,insufficient_data,0.0113,0.0109,A,minor,0.0019,0.964815279420397,0.972238809421572,True,8,False,chr22:42256709:T:C,42256709.0,T,C,A,0.9999940391390134,1.0,0.0,41368.0,-,+,promotes_event,True,0.0,39.0,0.0,23.0,62.0,,,,chi2_cross_event
scotch_target,Monocytes,ENSG00000100207,TCF20,chr22,723,132,8,B,70.4,0.0698,0.0489,-1,-1,TCF20_Other,TCF20_Other,TCF20_Other,junction:42215341-42343478,junction,42215341,42343478,128137,3.74,328.32,4.26,386.68,0.0,0.0,332.05,0.0,0.0,390.95,,,,insufficient_data,0.0113,0.0109,A,minor,0.0019,0.964815279420397,0.972238809421572,True,8,False,chr22:42257031:T:C,42257031.0,T,C,A,0.9999940391390134,1.0,0.0,41690.0,-,+,promotes_event,True,0.0,18.0,0.0,12.0,30.0,,,,chi2_cross_event
scotch_target,Monocytes,ENSG00000100207,TCF20,chr22,723,132,8,B,70.4,0.0698,0.0489,-1,-1,TCF20_Other,TCF20_Other,TCF20_Other,junction:42215341-42343478,junction,42215341,42343478,128137,3.74,328.32,4.26,386.68,0.0,0.0,332.05,0.0,0.0,390.95,,,,insufficient_data,0.0113,0.0109,A,minor,0.0019,0.964815279420397,0.972238809421572,True,8,False,chr22:42261813:G:A,42261813.0,G,A,A,0.9999940391390134,1.0,0.0,46472.0,-,+,promotes_event,True,0.0,2.0,0.0,5.0,7.0,,,,chi2_cross_event
scotch_target,Monocytes,ENSG00000100207,TCF20,chr22,723,132,8,B,70.4,0.0698,0.0489,-1,-1,TCF20_Other,TCF20_Other,TCF20_Other,junction:42215341-42343478,junction,42215341,42343478,128137,3.74,328.32,4.26,386.68,0.0,0.0,332.05,0.0,0.0,390.95,,,,insufficient_data,0.0113,0.0109,A,minor,0.0019,0.964815279420397,0.972238809421572,True,8,False,chr22:42265137:A:G,42265137.0,A,G,A,0.9999940391390134,1.0,0.0,49796.0,-,+,promotes_event,True,0.0,10.0,0.0,8.0,18.0,,,,chi2_cross_event
scotch_target,Monocytes,ENSG00000100347,SAMM50,chr22,233,170,2,A,70.4,0.0221,0.0023,-1,-1,SAMM50_ENST00000350028,SAMM50_ENST00000350028,SAMM50_ENST00000350028,exon:43974594-43975358,exon,43974594,43975358,764,19.18,100.64,12.82,100.36,0.53,56.9,62.39,0.47,54.1,58.61,0.0011,0.9739054725767771,0.9891573672870997,chi2_hap_event,0.1601,0.1133,A,major,1.0778,0.2991953888108727,0.8982831311871897,False,0,False,,,,,,,,,,,,,False,,,,,,,,,
scotch_target,Monocytes,ENSG00000100347,SAMM50,chr22,233,170,2,A,70.4,0.0221,0.0023,-1,-1,SAMM50_ENST00000350028,SAMM50_ENST00000350028,SAMM50_ENST00000350028,exon:43975358-43975948,exon,43975358,43975948,590,19.18,100.64,12.82,100.36,1.06,56.9,61.87,0.94,54.1,58.13,0.0021,0.9632665799833977,0.9891573672870997,chi2_hap_event,0.1601,0.1133,A,major,1.0778,0.2991953888108727,0.8982831311871897,False,0,False,,,,,,,,,,,,,False,,,,,,,,,
scotch_target,Monocytes,ENSG00000100347,SAMM50,chr22,233,170,2,A,70.4,0.0221,0.0023,-1,-1,SAMM50_ENST00000350028,SAMM50_ENST00000350028,SAMM50_ENST00000350028,exon:43975948-43976054,exon,43975948,43976054,106,19.18,100.64,12.82,100.36,0.53,50.37,68.92,1.47,48.63,63.08,0.468,0.49389629386039313,0.9891573672870997,chi2_hap_event,0.1601,0.1133,A,major,1.0778,0.2991953888108727,0.8982831311871897,False,0,False,,,,,,,,,,,,,False,,,,,,,,,
scotch_target,Monocytes,ENSG00000100347,SAMM50,chr22,233,170,2,A,70.4,0.0221,0.0023,-1,-1,SAMM50_ENST00000350028,SAMM50_ENST00000350028,SAMM50_ENST00000350028,exon:43976054-43976183,exon,43976054,43976183,129,77.14,42.68,66.86,46.32,59.48,2.46,57.88,55.52,0.54,57.12,1.0726,0.30036343986069197,0.9891573672870997,chi2_hap_event,0.6438,0.5907,A,major,0.6957,0.4042274090342354,0.8982831311871897,False,0,False,,,,,,,,,,,,,False,,,,,,,,,
scotch_target,Monocytes,ENSG00000100347,SAMM50,chr22,233,170,2,A,70.4,0.0221,0.0023,-1,-1,SAMM50_ENST00000350028,SAMM50_ENST00000350028,SAMM50_ENST00000350028,exon:43976749-43976821,exon,43976749,43976821,72,77.14,42.68,66.86,46.32,62.58,2.46,54.78,59.42,0.54,53.22,1.1037,0.2934471727438624,0.9891573672870997,chi2_hap_event,0.6438,0.5907,A,major,0.6957,0.4042274090342354,0.8982831311871897,False,0,False,,,,,,,,,,,,,False,,,,,,,,,
scotch_target,Monocytes,ENSG00000100347,SAMM50,chr22,233,170,2,A,70.4,0.0221,0.0023,-1,-1,SAMM50_ENST00000350028,SAMM50_ENST00000350028,SAMM50_ENST00000350028,exon:43977871-43977958,exon,43977871,43977958,87,77.14,42.68,66.86,46.32,62.56,3.46,53.8,60.44,0.54,52.2,1.9681,0.16064808619205986,0.9891573672870997,chi2_hap_event,0.6438,0.5907,A,major,0.6957,0.4042274090342354,0.8982831311871897,False,0,False,,,,,,,,,,,,,False,,,,,,,,,
scotch_target,Monocytes,ENSG00000100347,SAMM50,chr22,233,170,2,A,70.4,0.0221,0.0023,-1,-1,SAMM50_ENST00000350028,SAMM50_ENST00000350028,SAMM50_ENST00000350028,exon:43981390-43981461,exon,43981390,43981461,71,77.14,42.68,66.86,46.32,69.1,2.46,48.26,62.9,1.54,48.74,0.1297,0.7187160977719265,0.9891573672870997,chi2_hap_event,0.6438,0.5907,A,major,0.6957,0.4042274090342354,0.8982831311871897,False,0,False,,,,,,,,,,,,,False,,,,,,,,,
scotch_target,Monocytes,ENSG00000100347,SAMM50,chr22,233,170,2,A,70.4,0.0221,0.0023,-1,-1,SAMM50_ENST00000350028,SAMM50_ENST00000350028,SAMM50_ENST00000350028,exon:43983932-43984000,exon,43983932,43984000,68,77.14,42.68,66.86,46.32,72.62,3.46,43.74,64.38,1.54,47.26,0.5074,0.4762758827332336,0.9891573672870997,chi2_hap_event,0.6438,0.5907,A,major,0.6957,0.4042274090342354,0.8982831311871897,False,0,False,,,,,,,,,,,,,False,,,,,,,,,
scotch_target,Monocytes,ENSG00000100347,SAMM50,chr22,233,170,2,A,70.4,0.0221,0.0023,-1,-1,SAMM50_ENST00000350028,SAMM50_ENST00000350028,SAMM50_ENST00000350028,exon:43986343-43987587,exon,43986343,43987587,1244,16.72,103.1,21.28,91.9,0.53,75.55,43.74,0.47,65.45,47.26,0.0002,0.9891573672870997,0.9891573672870997,chi2_hap_event,0.1395,0.188,B,minor,1.0012,0.3170097746268053,0.8982831311871897,False,0,False,,,,,,,,,,,,,False,,,,,,,,,
scotch_target,Monocytes,ENSG00000100347,SAMM50,chr22,233,170,2,A,70.4,0.0221,0.0023,-1,-1,SAMM50_ENST00000350028,SAMM50_ENST00000350028,SAMM50_ENST00000350028,exon:43987587-43987676,exon,43987587,43987676,89,16.72,103.1,21.28,91.9,0.53,75.55,43.74,0.47,65.45,47.26,0.0002,0.9891573672870997,0.9891573672870997,chi2_hap_event,0.1395,0.188,B,minor,1.0012,0.3170097746268053,0.8982831311871897,False,0,False,,,,,,,,,,,,,False,,,,,,,,,
scotch_target,Monocytes,ENSG00000100347,SAMM50,chr22,233,170,2,A,70.4,0.0221,0.0023,-1,-1,SAMM50_ENST00000350028,SAMM50_ENST00000350028,SAMM50_ENST00000350028,exon:43987676-43988741,exon,43987676,43988741,1065,16.72,103.1,21.28,91.9,2.12,75.55,42.16,1.88,65.45,45.84,0.0007,0.9785425941448811,0.9891573672870997,chi2_hap_event,0.1395,0.188,B,minor,1.0012,0.3170097746268053,0.8982831311871897,False,0,False,,,,,,,,,,,,,False,,,,,,,,,
scotch_target,Monocytes,ENSG00000100347,SAMM50,chr22,233,170,2,A,70.4,0.0221,0.0023,-1,-1,SAMM50_ENST00000350028,SAMM50_ENST00000350028,SAMM50_ENST00000350028,exon:43988741-43988934,exon,43988741,43988934,193,16.72,103.1,21.28,91.9,2.12,75.55,42.16,2.88,64.45,45.84,0.2622,0.6086380264713124,0.9891573672870997,chi2_hap_event,0.1395,0.188,B,minor,1.0012,0.3170097746268053,0.8982831311871897,False,0,False,,,,,,,,,,,,,False,,,,,,,,,
scotch_target,Monocytes,ENSG00000100347,SAMM50,chr22,233,170,2,A,70.4,0.0221,0.0023,-1,-1,SAMM50_ENST00000350028,SAMM50_ENST00000350028,SAMM50_ENST00000350028,exon:43988934-43989110,exon,43988934,43989110,176,16.72,103.1,21.28,91.9,2.06,72.49,45.27,1.94,62.51,48.73,0.0077,0.9300621121536058,0.9891573672870997,chi2_hap_event,0.1395,0.188,B,minor,1.0012,0.3170097746268053,0.8982831311871897,False,0,False,,,,,,,,,,,,,False,,,,,,,,,
scotch_target,Monocytes,ENSG00000100347,SAMM50,chr22,233,170,2,A,70.4,0.0221,0.0023,-1,-1,SAMM50_ENST00000350028,SAMM50_ENST00000350028,SAMM50_ENST00000350028,junction:43976183-43976749,junction,43976183,43976749,566,77.14,42.68,66.86,46.32,0.0,0.0,119.82,0.0,0.0,113.18,,,,insufficient_data,0.6438,0.5907,A,major,0.6957,0.4042274090342354,0.8982831311871897,False,0,False,,,,,,,,,,,,,False,,,,,,,,,
scotch_target,Monocytes,ENSG00000100347,SAMM50,chr22,233,170,2,A,70.4,0.0221,0.0023,-1,-1,SAMM50_ENST00000350028,SAMM50_ENST00000350028,SAMM50_ENST00000350028,junction:43976821-43977871,junction,43976821,43977871,1050,77.14,42.68,66.86,46.32,0.0,0.0,119.82,1.0,0.0,112.18,,,,insufficient_data,0.6438,0.5907,A,major,0.6957,0.4042274090342354,0.8982831311871897,False,0,False,,,,,,,,,,,,,False,,,,,,,,,
scotch_target,Monocytes,ENSG00000100347,SAMM50,chr22,233,170,2,A,70.4,0.0221,0.0023,-1,-1,SAMM50_ENST00000350028,SAMM50_ENST00000350028,SAMM50_ENST00000350028,junction:43977958-43981390,junction,43977958,43981390,3432,77.14,42.68,66.86,46.32,0.0,0.0,119.82,0.0,0.0,113.18,,,,insufficient_data,0.6438,0.5907,A,major,0.6957,0.4042274090342354,0.8982831311871897,False,0,False,,,,,,,,,,,,,False,,,,,,,,,
scotch_target,Monocytes,ENSG00000100347,SAMM50,chr22,233,170,2,A,70.4,0.0221,0.0023,-1,-1,SAMM50_ENST00000350028,SAMM50_ENST00000350028,SAMM50_ENST00000350028,junction:43981461-43983932,junction,43981461,43983932,2471,77.14,42.68,66.86,46.32,0.0,0.0,119.82,0.0,0.0,113.18,,,,insufficient_data,0.6438,0.5907,A,major,0.6957,0.4042274090342354,0.8982831311871897,False,0,False,,,,,,,,,,,,,False,,,,,,,,,
scotch_target,Monocytes,ENSG00000100347,SAMM50,chr22,233,170,2,A,70.4,0.0221,0.0023,-1,-1,SAMM50_ENST00000350028,SAMM50_ENST00000350028,SAMM50_ENST00000350028,junction:43984000-43989110,junction,43984000,43989110,5110,77.14,42.68,66.86,46.32,0.0,0.0,119.82,0.0,0.0,113.18,,,,insufficient_data,0.6438,0.5907,A,major,0.6957,0.4042274090342354,0.8982831311871897,False,0,False,,,,,,,,,,,,,False,,,,,,,,,
scotch_target,Monocytes,ENSG00000100347,SAMM50,chr22,233,170,2,A,70.4,0.0221,0.0023,-1,-1,SAMM50_ENST00000350028,SAMM50_ENST00000350028,SAMM50_ENST00000350028,exon:43955441-43955598,exon,43955441,43955598,157,57.96,61.86,54.04,59.14,62.9,0.0,56.92,52.1,0.0,61.08,,,,insufficient_data,0.4837,0.4775,A,major,0.0092,0.9235875108260373,0.9314196311194016,False,0,False,,,,,,,,,,,,,False,,,,,,,,,
scotch_target,Monocytes,ENSG00000100347,SAMM50,chr22,233,170,2,A,70.4,0.0221,0.0023,-1,-1,SAMM50_ENST00000350028,SAMM50_ENST00000350028,SAMM50_ENST00000350028,exon:43963285-43963396,exon,43963285,43963396,111,57.96,61.86,54.04,59.14,63.96,1.0,54.86,56.04,0.0,57.14,0.866,0.35205537451330793,0.9891573672870997,chi2_hap_event,0.4837,0.4775,A,major,0.0092,0.9235875108260373,0.9314196311194016,False,0,False,,,,,,,,,,,,,False,,,,,,,,,
scotch_target,Monocytes,ENSG00000100347,SAMM50,chr22,233,170,2,A,70.4,0.0221,0.0023,-1,-1,SAMM50_ENST00000350028,SAMM50_ENST00000350028,SAMM50_ENST00000350028,exon:43964451-43964488,exon,43964451,43964488,37,57.96,61.86,54.04,59.14,62.91,1.0,55.91,55.09,0.0,58.09,0.8657,0.3521502695998219,0.9891573672870997,chi2_hap_event,0.4837,0.4775,A,major,0.0092,0.9235875108260373,0.9314196311194016,False,0,False,,,,,,,,,,,,,False,,,,,,,,,
scotch_target,Monocytes,ENSG00000100347,SAMM50,chr22,233,170,2,A,70.4,0.0221,0.0023,-1,-1,SAMM50_ENST00000350028,SAMM50_ENST00000350028,SAMM50_ENST00000350028,exon:43964488-43964553,exon,43964488,43964553,65,57.96,61.86,54.04,59.14,62.91,1.0,55.91,55.09,0.0,58.09,0.8657,0.3521502695998219,0.9891573672870997,chi2_hap_event,0.4837,0.4775,A,major,0.0092,0.9235875108260373,0.9314196311194016,False,0,False,,,,,,,,,,,,,False,,,,,,,,,
scotch_target,Monocytes,ENSG00000100347,SAMM50,chr22,233,170,2,A,70.4,0.0221,0.0023,-1,-1,SAMM50_ENST00000350028,SAMM50_ENST00000350028,SAMM50_ENST00000350028,exon:43968730-43968818,exon,43968730,43968818,88,57.96,61.86,54.04,59.14,61.32,1.53,56.97,53.68,1.47,58.03,0.0067,0.9347877241161171,0.9891573672870997,chi2_hap_event,0.4837,0.4775,A,major,0.0092,0.9235875108260373,0.9314196311194016,False,0,False,,,,,,,,,,,,,False,,,,,,,,,
scotch_target,Monocytes,ENSG00000100347,SAMM50,chr22,233,170,2,A,70.4,0.0221,0.0023,-1,-1,SAMM50_ENST00000350028,SAMM50_ENST00000350028,SAMM50_ENST00000350028,exon:43972235-43972342,exon,43972235,43972342,107,57.96,61.86,54.04,59.14,61.79,1.53,56.5,57.21,0.47,55.5,0.4723,0.49193776635384767,0.9891573672870997,chi2_hap_event,0.4837,0.4775,A,major,0.0092,0.9235875108260373,0.9314196311194016,True,1,True,chr22:43972323:A:G,43972323.0,A,G,A,0.9999940391390134,1.0,0.0,19.0,+,+,promotes_event,True,55.0,0.0,60.0,0.0,115.0,,0.7093227303228261,0.869049970834203,binomial_intra_event
scotch_target,Monocytes,ENSG00000100347,SAMM50,chr22,233,170,2,A,70.4,0.0221,0.0023,-1,-1,SAMM50_ENST00000350028,SAMM50_ENST00000350028,SAMM50_ENST00000350028,exon:43972870-43973001,exon,43972870,43973001,131,57.96,61.86,54.04,59.14,62.85,2.53,54.44,60.15,0.47,52.56,1.2905,0.25595418677516685,0.9891573672870997,chi2_hap_event,0.4837,0.4775,A,major,0.0092,0.9235875108260373,0.9314196311194016,True,1,True,chr22:43972323:A:G,43972323.0,A,G,A,0.9999940391390134,1.0,19.0,547.0,+,+,promotes_event,True,47.0,8.0,53.0,7.0,115.0,0.2097,0.6470248304388888,0.869049970834203,chi2_cross_event
scotch_target,Monocytes,ENSG00000100347,SAMM50,chr22,233,170,2,A,70.4,0.0221,0.0023,-1,-1,SAMM50_ENST00000350028,SAMM50_ENST00000350028,SAMM50_ENST00000350028,exon:43973235-43973322,exon,43973235,43973322,87,57.96,61.86,54.04,59.14,54.44,2.46,62.92,53.56,1.54,58.08,0.1891,0.6636414128905015,0.9891573672870997,chi2_hap_event,0.4837,0.4775,A,major,0.0092,0.9235875108260373,0.9314196311194016,False,0,False,,,,,,,,,,,,,False,,,,,,,,,
scotch_target,Monocytes,ENSG00000100347,SAMM50,chr22,233,170,2,A,70.4,0.0221,0.0023,-1,-1,SAMM50_ENST00000350028,SAMM50_ENST00000350028,SAMM50_ENST00000350028,exon:43989110-43989257,exon,43989110,43989257,147,93.86,25.95,88.14,25.05,75.63,1.99,42.2,67.37,2.01,43.8,0.0156,0.9004894623288272,0.9891573672870997,chi2_hap_event,0.7834,0.7787,A,major,0.0074,0.9314196311194016,0.9314196311194016,False,0,False,,,,,,,,,,,,,False,,,,,,,,,
scotch_target,Monocytes,ENSG00000100347,SAMM50,chr22,233,170,2,A,70.4,0.0221,0.0023,-1,-1,SAMM50_ENST00000350028,SAMM50_ENST00000350028,SAMM50_ENST00000350028,exon:43990264-43990327,exon,43990264,43990327,63,93.86,25.95,88.14,25.05,75.07,3.0,41.75,70.93,3.0,39.25,0.0048,0.9449912346082819,0.9891573672870997,chi2_hap_event,0.7834,0.7787,A,major,0.0074,0.9314196311194016,0.9314196311194016,False,0,False,,,,,,,,,,,,,False,,,,,,,,,
scotch_target,Monocytes,ENSG00000100347,SAMM50,chr22,233,170,2,A,70.4,0.0221,0.0023,-1,-1,SAMM50_ENST00000350028,SAMM50_ENST00000350028,SAMM50_ENST00000350028,exon:43990327-43990406,exon,43990327,43990406,79,93.86,25.95,88.14,25.05,76.22,3.0,40.6,75.78,2.0,35.4,0.1872,0.6652412298760164,0.9891573672870997,chi2_hap_event,0.7834,0.7787,A,major,0.0074,0.9314196311194016,0.9314196311194016,True,1,True,chr22:43990400:C:T,43990400.0,C,T,A,0.9999940391390134,1.0,0.0,6.0,+,+,promotes_event,True,75.0,0.0,72.0,0.0,147.0,,0.869049970834203,0.869049970834203,binomial_intra_event
scotch_target,Monocytes,ENSG00000100347,SAMM50,chr22,233,170,2,A,70.4,0.0221,0.0023,-1,-1,SAMM50_ENST00000350028,SAMM50_ENST00000350028,SAMM50_ENST00000350028,exon:43996337-43996376,exon,43996337,43996376,39,93.86,25.95,88.14,25.05,83.04,2.52,34.26,80.96,1.48,30.74,0.237,0.6264044134868254,0.9891573672870997,chi2_hap_event,0.7834,0.7787,A,major,0.0074,0.9314196311194016,0.9314196311194016,False,0,False,,,,,,,,,,,,,False,,,,,,,,,
scotch_target,Monocytes,ENSG00000100347,SAMM50,chr22,233,170,2,A,70.4,0.0221,0.0023,-1,-1,SAMM50_ENST00000350028,SAMM50_ENST00000350028,SAMM50_ENST00000350028,exon:43996376-43996529,exon,43996376,43996529,153,93.86,25.95,88.14,25.05,88.2,1.06,30.56,84.8,0.94,27.44,0.0029,0.9570421527949382,0.9891573672870997,chi2_hap_event,0.7834,0.7787,A,major,0.0074,0.9314196311194016,0.9314196311194016,False,0,False,,,,,,,,,,,,,False,,,,,,,,,
scotch_target,Monocytes,ENSG00000100347,SAMM50,chr22,233,170,2,A,70.4,0.0221,0.0023,-1,-1,SAMM50_ENST00000350028,SAMM50_ENST00000350028,SAMM50_ENST00000350028,junction:43955598-43963285,junction,43955598,43963285,7687,57.96,61.86,54.04,59.14,0.0,0.0,119.82,0.0,0.0,113.18,,,,insufficient_data,0.4837,0.4775,A,major,0.0092,0.9235875108260373,0.9314196311194016,False,0,False,,,,,,,,,,,,,False,,,,,,,,,
scotch_target,Monocytes,ENSG00000100347,SAMM50,chr22,233,170,2,A,70.4,0.0221,0.0023,-1,-1,SAMM50_ENST00000350028,SAMM50_ENST00000350028,SAMM50_ENST00000350028,junction:43963396-43964451,junction,43963396,43964451,1055,57.96,61.86,54.04,59.14,0.0,0.0,119.82,0.0,0.0,113.18,,,,insufficient_data,0.4837,0.4775,A,major,0.0092,0.9235875108260373,0.9314196311194016,False,0,False,,,,,,,,,,,,,False,,,,,,,,,
scotch_target,Monocytes,ENSG00000100347,SAMM50,chr22,233,170,2,A,70.4,0.0221,0.0023,-1,-1,SAMM50_ENST00000350028,SAMM50_ENST00000350028,SAMM50_ENST00000350028,junction:43964553-43968730,junction,43964553,43968730,4177,57.96,61.86,54.04,59.14,0.0,0.0,119.82,0.0,0.0,113.18,,,,insufficient_data,0.4837,0.4775,A,major,0.0092,0.9235875108260373,0.9314196311194016,False,0,False,,,,,,,,,,,,,False,,,,,,,,,
scotch_target,Monocytes,ENSG00000100347,SAMM50,chr22,233,170,2,A,70.4,0.0221,0.0023,-1,-1,SAMM50_ENST00000350028,SAMM50_ENST00000350028,SAMM50_ENST00000350028,junction:43968818-43972235,junction,43968818,43972235,3417,57.96,61.86,54.04,59.14,0.0,0.0,119.82,0.0,0.0,113.18,,,,insufficient_data,0.4837,0.4775,A,major,0.0092,0.9235875108260373,0.9314196311194016,False,0,False,,,,,,,,,,,,,False,,,,,,,,,
scotch_target,Monocytes,ENSG00000100347,SAMM50,chr22,233,170,2,A,70.4,0.0221,0.0023,-1,-1,SAMM50_ENST00000350028,SAMM50_ENST00000350028,SAMM50_ENST00000350028,junction:43972342-43972870,junction,43972342,43972870,528,57.96,61.86,54.04,59.14,0.0,0.0,119.82,0.0,0.0,113.18,,,,insufficient_data,0.4837,0.4775,A,major,0.0092,0.9235875108260373,0.9314196311194016,True,1,True,chr22:43972323:A:G,43972323.0,A,G,A,0.9999940391390134,1.0,19.0,19.0,+,+,promotes_event,True,47.0,8.0,53.0,7.0,115.0,0.2097,0.6470248304388888,0.869049970834203,chi2_cross_event
scotch_target,Monocytes,ENSG00000100347,SAMM50,chr22,233,170,2,A,70.4,0.0221,0.0023,-1,-1,SAMM50_ENST00000350028,SAMM50_ENST00000350028,SAMM50_ENST00000350028,junction:43973001-43973235,junction,43973001,43973235,234,57.96,61.86,54.04,59.14,41.96,0.0,77.86,42.04,1.0,70.14,0.9864,0.32061887565411323,0.9891573672870997,chi2_hap_event,0.4837,0.4775,A,major,0.0092,0.9235875108260373,0.9314196311194016,False,0,False,,,,,,,,,,,,,False,,,,,,,,,
scotch_target,Monocytes,ENSG00000100347,SAMM50,chr22,233,170,2,A,70.4,0.0221,0.0023,-1,-1,SAMM50_ENST00000350028,SAMM50_ENST00000350028,SAMM50_ENST00000350028,junction:43973323-43976054,junction,43973323,43976054,2731,57.96,61.86,54.04,59.14,44.91,0.0,74.91,47.09,0.0,66.09,,,,insufficient_data,0.4837,0.4775,A,major,0.0092,0.9235875108260373,0.9314196311194016,False,0,False,,,,,,,,,,,,,False,,,,,,,,,
scotch_target,Monocytes,ENSG00000100347,SAMM50,chr22,233,170,2,A,70.4,0.0221,0.0023,-1,-1,SAMM50_ENST00000350028,SAMM50_ENST00000350028,SAMM50_ENST00000350028,junction:43989257-43990264,junction,43989257,43990264,1007,93.86,25.95,88.14,25.05,1.53,0.0,118.29,2.47,0.0,110.71,,,,insufficient_data,0.7834,0.7787,A,major,0.0074,0.9314196311194016,0.9314196311194016,False,0,False,,,,,,,,,,,,,False,,,,,,,,,
scotch_target,Monocytes,ENSG00000100347,SAMM50,chr22,233,170,2,A,70.4,0.0221,0.0023,-1,-1,SAMM50_ENST00000350028,SAMM50_ENST00000350028,SAMM50_ENST00000350028,junction:43990406-43996337,junction,43990406,43996337,5931,93.86,25.95,88.14,25.05,0.0,0.0,119.82,2.0,0.0,111.18,,,,insufficient_data,0.7834,0.7787,A,major,0.0074,0.9314196311194016,0.9314196311194016,True,1,True,chr22:43990400:C:T,43990400.0,C,T,A,0.9999940391390134,1.0,6.0,6.0,+,+,promotes_event,True,71.0,4.0,69.0,3.0,147.0,0.1102,0.7398596937223159,0.869049970834203,chi2_cross_event
scotch_target,Monocytes,ENSG00000128294,TPST2,chr22,1138,381,8,A,70.4,0.0228,0.0669,-1,-1,TPST2_Other,TPST2_Other,TPST2_Other,exon:26525745-26525771,exon,26525745,26525771,26,186.88,411.19,180.12,359.81,32.22,8.77,557.07,64.78,5.23,469.93,4.5387,0.03313762343808851,0.8284405859522127,chi2_hap_event,0.3125,0.3336,B,minor,0.58,0.4463307973483781,0.7554616271316194,True,1,True,chr22:26525758:A:G,26525758.0,A,G,B,5.9608609865491405e-06,1.0,0.0,13.0,-,-,promotes_event,True,31.0,0.0,64.0,0.0,95.0,,0.0009246444117719317,0.0064725108824035225,binomial_intra_event
scotch_target,Monocytes,ENSG00000128294,TPST2,chr22,1138,381,8,A,70.4,0.0228,0.0669,-1,-1,TPST2_Other,TPST2_Other,TPST2_Other,exon:26525771-26526267,exon,26525771,26526267,496,186.88,411.19,180.12,359.81,161.82,4.64,431.6,155.18,2.36,382.4,0.639,0.4240601495004791,0.8636198756210521,chi2_hap_event,0.3125,0.3336,B,minor,0.58,0.4463307973483781,0.7554616271316194,True,1,True,chr22:26525758:A:G,26525758.0,A,G,B,5.9608609865491405e-06,1.0,13.0,13.0,-,-,promotes_event,True,24.0,7.0,52.0,12.0,95.0,0.1915,0.661644380559685,0.926302132783559,chi2_cross_event
scotch_target,Monocytes,ENSG00000128294,TPST2,chr22,1138,381,8,A,70.4,0.0228,0.0669,-1,-1,TPST2_Other,TPST2_Other,TPST2_Other,exon:26528213-26528262,exon,26528213,26528262,49,186.88,411.19,180.12,359.81,96.55,27.97,473.54,90.45,14.03,435.46,3.0983,0.07837590949956168,0.8636198756210521,chi2_hap_event,0.3125,0.3336,B,minor,0.58,0.4463307973483781,0.7554616271316194,False,0,False,,,,,,,,,,,,,False,,,,,,,,,
scotch_target,Monocytes,ENSG00000128294,TPST2,chr22,1138,381,8,A,70.4,0.0228,0.0669,-1,-1,TPST2_Other,TPST2_Other,TPST2_Other,exon:26532694-26532745,exon,26532694,26532745,51,186.88,411.19,180.12,359.81,110.55,7.11,480.4,92.45,2.89,444.6,1.0687,0.30124307392429417,0.8636198756210521,chi2_hap_event,0.3125,0.3336,B,minor,0.58,0.4463307973483781,0.7554616271316194,False,0,False,,,,,,,,,,,,,False,,,,,,,,,
scotch_target,Monocytes,ENSG00000128294,TPST2,chr22,1138,381,8,A,70.4,0.0228,0.0669,-1,-1,TPST2_Other,TPST2_Other,TPST2_Other,exon:26536287-26536486,exon,26536287,26536486,199,201.82,396.24,193.18,346.76,106.33,5.63,486.1,84.67,2.37,452.9,0.6771,0.4105872174126718,0.8636198756210521,chi2_hap_event,0.3375,0.3578,B,minor,0.5169,0.4721635169572621,0.7554616271316194,False,0,False,,,,,,,,,,,,,False,,,,,,,,,
scotch_target,Monocytes,ENSG00000128294,TPST2,chr22,1138,381,8,A,70.4,0.0228,0.0669,-1,-1,TPST2_Other,TPST2_Other,TPST2_Other,exon:26540788-26540871,exon,26540788,26540871,83,201.82,396.24,193.18,346.76,92.86,4.78,500.42,57.14,4.22,478.58,0.278,0.598015689249611,0.8636198756210521,chi2_hap_event,0.3375,0.3578,B,minor,0.5169,0.4721635169572621,0.7554616271316194,True,1,True,chr22:26540799:G:A,26540799.0,G,A,A,0.9999940391390134,1.0,0.0,11.0,+,+,reduces_event,True,55.0,0.0,92.0,0.0,147.0,,0.0028574202527916455,0.01000097088477076,binomial_intra_event
scotch_target,Monocytes,ENSG00000128294,TPST2,chr22,1138,381,8,A,70.4,0.0228,0.0669,-1,-1,TPST2_Other,TPST2_Other,TPST2_Other,exon:26540871-26541205,exon,26540871,26541205,334,186.88,411.19,180.12,359.81,89.66,4.25,504.15,57.34,3.75,478.85,0.198,0.6563511054719996,0.8636198756210521,chi2_hap_event,0.3125,0.3336,B,minor,0.58,0.4463307973483781,0.7554616271316194,False,0,False,,,,,,,,,,,,,False,,,,,,,,,
scotch_target,Monocytes,ENSG00000128294,TPST2,chr22,1138,381,8,A,70.4,0.0228,0.0669,-1,-1,TPST2_Other,TPST2_Other,TPST2_Other,exon:26541205-26541270,exon,26541205,26541270,65,186.88,411.19,180.12,359.81,62.97,4.27,530.82,41.03,5.73,493.18,1.1995,0.2734295509596856,0.8636198756210521,chi2_hap_event,0.3125,0.3336,B,minor,0.58,0.4463307973483781,0.7554616271316194,False,0,False,,,,,,,,,,,,,False,,,,,,,,,
scotch_target,Monocytes,ENSG00000128294,TPST2,chr22,1138,381,8,A,70.4,0.0228,0.0669,-1,-1,TPST2_Other,TPST2_Other,TPST2_Other,exon:26541270-26541438,exon,26541270,26541438,168,186.88,411.19,180.12,359.81,60.97,4.27,532.83,39.03,5.73,495.17,1.2554,0.2625188554360594,0.8636198756210521,chi2_hap_event,0.3125,0.3336,B,minor,0.58,0.4463307973483781,0.7554616271316194,False,0,False,,,,,,,,,,,,,False,,,,,,,,,
scotch_target,Monocytes,ENSG00000128294,TPST2,chr22,1138,381,8,A,70.4,0.0228,0.0669,-1,-1,TPST2_Other,TPST2_Other,TPST2_Other,exon:26541438-26541484,exon,26541438,26541484,46,186.88,411.19,180.12,359.81,52.95,4.27,540.85,38.05,5.73,496.15,0.8782,0.34870011501729514,0.8636198756210521,chi2_hap_event,0.3125,0.3336,B,minor,0.58,0.4463307973483781,0.7554616271316194,False,0,False,,,,,,,,,,,,,False,,,,,,,,,
scotch_target,Monocytes,ENSG00000128294,TPST2,chr22,1138,381,8,A,70.4,0.0228,0.0669,-1,-1,TPST2_Other,TPST2_Other,TPST2_Other,exon:26541484-26541489,exon,26541484,26541489,5,186.88,411.19,180.12,359.81,52.95,4.8,540.32,38.05,6.2,495.68,0.8431,0.3584998697475559,0.8636198756210521,chi2_hap_event,0.3125,0.3336,B,minor,0.58,0.4463307973483781,0.7554616271316194,False,0,False,,,,,,,,,,,,,False,,,,,,,,,
scotch_target,Monocytes,ENSG00000128294,TPST2,chr22,1138,381,8,A,70.4,0.0228,0.0669,-1,-1,TPST2_Other,TPST2_Other,TPST2_Other,exon:26541489-26541718,exon,26541489,26541718,229,187.94,410.12,181.06,358.88,52.95,4.8,540.32,39.05,5.2,495.68,0.3358,0.5622868366606618,0.8636198756210521,chi2_hap_event,0.3142,0.3353,B,minor,0.5762,0.4478039382866982,0.7554616271316194,False,0,False,,,,,,,,,,,,,False,,,,,,,,,
scotch_target,Monocytes,ENSG00000128294,TPST2,chr22,1138,381,8,A,70.4,0.0228,0.0669,-1,-1,TPST2_Other,TPST2_Other,TPST2_Other,exon:26544603-26544675,exon,26544603,26544675,72,187.94,410.12,181.06,358.88,48.32,4.77,544.97,35.68,5.23,499.03,0.3518,0.553080900510388,0.8636198756210521,chi2_hap_event,0.3142,0.3353,B,minor,0.5762,0.4478039382866982,0.7554616271316194,False,0,False,,,,,,,,,,,,,False,,,,,,,,,
scotch_target,Monocytes,ENSG00000128294,TPST2,chr22,1138,381,8,A,70.4,0.0228,0.0669,-1,-1,TPST2_Other,TPST2_Other,TPST2_Other,exon:26565223-26565368,exon,26565223,26565368,145,117.11,480.95,117.89,422.05,0.53,54.69,542.85,0.47,42.31,497.15,0.0043,0.9475995027491081,0.9836627847826669,chi2_hap_event,0.1958,0.2183,B,minor,0.8791,0.3484462057768255,0.7554616271316194,False,0,False,,,,,,,,,,,,,False,,,,,,,,,
scotch_target,Monocytes,ENSG00000128294,TPST2,chr22,1138,381,8,A,70.4,0.0228,0.0669,-1,-1,TPST2_Other,TPST2_Other,TPST2_Other,junction:26526267-26528213,junction,26526267,26528213,1946,186.88,411.19,180.12,359.81,0.0,0.0,598.06,0.0,0.0,539.94,,,,insufficient_data,0.3125,0.3336,B,minor,0.58,0.4463307973483781,0.7554616271316194,False,0,False,,,,,,,,,,,,,False,,,,,,,,,
scotch_target,Monocytes,ENSG00000128294,TPST2,chr22,1138,381,8,A,70.4,0.0228,0.0669,-1,-1,TPST2_Other,TPST2_Other,TPST2_Other,junction:26528262-26532694,junction,26528262,26532694,4432,186.88,411.19,180.12,359.81,0.0,0.0,598.06,0.0,0.0,539.94,,,,insufficient_data,0.3125,0.3336,B,minor,0.58,0.4463307973483781,0.7554616271316194,False,0,False,,,,,,,,,,,,,False,,,,,,,,,
scotch_target,Monocytes,ENSG00000128294,TPST2,chr22,1138,381,8,A,70.4,0.0228,0.0669,-1,-1,TPST2_Other,TPST2_Other,TPST2_Other,junction:26532745-26536287,junction,26532745,26536287,3542,186.88,411.19,180.12,359.81,2.52,0.0,595.54,0.48,0.0,539.46,,,,insufficient_data,0.3125,0.3336,B,minor,0.58,0.4463307973483781,0.7554616271316194,True,1,True,chr22:26535908:G:A,26535908.0,G,A,A,0.9999940391390134,1.0,0.0,379.0,+,+,reduces_event,True,0.0,8.0,0.0,9.0,17.0,,,,chi2_cross_event
scotch_target,Monocytes,ENSG00000128294,TPST2,chr22,1138,381,8,A,70.4,0.0228,0.0669,-1,-1,TPST2_Other,TPST2_Other,TPST2_Other,junction:26536486-26540788,junction,26536486,26540788,4302,201.82,396.24,193.18,346.76,0.0,0.0,598.06,0.0,0.0,539.94,,,,insufficient_data,0.3375,0.3578,B,minor,0.5169,0.4721635169572621,0.7554616271316194,True,2,True,chr22:26540595:G:A,26540595.0,G,A,A,0.9999940391390134,1.0,0.0,193.0,+,+,reduces_event,True,0.0,8.0,0.0,12.0,20.0,,,,chi2_cross_event
scotch_target,Monocytes,ENSG00000128294,TPST2,chr22,1138,381,8,A,70.4,0.0228,0.0669,-1,-1,TPST2_Other,TPST2_Other,TPST2_Other,junction:26536486-26540788,junction,26536486,26540788,4302,201.82,396.24,193.18,346.76,0.0,0.0,598.06,0.0,0.0,539.94,,,,insufficient_data,0.3375,0.3578,B,minor,0.5169,0.4721635169572621,0.7554616271316194,True,2,False,chr22:26540799:G:A,26540799.0,G,A,A,0.9999940391390134,1.0,11.0,11.0,+,+,reduces_event,True,24.0,31.0,49.0,43.0,147.0,1.2755,0.25874306236951294,0.4528003591466477,chi2_cross_event
scotch_target,Monocytes,ENSG00000128294,TPST2,chr22,1138,381,8,A,70.4,0.0228,0.0669,-1,-1,TPST2_Other,TPST2_Other,TPST2_Other,junction:26541718-26544603,junction,26541718,26544603,2885,186.88,411.19,180.12,359.81,40.91,0.0,557.15,23.09,0.0,516.85,,,,insufficient_data,0.3125,0.3336,B,minor,0.58,0.4463307973483781,0.7554616271316194,False,0,False,,,,,,,,,,,,,False,,,,,,,,,
scotch_target,Monocytes,ENSG00000128294,TPST2,chr22,1138,381,8,A,70.4,0.0228,0.0669,-1,-1,TPST2_Other,TPST2_Other,TPST2_Other,junction:26544675-26565223,junction,26544675,26565223,20548,117.11,480.95,117.89,422.05,0.0,0.0,598.06,0.0,0.0,539.94,,,,insufficient_data,0.1958,0.2183,B,minor,0.8791,0.3484462057768255,0.7554616271316194,False,0,False,,,,,,,,,,,,,False,,,,,,,,,
scotch_target,Monocytes,ENSG00000128294,TPST2,chr22,1138,381,8,A,70.4,0.0228,0.0669,-1,-1,TPST2_Other,TPST2_Other,TPST2_Other,exon:26521995-26522387,exon,26521995,26522387,392,69.77,528.29,62.23,477.71,10.62,6.72,580.72,9.38,6.28,524.28,0.0063,0.9369307013912869,0.9836627847826669,chi2_hap_event,0.1167,0.1153,A,major,0.0054,0.9413275200150959,0.9413275200150959,False,0,False,,,,,,,,,,,,,False,,,,,,,,,
scotch_target,Monocytes,ENSG00000128294,TPST2,chr22,1138,381,8,A,70.4,0.0228,0.0669,-1,-1,TPST2_Other,TPST2_Other,TPST2_Other,exon:26522387-26522481,exon,26522387,26522481,94,69.77,528.29,62.23,477.71,7.96,6.72,583.38,7.04,6.28,526.62,0.0055,0.9407025270760465,0.9836627847826669,chi2_hap_event,0.1167,0.1153,A,major,0.0054,0.9413275200150959,0.9413275200150959,False,0,False,,,,,,,,,,,,,False,,,,,,,,,
scotch_target,Monocytes,ENSG00000128294,TPST2,chr22,1138,381,8,A,70.4,0.0228,0.0669,-1,-1,TPST2_Other,TPST2_Other,TPST2_Other,exon:26522481-26522905,exon,26522481,26522905,424,69.77,528.29,62.23,477.71,11.15,6.72,580.19,9.85,6.28,523.81,0.0064,0.9363308951335434,0.9836627847826669,chi2_hap_event,0.1167,0.1153,A,major,0.0054,0.9413275200150959,0.9413275200150959,False,0,False,,,,,,,,,,,,,False,,,,,,,,,
scotch_target,Monocytes,ENSG00000128294,TPST2,chr22,1138,381,8,A,70.4,0.0228,0.0669,-1,-1,TPST2_Other,TPST2_Other,TPST2_Other,exon:26522905-26523564,exon,26522905,26523564,659,69.77,528.29,62.23,477.71,5.31,7.25,585.5,4.69,6.75,528.5,0.004,0.9495991932396999,0.9836627847826669,chi2_hap_event,0.1167,0.1153,A,major,0.0054,0.9413275200150959,0.9413275200150959,False,0,False,,,,,,,,,,,,,False,,,,,,,,,
scotch_target,Monocytes,ENSG00000128294,TPST2,chr22,1138,381,8,A,70.4,0.0228,0.0669,-1,-1,TPST2_Other,TPST2_Other,TPST2_Other,exon:26523564-26525055,exon,26523564,26525055,1491,69.77,528.29,62.23,477.71,37.51,7.25,553.31,34.49,6.75,498.69,0.0004,0.9836627847826669,0.9836627847826669,chi2_hap_event,0.1167,0.1153,A,major,0.0054,0.9413275200150959,0.9413275200150959,True,1,True,chr22:26524303:T:C,26524303.0,T,C,B,0.011995203185189,0.91,0.0,739.0,-,-,reduces_event,True,25.0,0.0,24.0,0.0,49.0,,1.0,1.0,binomial_intra_event
scotch_target,Monocytes,ENSG00000128294,TPST2,chr22,1138,381,8,A,70.4,0.0228,0.0669,-1,-1,TPST2_Other,TPST2_Other,TPST2_Other,exon:26525055-26525224,exon,26525055,26525224,169,69.77,528.29,62.23,477.71,1.79,9.78,586.5,5.21,8.22,526.5,1.6768,0.1953480719249364,0.8636198756210521,chi2_hap_event,0.1167,0.1153,A,major,0.0054,0.9413275200150959,0.9413275200150959,False,0,False,,,,,,,,,,,,,False,,,,,,,,,
scotch_target,Monocytes,ENSG00000128294,TPST2,chr22,1138,381,8,A,70.4,0.0228,0.0669,-1,-1,TPST2_Other,TPST2_Other,TPST2_Other,exon:26525224-26525745,exon,26525224,26525745,521,69.77,528.29,62.23,477.71,11.3,8.77,577.99,12.7,7.23,520.0,0.2295,0.6318740854397604,0.8636198756210521,chi2_hap_event,0.1167,0.1153,A,major,0.0054,0.9413275200150959,0.9413275200150959,True,1,True,chr22:26525758:A:G,26525758.0,A,G,B,5.9608609865491405e-06,1.0,13.0,13.0,-,-,reduces_event,True,8.0,23.0,9.0,55.0,95.0,1.9604,0.16146786153026196,0.3767583435706113,chi2_cross_event
scotch_target,Monocytes,ENSG00000128294,TPST2,chr22,1138,381,8,A,70.4,0.0228,0.0669,-1,-1,TPST2_Other,TPST2_Other,TPST2_Other,exon:26535894-26536287,exon,26535894,26536287,393,14.95,583.12,13.05,526.88,11.04,6.17,580.85,8.96,2.83,528.15,0.4605,0.4973684303759398,0.8636198756210521,chi2_hap_event,0.025,0.0242,A,major,0.0078,0.9294813095250234,0.9413275200150959,True,1,True,chr22:26535908:G:A,26535908.0,G,A,A,0.9999940391390134,1.0,0.0,14.0,+,+,promotes_event,True,8.0,0.0,9.0,0.0,17.0,,1.0,1.0,binomial_intra_event
scotch_target,Monocytes,ENSG00000128294,TPST2,chr22,1138,381,8,A,70.4,0.0228,0.0669,-1,-1,TPST2_Other,TPST2_Other,TPST2_Other,exon:26590052-26590105,exon,26590052,26590105,53,70.83,527.23,63.17,476.77,61.14,1.51,535.41,48.86,0.49,490.59,0.3097,0.5778359598932201,0.8636198756210521,chi2_hap_event,0.1184,0.117,A,major,0.0056,0.9401073546336463,0.9413275200150959,False,0,False,,,,,,,,,,,,,False,,,,,,,,,
scotch_target,Monocytes,ENSG00000128294,TPST2,chr22,1138,381,8,A,70.4,0.0228,0.0669,-1,-1,TPST2_Other,TPST2_Other,TPST2_Other,exon:26590105-26590125,exon,26590105,26590125,20,70.83,527.23,63.17,476.77,20.33,1.51,576.23,19.67,0.49,519.77,0.4574,0.49884163438766516,0.8636198756210521,chi2_hap_event,0.1184,0.117,A,major,0.0056,0.9401073546336463,0.9413275200150959,False,0,False,,,,,,,,,,,,,False,,,,,,,,,
scotch_target,Monocytes,ENSG00000128294,TPST2,chr22,1138,381,8,A,70.4,0.0228,0.0669,-1,-1,TPST2_Other,TPST2_Other,TPST2_Other,exon:26590125-26590132,exon,26590125,26590132,7,69.77,528.29,62.23,477.71,8.66,1.51,587.9,8.34,0.49,531.1,0.4276,0.5131627093755909,0.8636198756210521,chi2_hap_event,0.1167,0.1153,A,major,0.0054,0.9413275200150959,0.9413275200150959,False,0,False,,,,,,,,,,,,,False,,,,,,,,,
scotch_target,Monocytes,ENSG00000128294,TPST2,chr22,1138,381,8,A,70.4,0.0228,0.0669,-1,-1,TPST2_Other,TPST2_Other,TPST2_Other,junction:26544675-26590052,junction,26544675,26590052,45377,70.83,527.23,63.17,476.77,0.01,0.0,598.06,2.99,0.0,536.94,,,,insufficient_data,0.1184,0.117,A,major,0.0056,0.9401073546336463,0.9413275200150959,True,3,False,chr22:26578964:C:T,26578964.0,C,T,A,0.9999940391390134,1.0,0.0,11088.0,+,+,promotes_event,True,0.0,10.0,0.0,10.0,20.0,,,,chi2_cross_event
scotch_target,Monocytes,ENSG00000128294,TPST2,chr22,1138,381,8,A,70.4,0.0228,0.0669,-1,-1,TPST2_Other,TPST2_Other,TPST2_Other,junction:26544675-26590052,junction,26544675,26590052,45377,70.83,527.23,63.17,476.77,0.01,0.0,598.06,2.99,0.0,536.94,,,,insufficient_data,0.1184,0.117,A,major,0.0056,0.9401073546336463,0.9413275200150959,True,3,False,chr22:26579131:G:A,26579131.0,G,A,B,5.9608609865491405e-06,1.0,0.0,10921.0,-,-,reduces_event,True,0.0,11.0,0.0,9.0,20.0,,,,chi2_cross_event
scotch_target,Monocytes,ENSG00000128294,TPST2,chr22,1138,381,8,A,70.4,0.0228,0.0669,-1,-1,TPST2_Other,TPST2_Other,TPST2_Other,junction:26544675-26590052,junction,26544675,26590052,45377,70.83,527.23,63.17,476.77,0.01,0.0,598.06,2.99,0.0,536.94,,,,insufficient_data,0.1184,0.117,A,major,0.0056,0.9401073546336463,0.9413275200150959,True,3,True,chr22:26583360:G:C,26583360.0,G,C,B,5.9608609865491405e-06,1.0,0.0,6692.0,-,-,reduces_event,True,0.0,39.0,0.0,43.0,82.0,,,,chi2_cross_event
scotch_target,Monocytes,ENSG00000184983,NDUFA6,chr22,1158,177,5,B,70.4,0.0396,0.0009,-1,-1,NDUFA6_ENST00000498737,NDUFA6_ENST00000498737,NDUFA6_ENST00000498737,exon:42085526-42086115,exon,42085526,42086115,589,420.53,118.29,482.47,136.71,106.5,1.4,430.91,126.5,1.6,491.09,0.0014,0.9699584752808857,0.9971892080103171,chi2_hap_event,0.7805,0.7792,A,minor,0.0027,0.9586169034761636,0.9599810879211615,True,1,True,chr22:42085844:G:A,42085844.0,G,A,A,0.9999940391390134,1.0,0.0,271.0,-,+,promotes_event,True,61.0,0.0,49.0,0.0,110.0,,0.29423370844429203,0.29423370844429203,binomial_intra_event
scotch_target,Monocytes,ENSG00000184983,NDUFA6,chr22,1158,177,5,B,70.4,0.0396,0.0009,-1,-1,NDUFA6_ENST00000498737,NDUFA6_ENST00000498737,NDUFA6_ENST00000498737,exon:42086115-42086314,exon,42086115,42086314,199,459.84,78.97,527.16,92.03,475.7,1.87,61.24,552.3,2.13,64.76,0.0004,0.9832098480368454,0.9971892080103171,chi2_hap_event,0.8534,0.8514,A,minor,0.0097,0.9216932817655341,0.9599810879211615,False,0,False,,,,,,,,,,,,,False,,,,,,,,,
scotch_target,Monocytes,ENSG00000184983,NDUFA6,chr22,1158,177,5,B,70.4,0.0396,0.0009,-1,-1,NDUFA6_ENST00000498737,NDUFA6_ENST00000498737,NDUFA6_ENST00000498737,exon:42087059-42087175,exon,42087059,42087175,116,459.84,78.97,527.16,92.03,444.47,16.39,77.96,511.53,20.61,87.04,0.0697,0.791729299978619,0.9971892080103171,chi2_hap_event,0.8534,0.8514,A,minor,0.0097,0.9216932817655341,0.9599810879211615,False,0,False,,,,,,,,,,,,,False,,,,,,,,,
scotch_target,Monocytes,ENSG00000184983,NDUFA6,chr22,1158,177,5,B,70.4,0.0396,0.0009,-1,-1,NDUFA6_ENST00000498737,NDUFA6_ENST00000498737,NDUFA6_ENST00000498737,exon:42087175-42087335,exon,42087175,42087335,160,39.31,499.5,44.69,574.5,11.0,35.58,492.23,10.0,43.42,565.77,0.3615,0.5476858385737873,0.9971892080103171,chi2_hap_event,0.073,0.0722,A,minor,0.0027,0.9588836073145257,0.9599810879211615,False,0,False,,,,,,,,,,,,,False,,,,,,,,,
scotch_target,Monocytes,ENSG00000184983,NDUFA6,chr22,1158,177,5,B,70.4,0.0396,0.0009,-1,-1,NDUFA6_ENST00000498737,NDUFA6_ENST00000498737,NDUFA6_ENST00000498737,exon:42090605-42090772,exon,42090605,42090772,167,420.53,118.29,482.47,136.71,449.46,0.47,88.89,514.54,0.53,104.11,0.0,0.9971892080103171,0.9971892080103171,chi2_hap_event,0.7805,0.7792,A,minor,0.0027,0.9586169034761636,0.9599810879211615,False,0,False,,,,,,,,,,,,,False,,,,,,,,,
scotch_target,Monocytes,ENSG00000184983,NDUFA6,chr22,1158,177,5,B,70.4,0.0396,0.0009,-1,-1,NDUFA6_ENST00000498737,NDUFA6_ENST00000498737,NDUFA6_ENST00000498737,exon:42090772-42090884,exon,42090772,42090884,112,9.2,529.62,10.8,608.38,1.87,0.47,536.48,2.13,0.53,616.53,,,,insufficient_data,0.0171,0.0174,B,major,0.0025,0.9599810879211615,0.9599810879211615,False,0,False,,,,,,,,,,,,,False,,,,,,,,,
scotch_target,Monocytes,ENSG00000184983,NDUFA6,chr22,1158,177,5,B,70.4,0.0396,0.0009,-1,-1,NDUFA6_ENST00000498737,NDUFA6_ENST00000498737,NDUFA6_ENST00000498737,junction:42086314-42087059,junction,42086314,42087059,745,459.84,78.97,527.16,92.03,1.4,1.4,536.01,1.6,1.6,615.99,,,,insufficient_data,0.8534,0.8514,A,minor,0.0097,0.9216932817655341,0.9599810879211615,False,0,False,,,,,,,,,,,,,False,,,,,,,,,
scotch_target,Monocytes,ENSG00000184983,NDUFA6,chr22,1158,177,5,B,70.4,0.0396,0.0009,-1,-1,NDUFA6_ENST00000498737,NDUFA6_ENST00000498737,NDUFA6_ENST00000498737,junction:42087175-42090605,junction,42087175,42090605,3430,420.53,118.29,482.47,136.71,0.0,0.0,538.82,0.0,0.0,619.19,,,,insufficient_data,0.7805,0.7792,A,minor,0.0027,0.9586169034761636,0.9599810879211615,True,4,True,chr22:42087736:C:G,42087736.0,C,G,A,0.9999940391390134,1.0,0.0,561.0,-,+,promotes_event,True,0.0,20.0,0.0,16.0,36.0,,,,chi2_cross_event
scotch_target,Monocytes,ENSG00000184983,NDUFA6,chr22,1158,177,5,B,70.4,0.0396,0.0009,-1,-1,NDUFA6_ENST00000498737,NDUFA6_ENST00000498737,NDUFA6_ENST00000498737,junction:42087175-42090605,junction,42087175,42090605,3430,420.53,118.29,482.47,136.71,0.0,0.0,538.82,0.0,0.0,619.19,,,,insufficient_data,0.7805,0.7792,A,minor,0.0027,0.9586169034761636,0.9599810879211615,True,4,False,chr22:42089287:T:C,42089287.0,T,C,B,5.9608609865491405e-06,1.0,0.0,1318.0,+,-,reduces_event,True,0.0,6.0,0.0,9.0,15.0,,,,chi2_cross_event
scotch_target,Monocytes,ENSG00000184983,NDUFA6,chr22,1158,177,5,B,70.4,0.0396,0.0009,-1,-1,NDUFA6_ENST00000498737,NDUFA6_ENST00000498737,NDUFA6_ENST00000498737,junction:42087175-42090605,junction,42087175,42090605,3430,420.53,118.29,482.47,136.71,0.0,0.0,538.82,0.0,0.0,619.19,,,,insufficient_data,0.7805,0.7792,A,minor,0.0027,0.9586169034761636,0.9599810879211615,True,4,False,chr22:42089666:T:C,42089666.0,T,C,B,5.9608609865491405e-06,1.0,0.0,939.0,+,-,reduces_event,True,0.0,12.0,0.0,10.0,22.0,,,,chi2_cross_event
scotch_target,Monocytes,ENSG00000184983,NDUFA6,chr22,1158,177,5,B,70.4,0.0396,0.0009,-1,-1,NDUFA6_ENST00000498737,NDUFA6_ENST00000498737,NDUFA6_ENST00000498737,junction:42087175-42090605,junction,42087175,42090605,3430,420.53,118.29,482.47,136.71,0.0,0.0,538.82,0.0,0.0,619.19,,,,insufficient_data,0.7805,0.7792,A,minor,0.0027,0.9586169034761636,0.9599810879211615,True,4,False,chr22:42090033:T:A,42090033.0,T,A,B,5.9608609865491405e-06,1.0,0.0,572.0,+,-,reduces_event,True,0.0,10.0,0.0,11.0,21.0,,,,chi2_cross_event
scotch_target,Monocytes,ENSG00000185651,UBE2L3,chr22,2426,226,7,B,70.4,0.0511,0.0072,-1,0,UBE2L3_Other,UBE2L3_Other,UBE2L3_Other,exon:21549446-21549650,exon,21549446,21549650,204,97.46,946.33,125.54,1256.67,0.0,1.3,1042.49,0.0,2.7,1379.51,,,,insufficient_data,0.0934,0.0908,A,minor,0.046,0.8302555812528943,0.9930811025536566,False,0,False,,,,,,,,,,,,,False,,,,,,,,,
scotch_target,Monocytes,ENSG00000185651,UBE2L3,chr22,2426,226,7,B,70.4,0.0511,0.0072,-1,0,UBE2L3_Other,UBE2L3_Other,UBE2L3_Other,exon:21567546-21567729,exon,21567546,21567729,183,182.3,861.48,239.7,1142.52,9.94,1.73,1032.12,13.06,3.27,1365.88,0.1262,0.7224568558861186,0.9409047953305729,chi2_hap_event,0.1747,0.1734,A,minor,0.0064,0.9363028991864575,0.9930811025536566,False,0,False,,,,,,,,,,,,,False,,,,,,,,,
scotch_target,Monocytes,ENSG00000185651,UBE2L3,chr22,2426,226,7,B,70.4,0.0511,0.0072,-1,0,UBE2L3_Other,UBE2L3_Other,UBE2L3_Other,exon:21567729-21567771,exon,21567729,21567771,42,182.3,861.48,239.7,1142.52,588.82,1.73,453.24,773.18,3.27,605.76,0.1527,0.695993337273723,0.9409047953305729,chi2_hap_event,0.1747,0.1734,A,minor,0.0064,0.9363028991864575,0.9930811025536566,False,0,False,,,,,,,,,,,,,False,,,,,,,,,
scotch_target,Monocytes,ENSG00000185651,UBE2L3,chr22,2426,226,7,B,70.4,0.0511,0.0072,-1,0,UBE2L3_Other,UBE2L3_Other,UBE2L3_Other,exon:21592860-21592956,exon,21592860,21592956,96,277.17,766.62,361.83,1020.38,594.87,8.25,440.67,781.13,11.75,589.33,0.0309,0.8604435083215548,0.9409047953305729,chi2_hap_event,0.2655,0.2618,A,minor,0.0434,0.8349100263883895,0.9930811025536566,False,0,False,,,,,,,,,,,,,False,,,,,,,,,
scotch_target,Monocytes,ENSG00000185651,UBE2L3,chr22,2426,226,7,B,70.4,0.0511,0.0072,-1,0,UBE2L3_Other,UBE2L3_Other,UBE2L3_Other,exon:21610856-21611043,exon,21610856,21611043,187,279.76,764.03,365.24,1016.97,690.65,3.07,350.06,903.35,4.93,473.94,0.0795,0.7779120585195352,0.9409047953305729,chi2_hap_event,0.268,0.2642,A,minor,0.0436,0.8346348659523338,0.9930811025536566,True,1,True,chr22:21611047:G:A,21611047.0,G,A,B,5.9608609865491405e-06,1.0,0.0,4.0,+,+,reduces_event,True,2.0,7.0,0.0,7.0,16.0,1.7778,0.18242243945173195,0.18242243945173195,chi2_cross_event
scotch_target,Monocytes,ENSG00000185651,UBE2L3,chr22,2426,226,7,B,70.4,0.0511,0.0072,-1,0,UBE2L3_Other,UBE2L3_Other,UBE2L3_Other,exon:21621514-21621870,exon,21621514,21621870,356,279.76,764.03,365.24,1016.97,678.78,2.21,362.8,891.22,3.79,487.2,0.1019,0.7495701574373166,0.9409047953305729,chi2_hap_event,0.268,0.2642,A,minor,0.0436,0.8346348659523338,0.9930811025536566,False,0,False,,,,,,,,,,,,,False,,,,,,,,,
scotch_target,Monocytes,ENSG00000185651,UBE2L3,chr22,2426,226,7,B,70.4,0.0511,0.0072,-1,0,UBE2L3_Other,UBE2L3_Other,UBE2L3_Other,exon:21621870-21622939,exon,21621870,21622939,1069,279.76,764.03,365.24,1016.97,129.6,4.37,909.82,171.4,6.63,1204.18,0.0491,0.8246384927027693,0.9409047953305729,chi2_hap_event,0.268,0.2642,A,minor,0.0436,0.8346348659523338,0.9930811025536566,False,0,False,,,,,,,,,,,,,False,,,,,,,,,
scotch_target,Monocytes,ENSG00000185651,UBE2L3,chr22,2426,226,7,B,70.4,0.0511,0.0072,-1,0,UBE2L3_Other,UBE2L3_Other,UBE2L3_Other,exon:21622939-21624034,exon,21622939,21624034,1095,279.76,764.03,365.24,1016.97,17.71,3.93,1022.14,23.29,6.07,1352.86,0.049,0.8247554962640334,0.9409047953305729,chi2_hap_event,0.268,0.2642,A,minor,0.0436,0.8346348659523338,0.9930811025536566,False,0,False,,,,,,,,,,,,,False,,,,,,,,,
scotch_target,Monocytes,ENSG00000185651,UBE2L3,chr22,2426,226,7,B,70.4,0.0511,0.0072,-1,0,UBE2L3_Other,UBE2L3_Other,UBE2L3_Other,junction:21549650-21592860,junction,21549650,21592860,43210,97.46,946.33,125.54,1256.67,0.0,0.0,1043.79,0.0,0.0,1382.21,,,,insufficient_data,0.0934,0.0908,A,minor,0.046,0.8302555812528943,0.9930811025536566,True,5,False,chr22:21582688:T:C,21582688.0,T,C,A,0.8902501675920234,0.5,0.0,10172.0,-,-,promotes_event,True,0.0,19.0,0.0,11.0,30.0,,,,chi2_cross_event
scotch_target,Monocytes,ENSG00000185651,UBE2L3,chr22,2426,226,7,B,70.4,0.0511,0.0072,-1,0,UBE2L3_Other,UBE2L3_Other,UBE2L3_Other,junction:21549650-21592860,junction,21549650,21592860,43210,97.46,946.33,125.54,1256.67,0.0,0.0,1043.79,0.0,0.0,1382.21,,,,insufficient_data,0.0934,0.0908,A,minor,0.046,0.8302555812528943,0.9930811025536566,True,5,False,chr22:21582715:A:G,21582715.0,A,G,A,0.9999940391390134,1.0,0.0,10145.0,-,-,promotes_event,True,0.0,25.0,0.0,10.0,35.0,,,,chi2_cross_event
scotch_target,Monocytes,ENSG00000185651,UBE2L3,chr22,2426,226,7,B,70.4,0.0511,0.0072,-1,0,UBE2L3_Other,UBE2L3_Other,UBE2L3_Other,junction:21549650-21592860,junction,21549650,21592860,43210,97.46,946.33,125.54,1256.67,0.0,0.0,1043.79,0.0,0.0,1382.21,,,,insufficient_data,0.0934,0.0908,A,minor,0.046,0.8302555812528943,0.9930811025536566,True,5,False,chr22:21582769:T:C,21582769.0,T,C,A,0.9905167466210992,0.92,0.0,10091.0,-,-,promotes_event,True,0.0,27.0,0.0,8.0,35.0,,,,chi2_cross_event
scotch_target,Monocytes,ENSG00000185651,UBE2L3,chr22,2426,226,7,B,70.4,0.0511,0.0072,-1,0,UBE2L3_Other,UBE2L3_Other,UBE2L3_Other,junction:21549650-21592860,junction,21549650,21592860,43210,97.46,946.33,125.54,1256.67,0.0,0.0,1043.79,0.0,0.0,1382.21,,,,insufficient_data,0.0934,0.0908,A,minor,0.046,0.8302555812528943,0.9930811025536566,True,5,False,chr22:21587322:C:T,21587322.0,C,T,B,5.9608609865491405e-06,1.0,0.0,5538.0,+,+,reduces_event,True,0.0,9.0,0.0,11.0,20.0,,,,chi2_cross_event
scotch_target,Monocytes,ENSG00000185651,UBE2L3,chr22,2426,226,7,B,70.4,0.0511,0.0072,-1,0,UBE2L3_Other,UBE2L3_Other,UBE2L3_Other,junction:21549650-21592860,junction,21549650,21592860,43210,97.46,946.33,125.54,1256.67,0.0,0.0,1043.79,0.0,0.0,1382.21,,,,insufficient_data,0.0934,0.0908,A,minor,0.046,0.8302555812528943,0.9930811025536566,True,5,True,chr22:21587474:C:G,21587474.0,C,G,B,5.9608609865491405e-06,1.0,0.0,5386.0,+,+,reduces_event,True,0.0,6.0,0.0,8.0,14.0,,,,chi2_cross_event
scotch_target,Monocytes,ENSG00000185651,UBE2L3,chr22,2426,226,7,B,70.4,0.0511,0.0072,-1,0,UBE2L3_Other,UBE2L3_Other,UBE2L3_Other,junction:21567771-21592860,junction,21567771,21592860,25089,179.71,864.07,236.29,1145.93,3.46,0.0,1040.33,4.54,0.0,1377.67,,,,insufficient_data,0.1722,0.1709,A,minor,0.0063,0.9368506532946926,0.9930811025536566,True,5,False,chr22:21582688:T:C,21582688.0,T,C,A,0.8902501675920234,0.5,0.0,10172.0,-,-,promotes_event,True,0.0,19.0,0.0,11.0,30.0,,,,chi2_cross_event
scotch_target,Monocytes,ENSG00000185651,UBE2L3,chr22,2426,226,7,B,70.4,0.0511,0.0072,-1,0,UBE2L3_Other,UBE2L3_Other,UBE2L3_Other,junction:21567771-21592860,junction,21567771,21592860,25089,179.71,864.07,236.29,1145.93,3.46,0.0,1040.33,4.54,0.0,1377.67,,,,insufficient_data,0.1722,0.1709,A,minor,0.0063,0.9368506532946926,0.9930811025536566,True,5,False,chr22:21582715:A:G,21582715.0,A,G,A,0.9999940391390134,1.0,0.0,10145.0,-,-,promotes_event,True,0.0,25.0,0.0,10.0,35.0,,,,chi2_cross_event
scotch_target,Monocytes,ENSG00000185651,UBE2L3,chr22,2426,226,7,B,70.4,0.0511,0.0072,-1,0,UBE2L3_Other,UBE2L3_Other,UBE2L3_Other,junction:21567771-21592860,junction,21567771,21592860,25089,179.71,864.07,236.29,1145.93,3.46,0.0,1040.33,4.54,0.0,1377.67,,,,insufficient_data,0.1722,0.1709,A,minor,0.0063,0.9368506532946926,0.9930811025536566,True,5,False,chr22:21582769:T:C,21582769.0,T,C,A,0.9905167466210992,0.92,0.0,10091.0,-,-,promotes_event,True,0.0,27.0,0.0,8.0,35.0,,,,chi2_cross_event
scotch_target,Monocytes,ENSG00000185651,UBE2L3,chr22,2426,226,7,B,70.4,0.0511,0.0072,-1,0,UBE2L3_Other,UBE2L3_Other,UBE2L3_Other,junction:21567771-21592860,junction,21567771,21592860,25089,179.71,864.07,236.29,1145.93,3.46,0.0,1040.33,4.54,0.0,1377.67,,,,insufficient_data,0.1722,0.1709,A,minor,0.0063,0.9368506532946926,0.9930811025536566,True,5,False,chr22:21587322:C:T,21587322.0,C,T,B,5.9608609865491405e-06,1.0,0.0,5538.0,+,+,reduces_event,True,0.0,9.0,0.0,11.0,20.0,,,,chi2_cross_event
scotch_target,Monocytes,ENSG00000185651,UBE2L3,chr22,2426,226,7,B,70.4,0.0511,0.0072,-1,0,UBE2L3_Other,UBE2L3_Other,UBE2L3_Other,junction:21567771-21592860,junction,21567771,21592860,25089,179.71,864.07,236.29,1145.93,3.46,0.0,1040.33,4.54,0.0,1377.67,,,,insufficient_data,0.1722,0.1709,A,minor,0.0063,0.9368506532946926,0.9930811025536566,True,5,True,chr22:21587474:C:G,21587474.0,C,G,B,5.9608609865491405e-06,1.0,0.0,5386.0,+,+,reduces_event,True,0.0,6.0,0.0,8.0,14.0,,,,chi2_cross_event
scotch_target,Monocytes,ENSG00000185651,UBE2L3,chr22,2426,226,7,B,70.4,0.0511,0.0072,-1,0,UBE2L3_Other,UBE2L3_Other,UBE2L3_Other,junction:21567771-21610856,junction,21567771,21610856,43085,2.59,1041.19,3.41,1378.81,0.0,7.78,1036.01,0.0,10.22,1371.99,,,,insufficient_data,0.0025,0.0025,B,major,0.0001,0.9930811025536566,0.9930811025536566,True,5,True,chr22:21582688:T:C,21582688.0,T,C,A,0.8902501675920234,0.5,0.0,14917.0,-,-,reduces_event,True,0.0,19.0,0.0,11.0,30.0,,,,chi2_cross_event
scotch_target,Monocytes,ENSG00000185651,UBE2L3,chr22,2426,226,7,B,70.4,0.0511,0.0072,-1,0,UBE2L3_Other,UBE2L3_Other,UBE2L3_Other,junction:21567771-21610856,junction,21567771,21610856,43085,2.59,1041.19,3.41,1378.81,0.0,7.78,1036.01,0.0,10.22,1371.99,,,,insufficient_data,0.0025,0.0025,B,major,0.0001,0.9930811025536566,0.9930811025536566,True,5,False,chr22:21582715:A:G,21582715.0,A,G,A,0.9999940391390134,1.0,0.0,14944.0,-,-,reduces_event,True,0.0,25.0,0.0,10.0,35.0,,,,chi2_cross_event
scotch_target,Monocytes,ENSG00000185651,UBE2L3,chr22,2426,226,7,B,70.4,0.0511,0.0072,-1,0,UBE2L3_Other,UBE2L3_Other,UBE2L3_Other,junction:21567771-21610856,junction,21567771,21610856,43085,2.59,1041.19,3.41,1378.81,0.0,7.78,1036.01,0.0,10.22,1371.99,,,,insufficient_data,0.0025,0.0025,B,major,0.0001,0.9930811025536566,0.9930811025536566,True,5,False,chr22:21582769:T:C,21582769.0,T,C,A,0.9905167466210992,0.92,0.0,14998.0,-,-,reduces_event,True,0.0,27.0,0.0,8.0,35.0,,,,chi2_cross_event
scotch_target,Monocytes,ENSG00000185651,UBE2L3,chr22,2426,226,7,B,70.4,0.0511,0.0072,-1,0,UBE2L3_Other,UBE2L3_Other,UBE2L3_Other,junction:21567771-21610856,junction,21567771,21610856,43085,2.59,1041.19,3.41,1378.81,0.0,7.78,1036.01,0.0,10.22,1371.99,,,,insufficient_data,0.0025,0.0025,B,major,0.0001,0.9930811025536566,0.9930811025536566,True,5,False,chr22:21587322:C:T,21587322.0,C,T,B,5.9608609865491405e-06,1.0,0.0,19551.0,+,+,promotes_event,True,0.0,9.0,0.0,11.0,20.0,,,,chi2_cross_event
scotch_target,Monocytes,ENSG00000185651,UBE2L3,chr22,2426,226,7,B,70.4,0.0511,0.0072,-1,0,UBE2L3_Other,UBE2L3_Other,UBE2L3_Other,junction:21567771-21610856,junction,21567771,21610856,43085,2.59,1041.19,3.41,1378.81,0.0,7.78,1036.01,0.0,10.22,1371.99,,,,insufficient_data,0.0025,0.0025,B,major,0.0001,0.9930811025536566,0.9930811025536566,True,5,False,chr22:21587474:C:G,21587474.0,C,G,B,5.9608609865491405e-06,1.0,0.0,19703.0,+,+,promotes_event,True,0.0,6.0,0.0,8.0,14.0,,,,chi2_cross_event
scotch_target,Monocytes,ENSG00000185651,UBE2L3,chr22,2426,226,7,B,70.4,0.0511,0.0072,-1,0,UBE2L3_Other,UBE2L3_Other,UBE2L3_Other,junction:21592956-21610856,junction,21592956,21610856,17900,277.17,766.62,361.83,1020.38,0.0,0.0,1043.79,0.0,0.0,1382.21,,,,insufficient_data,0.2655,0.2618,A,minor,0.0434,0.8349100263883895,0.9930811025536566,False,0,False,,,,,,,,,,,,,False,,,,,,,,,
scotch_target,Monocytes,ENSG00000185651,UBE2L3,chr22,2426,226,7,B,70.4,0.0511,0.0072,-1,0,UBE2L3_Other,UBE2L3_Other,UBE2L3_Other,junction:21611043-21621514,junction,21611043,21621514,10471,279.76,764.03,365.24,1016.97,0.43,9.08,1034.27,0.57,13.92,1367.73,0.0055,0.9409047953305729,0.9409047953305729,chi2_hap_event,0.268,0.2642,A,minor,0.0436,0.8346348659523338,0.9930811025536566,True,2,True,chr22:21611047:G:A,21611047.0,G,A,B,5.9608609865491405e-06,1.0,0.0,4.0,+,+,reduces_event,True,2.0,7.0,0.0,7.0,16.0,1.7778,0.18242243945173195,0.18242243945173195,chi2_cross_event
scotch_target,Monocytes,ENSG00000185651,UBE2L3,chr22,2426,226,7,B,70.4,0.0511,0.0072,-1,0,UBE2L3_Other,UBE2L3_Other,UBE2L3_Other,junction:21611043-21621514,junction,21611043,21621514,10471,279.76,764.03,365.24,1016.97,0.43,9.08,1034.27,0.57,13.92,1367.73,0.0055,0.9409047953305729,0.9409047953305729,chi2_hap_event,0.268,0.2642,A,minor,0.0436,0.8346348659523338,0.9930811025536566,True,2,False,chr22:21613105:C:T,21613105.0,C,T,B,5.9608609865491405e-06,1.0,0.0,2062.0,+,+,reduces_event,True,0.0,28.0,0.0,37.0,65.0,,,,chi2_cross_event
scotch_target,Monocytes,ENSG00000198089,SFI1,chr22,274,91,10,B,70.4,0.1478,0.0173,-1,0,SFI1_Other,SFI1_Other,SFI1_Other,exon:31496386-31496463,exon,31496386,31496463,77,1.87,118.44,4.13,149.56,0.94,0.93,118.44,2.06,1.07,150.56,,,,insufficient_data,0.0155,0.0269,B,major,0.4022,0.5259377730916797,0.9990680698410918,False,0,False,,,,,,,,,,,,,False,,,,,,,,,
scotch_target,Monocytes,ENSG00000198089,SFI1,chr22,274,91,10,B,70.4,0.1478,0.0173,-1,0,SFI1_Other,SFI1_Other,SFI1_Other,exon:31496463-31496518,exon,31496463,31496518,55,1.87,118.44,4.13,149.56,0.94,0.93,118.44,2.06,1.07,150.56,,,,insufficient_data,0.0155,0.0269,B,major,0.4022,0.5259377730916797,0.9990680698410918,False,0,False,,,,,,,,,,,,,False,,,,,,,,,
scotch_target,Monocytes,ENSG00000198089,SFI1,chr22,274,91,10,B,70.4,0.1478,0.0173,-1,0,SFI1_Other,SFI1_Other,SFI1_Other,exon:31496518-31496535,exon,31496518,31496535,17,1.87,118.44,4.13,149.56,0.94,0.93,118.44,2.06,1.07,150.56,,,,insufficient_data,0.0155,0.0269,B,major,0.4022,0.5259377730916797,0.9990680698410918,False,0,False,,,,,,,,,,,,,False,,,,,,,,,
scotch_target,Monocytes,ENSG00000198089,SFI1,chr22,274,91,10,B,70.4,0.1478,0.0173,-1,0,SFI1_Other,SFI1_Other,SFI1_Other,exon:31496537-31496557,exon,31496537,31496557,20,2.34,117.97,4.66,149.03,1.41,0.93,117.97,3.59,1.07,149.03,,,,insufficient_data,0.0194,0.0303,B,major,0.3229,0.5698490570866404,0.9990680698410918,False,0,False,,,,,,,,,,,,,False,,,,,,,,,
scotch_target,Monocytes,ENSG00000198089,SFI1,chr22,274,91,10,B,70.4,0.1478,0.0173,-1,0,SFI1_Other,SFI1_Other,SFI1_Other,exon:31496557-31496582,exon,31496557,31496582,25,2.34,117.97,4.66,149.03,2.87,0.93,116.51,4.13,1.07,148.49,,,,insufficient_data,0.0194,0.0303,B,major,0.3229,0.5698490570866404,0.9990680698410918,False,0,False,,,,,,,,,,,,,False,,,,,,,,,
scotch_target,Monocytes,ENSG00000198089,SFI1,chr22,274,91,10,B,70.4,0.1478,0.0173,-1,0,SFI1_Other,SFI1_Other,SFI1_Other,exon:31496582-31496637,exon,31496582,31496637,55,3.27,117.04,5.73,147.96,2.87,0.93,116.51,4.13,1.07,148.49,,,,insufficient_data,0.0272,0.0373,B,major,0.2187,0.6400329700161439,0.9990680698410918,False,0,False,,,,,,,,,,,,,False,,,,,,,,,
scotch_target,Monocytes,ENSG00000198089,SFI1,chr22,274,91,10,B,70.4,0.1478,0.0173,-1,0,SFI1_Other,SFI1_Other,SFI1_Other,exon:31508258-31508284,exon,31508258,31508284,26,3.27,117.04,5.73,147.96,2.87,0.93,116.51,4.13,1.07,148.49,,,,insufficient_data,0.0272,0.0373,B,major,0.2187,0.6400329700161439,0.9990680698410918,False,0,False,,,,,,,,,,,,,False,,,,,,,,,
scotch_target,Monocytes,ENSG00000198089,SFI1,chr22,274,91,10,B,70.4,0.1478,0.0173,-1,0,SFI1_Other,SFI1_Other,SFI1_Other,exon:31508284-31508376,exon,31508284,31508376,92,3.27,117.04,5.73,147.96,2.87,0.93,116.51,4.13,1.07,148.49,,,,insufficient_data,0.0272,0.0373,B,major,0.2187,0.6400329700161439,0.9990680698410918,False,0,False,,,,,,,,,,,,,False,,,,,,,,,
scotch_target,Monocytes,ENSG00000198089,SFI1,chr22,274,91,10,B,70.4,0.1478,0.0173,-1,0,SFI1_Other,SFI1_Other,SFI1_Other,exon:31528689-31528740,exon,31528689,31528740,51,2.34,117.97,4.66,149.03,2.41,2.34,115.56,4.59,3.66,145.44,0.0303,0.8618416858925083,0.930789020763909,chi2_hap_event,0.0194,0.0303,B,major,0.3229,0.5698490570866404,0.9990680698410918,False,0,False,,,,,,,,,,,,,False,,,,,,,,,
scotch_target,Monocytes,ENSG00000198089,SFI1,chr22,274,91,10,B,70.4,0.1478,0.0173,-1,0,SFI1_Other,SFI1_Other,SFI1_Other,exon:31528744-31528819,exon,31528744,31528819,75,2.34,117.97,4.66,149.03,2.41,2.34,115.56,4.59,3.66,145.44,0.0303,0.8618416858925083,0.930789020763909,chi2_hap_event,0.0194,0.0303,B,major,0.3229,0.5698490570866404,0.9990680698410918,False,0,False,,,,,,,,,,,,,False,,,,,,,,,
scotch_target,Monocytes,ENSG00000198089,SFI1,chr22,274,91,10,B,70.4,0.1478,0.0173,-1,0,SFI1_Other,SFI1_Other,SFI1_Other,exon:31528819-31528835,exon,31528819,31528835,16,3.27,117.04,5.73,147.96,2.41,2.34,115.56,4.59,3.66,145.44,0.0303,0.8618416858925083,0.930789020763909,chi2_hap_event,0.0272,0.0373,B,major,0.2187,0.6400329700161439,0.9990680698410918,False,0,False,,,,,,,,,,,,,False,,,,,,,,,
scotch_target,Monocytes,ENSG00000198089,SFI1,chr22,274,91,10,B,70.4,0.1478,0.0173,-1,0,SFI1_Other,SFI1_Other,SFI1_Other,exon:31528835-31528863,exon,31528835,31528863,28,3.27,117.04,5.73,147.96,2.41,2.34,115.56,4.59,3.66,145.44,0.0303,0.8618416858925083,0.930789020763909,chi2_hap_event,0.0272,0.0373,B,major,0.2187,0.6400329700161439,0.9990680698410918,False,0,False,,,,,,,,,,,,,False,,,,,,,,,
scotch_target,Monocytes,ENSG00000198089,SFI1,chr22,274,91,10,B,70.4,0.1478,0.0173,-1,0,SFI1_Other,SFI1_Other,SFI1_Other,exon:31531057-31531105,exon,31531057,31531105,48,2.33,117.98,2.68,151.02,4.33,4.72,111.26,3.67,6.28,143.74,0.2345,0.628222395792949,0.930789020763909,chi2_hap_event,0.0194,0.0174,A,minor,0.0139,0.9061731062657693,0.9990680698410918,False,0,False,,,,,,,,,,,,,False,,,,,,,,,
scotch_target,Monocytes,ENSG00000198089,SFI1,chr22,274,91,10,B,70.4,0.1478,0.0173,-1,0,SFI1_Other,SFI1_Other,SFI1_Other,exon:31531105-31531129,exon,31531105,31531129,24,2.33,117.98,2.68,151.02,4.8,4.72,110.79,4.2,6.28,143.21,0.2142,0.6434926571503421,0.930789020763909,chi2_hap_event,0.0194,0.0174,A,minor,0.0139,0.9061731062657693,0.9990680698410918,False,0,False,,,,,,,,,,,,,False,,,,,,,,,
scotch_target,Monocytes,ENSG00000198089,SFI1,chr22,274,91,10,B,70.4,0.1478,0.0173,-1,0,SFI1_Other,SFI1_Other,SFI1_Other,exon:31546860-31546971,exon,31546860,31546971,111,4.2,116.11,6.8,146.89,3.34,1.86,115.11,5.66,2.14,145.89,0.1027,0.7486078596932153,0.930789020763909,chi2_hap_event,0.0349,0.0442,B,major,0.154,0.6947137420622078,0.9990680698410918,False,0,False,,,,,,,,,,,,,False,,,,,,,,,
scotch_target,Monocytes,ENSG00000198089,SFI1,chr22,274,91,10,B,70.4,0.1478,0.0173,-1,0,SFI1_Other,SFI1_Other,SFI1_Other,exon:31550253-31550348,exon,31550253,31550348,95,3.27,117.04,5.73,147.96,4.27,1.86,114.18,6.73,2.14,144.82,0.0723,0.7879837827365908,0.930789020763909,chi2_hap_event,0.0272,0.0373,B,major,0.2187,0.6400329700161439,0.9990680698410918,False,0,False,,,,,,,,,,,,,False,,,,,,,,,
scotch_target,Monocytes,ENSG00000198089,SFI1,chr22,274,91,10,B,70.4,0.1478,0.0173,-1,0,SFI1_Other,SFI1_Other,SFI1_Other,exon:31556941-31557059,exon,31556941,31557059,118,2.34,117.97,4.66,149.03,4.73,1.4,114.18,7.27,1.6,144.82,0.0497,0.8235473941661591,0.930789020763909,chi2_hap_event,0.0194,0.0303,B,major,0.3229,0.5698490570866404,0.9990680698410918,False,0,False,,,,,,,,,,,,,False,,,,,,,,,
scotch_target,Monocytes,ENSG00000198089,SFI1,chr22,274,91,10,B,70.4,0.1478,0.0173,-1,0,SFI1_Other,SFI1_Other,SFI1_Other,exon:31561289-31561333,exon,31561289,31561333,44,3.27,117.04,5.73,147.96,1.94,1.4,116.97,4.06,1.6,148.03,,,,insufficient_data,0.0272,0.0373,B,major,0.2187,0.6400329700161439,0.9990680698410918,False,0,False,,,,,,,,,,,,,False,,,,,,,,,
scotch_target,Monocytes,ENSG00000198089,SFI1,chr22,274,91,10,B,70.4,0.1478,0.0173,-1,0,SFI1_Other,SFI1_Other,SFI1_Other,exon:31561333-31561392,exon,31561333,31561392,59,3.27,117.04,5.73,147.96,1.94,1.4,116.97,4.06,1.6,148.03,,,,insufficient_data,0.0272,0.0373,B,major,0.2187,0.6400329700161439,0.9990680698410918,False,0,False,,,,,,,,,,,,,False,,,,,,,,,
scotch_target,Monocytes,ENSG00000198089,SFI1,chr22,274,91,10,B,70.4,0.1478,0.0173,-1,0,SFI1_Other,SFI1_Other,SFI1_Other,exon:31573057-31573173,exon,31573057,31573173,116,4.26,116.04,5.74,147.95,2.41,0.47,117.44,4.59,0.54,148.56,,,,insufficient_data,0.0354,0.0373,B,major,0.0069,0.9338798474328344,0.9990680698410918,False,0,False,,,,,,,,,,,,,False,,,,,,,,,
scotch_target,Monocytes,ENSG00000198089,SFI1,chr22,274,91,10,B,70.4,0.1478,0.0173,-1,0,SFI1_Other,SFI1_Other,SFI1_Other,exon:31573173-31573214,exon,31573173,31573214,41,5.27,115.04,6.73,146.96,2.41,0.47,117.44,4.59,0.54,148.56,,,,insufficient_data,0.0438,0.0438,B,major,0.0,0.9990680698410918,0.9990680698410918,False,0,False,,,,,,,,,,,,,False,,,,,,,,,
scotch_target,Monocytes,ENSG00000198089,SFI1,chr22,274,91,10,B,70.4,0.1478,0.0173,-1,0,SFI1_Other,SFI1_Other,SFI1_Other,exon:31575230-31575392,exon,31575230,31575392,162,5.27,115.04,6.73,146.96,2.94,0.47,116.91,4.06,0.54,149.09,,,,insufficient_data,0.0438,0.0438,B,major,0.0,0.9990680698410918,0.9990680698410918,True,1,True,chr22:31575364:C:T,31575364.0,C,T,A,0.9999940391390134,1.0,0.0,28.0,-,-,reduces_event,True,3.0,0.0,2.0,0.0,5.0,,,,binomial_intra_event
scotch_target,Monocytes,ENSG00000198089,SFI1,chr22,274,91,10,B,70.4,0.1478,0.0173,-1,0,SFI1_Other,SFI1_Other,SFI1_Other,exon:31578381-31578452,exon,31578381,31578452,71,5.73,114.58,7.27,146.42,0.01,0.47,119.83,2.99,0.54,150.17,,,,insufficient_data,0.0476,0.0473,A,minor,0.0002,0.9890552592062779,0.9990680698410918,False,0,False,,,,,,,,,,,,,False,,,,,,,,,
scotch_target,Monocytes,ENSG00000198089,SFI1,chr22,274,91,10,B,70.4,0.1478,0.0173,-1,0,SFI1_Other,SFI1_Other,SFI1_Other,exon:31580271-31580364,exon,31580271,31580364,93,4.79,115.52,4.21,149.48,0.01,0.47,119.83,2.99,0.54,150.17,,,,insufficient_data,0.0398,0.0274,A,minor,0.3278,0.5669645184234617,0.9990680698410918,False,0,False,,,,,,,,,,,,,False,,,,,,,,,
scotch_target,Monocytes,ENSG00000198089,SFI1,chr22,274,91,10,B,70.4,0.1478,0.0173,-1,0,SFI1_Other,SFI1_Other,SFI1_Other,exon:31583877-31583905,exon,31583877,31583905,28,5.2,115.11,7.8,145.89,0.48,0.47,119.37,3.52,0.54,149.63,,,,insufficient_data,0.0432,0.0508,B,major,0.0843,0.7715563296490923,0.9990680698410918,False,0,False,,,,,,,,,,,,,False,,,,,,,,,
scotch_target,Monocytes,ENSG00000198089,SFI1,chr22,274,91,10,B,70.4,0.1478,0.0173,-1,0,SFI1_Other,SFI1_Other,SFI1_Other,exon:31583905-31583934,exon,31583905,31583934,29,6.13,114.18,8.87,144.82,0.48,0.47,119.37,3.52,0.54,149.63,,,,insufficient_data,0.051,0.0577,B,major,0.0593,0.8075464517397084,0.9990680698410918,False,0,False,,,,,,,,,,,,,False,,,,,,,,,
scotch_target,Monocytes,ENSG00000198089,SFI1,chr22,274,91,10,B,70.4,0.1478,0.0173,-1,0,SFI1_Other,SFI1_Other,SFI1_Other,exon:31583934-31583969,exon,31583934,31583969,35,6.13,114.18,8.87,144.82,0.47,0.47,119.38,2.54,0.54,150.62,,,,insufficient_data,0.051,0.0577,B,major,0.0593,0.8075464517397084,0.9990680698410918,False,0,False,,,,,,,,,,,,,False,,,,,,,,,
scotch_target,Monocytes,ENSG00000198089,SFI1,chr22,274,91,10,B,70.4,0.1478,0.0173,-1,0,SFI1_Other,SFI1_Other,SFI1_Other,exon:31585067-31585126,exon,31585067,31585126,59,6.13,114.18,8.87,144.82,0.0,0.47,119.84,2.0,0.54,151.16,,,,insufficient_data,0.051,0.0577,B,major,0.0593,0.8075464517397084,0.9990680698410918,False,0,False,,,,,,,,,,,,,False,,,,,,,,,
scotch_target,Monocytes,ENSG00000198089,SFI1,chr22,274,91,10,B,70.4,0.1478,0.0173,-1,0,SFI1_Other,SFI1_Other,SFI1_Other,exon:31585126-31585134,exon,31585126,31585134,8,5.67,114.64,8.33,145.36,0.0,0.47,119.84,2.0,0.54,151.16,,,,insufficient_data,0.0471,0.0542,B,major,0.0707,0.7902497129260447,0.9990680698410918,False,0,False,,,,,,,,,,,,,False,,,,,,,,,
scotch_target,Monocytes,ENSG00000198089,SFI1,chr22,274,91,10,B,70.4,0.1478,0.0173,-1,0,SFI1_Other,SFI1_Other,SFI1_Other,exon:31589446-31589577,exon,31589446,31589577,131,4.74,115.57,7.26,146.43,0.47,0.47,119.38,2.54,0.54,150.62,,,,insufficient_data,0.0394,0.0472,B,major,0.1005,0.7512159641069034,0.9990680698410918,False,0,False,,,,,,,,,,,,,False,,,,,,,,,
scotch_target,Monocytes,ENSG00000198089,SFI1,chr22,274,91,10,B,70.4,0.1478,0.0173,-1,0,SFI1_Other,SFI1_Other,SFI1_Other,exon:31602211-31602293,exon,31602211,31602293,82,4.74,115.57,7.26,146.43,2.33,0.93,117.05,4.68,1.07,147.95,,,,insufficient_data,0.0394,0.0472,B,major,0.1005,0.7512159641069034,0.9990680698410918,False,0,False,,,,,,,,,,,,,False,,,,,,,,,
scotch_target,Monocytes,ENSG00000198089,SFI1,chr22,274,91,10,B,70.4,0.1478,0.0173,-1,0,SFI1_Other,SFI1_Other,SFI1_Other,exon:31602606-31602785,exon,31602606,31602785,179,4.74,115.57,7.26,146.43,2.33,0.93,117.05,4.68,1.07,147.95,,,,insufficient_data,0.0394,0.0472,B,major,0.1005,0.7512159641069034,0.9990680698410918,False,0,False,,,,,,,,,,,,,False,,,,,,,,,
scotch_target,Monocytes,ENSG00000198089,SFI1,chr22,274,91,10,B,70.4,0.1478,0.0173,-1,0,SFI1_Other,SFI1_Other,SFI1_Other,exon:31603743-31603819,exon,31603743,31603819,76,2.8,117.51,5.2,148.49,1.4,1.4,117.51,4.6,1.6,147.49,,,,insufficient_data,0.0233,0.0338,B,major,0.264,0.6073718711483438,0.9990680698410918,False,0,False,,,,,,,,,,,,,False,,,,,,,,,
scotch_target,Monocytes,ENSG00000198089,SFI1,chr22,274,91,10,B,70.4,0.1478,0.0173,-1,0,SFI1_Other,SFI1_Other,SFI1_Other,exon:31604308-31604313,exon,31604308,31604313,5,3.27,117.04,5.73,147.96,1.4,0.93,117.97,4.6,1.07,148.03,,,,insufficient_data,0.0272,0.0373,B,major,0.2187,0.6400329700161439,0.9990680698410918,False,0,False,,,,,,,,,,,,,False,,,,,,,,,
scotch_target,Monocytes,ENSG00000198089,SFI1,chr22,274,91,10,B,70.4,0.1478,0.0173,-1,0,SFI1_Other,SFI1_Other,SFI1_Other,exon:31604313-31604404,exon,31604313,31604404,91,3.73,116.58,6.27,147.42,1.4,0.93,117.97,4.6,1.07,148.03,,,,insufficient_data,0.031,0.0408,B,major,0.1829,0.6688930258372239,0.9990680698410918,False,0,False,,,,,,,,,,,,,False,,,,,,,,,
scotch_target,Monocytes,ENSG00000198089,SFI1,chr22,274,91,10,B,70.4,0.1478,0.0173,-1,0,SFI1_Other,SFI1_Other,SFI1_Other,exon:31604868-31604945,exon,31604868,31604945,77,4.66,115.65,7.34,146.35,1.4,0.93,117.97,5.6,1.07,147.03,,,,insufficient_data,0.0387,0.0478,B,major,0.1304,0.7180577695212187,0.9990680698410918,False,0,False,,,,,,,,,,,,,False,,,,,,,,,
scotch_target,Monocytes,ENSG00000198089,SFI1,chr22,274,91,10,B,70.4,0.1478,0.0173,-1,0,SFI1_Other,SFI1_Other,SFI1_Other,exon:31606327-31606430,exon,31606327,31606430,103,4.66,115.65,7.34,146.35,2.4,0.93,116.98,5.6,2.07,146.02,0.0011,0.9740296703903121,0.9740296703903121,chi2_hap_event,0.0387,0.0478,B,major,0.1304,0.7180577695212187,0.9990680698410918,False,0,False,,,,,,,,,,,,,False,,,,,,,,,
scotch_target,Monocytes,ENSG00000198089,SFI1,chr22,274,91,10,B,70.4,0.1478,0.0173,-1,0,SFI1_Other,SFI1_Other,SFI1_Other,exon:31607936-31608033,exon,31607936,31608033,97,5.2,115.11,7.8,145.89,3.4,0.93,115.98,6.6,1.07,146.02,0.1137,0.7359887063363993,0.930789020763909,chi2_hap_event,0.0432,0.0508,B,major,0.0843,0.7715563296490923,0.9990680698410918,False,0,False,,,,,,,,,,,,,False,,,,,,,,,
scotch_target,Monocytes,ENSG00000198089,SFI1,chr22,274,91,10,B,70.4,0.1478,0.0173,-1,0,SFI1_Other,SFI1_Other,SFI1_Other,exon:31611142-31611303,exon,31611142,31611303,161,5.2,115.11,7.8,145.89,2.93,0.93,116.45,6.07,1.07,146.55,0.1395,0.7088221478077235,0.930789020763909,chi2_hap_event,0.0432,0.0508,B,major,0.0843,0.7715563296490923,0.9990680698410918,False,0,False,,,,,,,,,,,,,False,,,,,,,,,
scotch_target,Monocytes,ENSG00000198089,SFI1,chr22,274,91,10,B,70.4,0.1478,0.0173,-1,0,SFI1_Other,SFI1_Other,SFI1_Other,exon:31611769-31611801,exon,31611769,31611801,32,6.2,114.11,10.8,142.89,3.93,0.93,115.45,7.07,1.07,145.55,0.084,0.7718853477016265,0.930789020763909,chi2_hap_event,0.0515,0.0703,B,major,0.4084,0.5228038211876406,0.9990680698410918,False,0,False,,,,,,,,,,,,,False,,,,,,,,,
scotch_target,Monocytes,ENSG00000198089,SFI1,chr22,274,91,10,B,70.4,0.1478,0.0173,-1,0,SFI1_Other,SFI1_Other,SFI1_Other,exon:31611801-31611840,exon,31611801,31611840,39,6.2,114.11,10.8,142.89,4.93,0.93,114.45,9.07,1.07,143.55,0.0965,0.7560179595015062,0.930789020763909,chi2_hap_event,0.0515,0.0703,B,major,0.4084,0.5228038211876406,0.9990680698410918,False,0,False,,,,,,,,,,,,,False,,,,,,,,,
scotch_target,Monocytes,ENSG00000198089,SFI1,chr22,274,91,10,B,70.4,0.1478,0.0173,-1,0,SFI1_Other,SFI1_Other,SFI1_Other,exon:31611998-31612230,exon,31611998,31612230,232,1.46,118.85,3.54,150.15,5.91,0.94,113.46,11.09,2.06,140.54,0.0138,0.9065679150422916,0.9414359117746876,chi2_hap_event,0.0121,0.023,B,major,0.4449,0.5047645269840599,0.9990680698410918,True,1,True,chr22:31612204:C:T,31612204.0,C,T,A,0.9999940391390134,1.0,0.0,26.0,-,-,reduces_event,True,10.0,0.0,5.0,0.0,15.0,,0.30175781249999994,0.5029296874999999,binomial_intra_event
scotch_target,Monocytes,ENSG00000198089,SFI1,chr22,274,91,10,B,70.4,0.1478,0.0173,-1,0,SFI1_Other,SFI1_Other,SFI1_Other,exon:31612230-31612399,exon,31612230,31612399,169,1.46,118.85,3.54,150.15,4.98,0.94,114.39,8.02,2.06,143.61,0.0518,0.8199729945984107,0.930789020763909,chi2_hap_event,0.0121,0.023,B,major,0.4449,0.5047645269840599,0.9990680698410918,True,1,True,chr22:31612204:C:T,31612204.0,C,T,A,0.9999940391390134,1.0,26.0,26.0,-,-,reduces_event,True,3.0,7.0,1.0,4.0,15.0,0.1705,0.6797081543484926,0.6797081543484926,chi2_cross_event
scotch_target,Monocytes,ENSG00000198089,SFI1,chr22,274,91,10,B,70.4,0.1478,0.0173,-1,0,SFI1_Other,SFI1_Other,SFI1_Other,exon:31612399-31612442,exon,31612399,31612442,43,1.46,118.85,3.54,150.15,1.0,1.93,117.38,0.0,2.07,151.62,,,,insufficient_data,0.0121,0.023,B,major,0.4449,0.5047645269840599,0.9990680698410918,False,0,False,,,,,,,,,,,,,False,,,,,,,,,
scotch_target,Monocytes,ENSG00000198089,SFI1,chr22,274,91,10,B,70.4,0.1478,0.0173,-1,0,SFI1_Other,SFI1_Other,SFI1_Other,exon:31613141-31613216,exon,31613141,31613216,75,4.74,115.57,7.26,146.43,0.01,2.39,117.91,1.99,1.61,150.09,,,,insufficient_data,0.0394,0.0472,B,major,0.1005,0.7512159641069034,0.9990680698410918,False,0,False,,,,,,,,,,,,,False,,,,,,,,,
scotch_target,Monocytes,ENSG00000198089,SFI1,chr22,274,91,10,B,70.4,0.1478,0.0173,-1,0,SFI1_Other,SFI1_Other,SFI1_Other,exon:31613353-31613453,exon,31613353,31613453,100,4.74,115.57,7.26,146.43,0.01,2.39,117.91,1.99,1.61,150.09,,,,insufficient_data,0.0394,0.0472,B,major,0.1005,0.7512159641069034,0.9990680698410918,False,0,False,,,,,,,,,,,,,False,,,,,,,,,
scotch_target,Monocytes,ENSG00000198089,SFI1,chr22,274,91,10,B,70.4,0.1478,0.0173,-1,0,SFI1_Other,SFI1_Other,SFI1_Other,exon:31613453-31613530,exon,31613453,31613530,77,4.74,115.57,7.26,146.43,1.01,2.39,116.91,1.99,1.61,150.09,,,,insufficient_data,0.0394,0.0472,B,major,0.1005,0.7512159641069034,0.9990680698410918,False,0,False,,,,,,,,,,,,,False,,,,,,,,,
scotch_target,Monocytes,ENSG00000198089,SFI1,chr22,274,91,10,B,70.4,0.1478,0.0173,-1,0,SFI1_Other,SFI1_Other,SFI1_Other,exon:31613601-31613715,exon,31613601,31613715,114,4.74,115.57,7.26,146.43,1.01,2.39,116.91,1.99,1.61,150.09,,,,insufficient_data,0.0394,0.0472,B,major,0.1005,0.7512159641069034,0.9990680698410918,False,0,False,,,,,,,,,,,,,False,,,,,,,,,
scotch_target,Monocytes,ENSG00000198089,SFI1,chr22,274,91,10,B,70.4,0.1478,0.0173,-1,0,SFI1_Other,SFI1_Other,SFI1_Other,exon:31613715-31613834,exon,31613715,31613834,119,4.74,115.57,7.26,146.43,1.01,2.39,116.9,2.99,1.61,149.1,,,,insufficient_data,0.0394,0.0472,B,major,0.1005,0.7512159641069034,0.9990680698410918,False,0,False,,,,,,,,,,,,,False,,,,,,,,,
scotch_target,Monocytes,ENSG00000198089,SFI1,chr22,274,91,10,B,70.4,0.1478,0.0173,-1,0,SFI1_Other,SFI1_Other,SFI1_Other,exon:31613834-31613855,exon,31613834,31613855,21,10.32,109.99,14.68,139.01,1.01,2.39,116.9,2.99,1.61,149.1,,,,insufficient_data,0.0858,0.0955,B,major,0.0781,0.7799067014681693,0.9990680698410918,False,0,False,,,,,,,,,,,,,False,,,,,,,,,
scotch_target,Monocytes,ENSG00000198089,SFI1,chr22,274,91,10,B,70.4,0.1478,0.0173,-1,0,SFI1_Other,SFI1_Other,SFI1_Other,exon:31614370-31614385,exon,31614370,31614385,15,7.86,112.45,7.14,146.55,0.47,3.4,116.44,0.54,4.6,148.56,,,,insufficient_data,0.0653,0.0465,A,minor,0.4654,0.4951261047355775,0.9990680698410918,False,0,False,,,,,,,,,,,,,False,,,,,,,,,
scotch_target,Monocytes,ENSG00000198089,SFI1,chr22,274,91,10,B,70.4,0.1478,0.0173,-1,0,SFI1_Other,SFI1_Other,SFI1_Other,exon:31614385-31614788,exon,31614385,31614788,403,13.0,107.31,15.0,138.69,0.47,2.39,117.45,0.54,1.61,151.55,,,,insufficient_data,0.1081,0.0976,A,minor,0.0802,0.7769988596185418,0.9990680698410918,False,0,False,,,,,,,,,,,,,False,,,,,,,,,
scotch_target,Monocytes,ENSG00000198089,SFI1,chr22,274,91,10,B,70.4,0.1478,0.0173,-1,0,SFI1_Other,SFI1_Other,SFI1_Other,exon:31614788-31614860,exon,31614788,31614860,72,23.32,96.99,29.68,124.01,2.48,2.39,115.44,3.52,1.61,148.56,0.3264,0.5677745663647313,0.930789020763909,chi2_hap_event,0.1938,0.1931,A,minor,0.0002,0.9892435365880812,0.9990680698410918,False,0,False,,,,,,,,,,,,,False,,,,,,,,,
scotch_target,Monocytes,ENSG00000198089,SFI1,chr22,274,91,10,B,70.4,0.1478,0.0173,-1,0,SFI1_Other,SFI1_Other,SFI1_Other,exon:31614860-31615047,exon,31614860,31615047,187,12.0,108.31,15.0,138.69,0.0,2.39,117.92,0.0,1.61,152.08,,,,insufficient_data,0.0997,0.0976,A,minor,0.0035,0.9531544013483256,0.9990680698410918,False,0,False,,,,,,,,,,,,,False,,,,,,,,,
scotch_target,Monocytes,ENSG00000198089,SFI1,chr22,274,91,10,B,70.4,0.1478,0.0173,-1,0,SFI1_Other,SFI1_Other,SFI1_Other,exon:31615047-31615279,exon,31615047,31615279,232,22.85,97.46,29.15,124.54,4.96,2.39,112.96,6.04,1.61,146.04,0.2535,0.6146243308488248,0.930789020763909,chi2_hap_event,0.1899,0.1897,A,minor,0.0,0.9955849285304014,0.9990680698410918,False,0,False,,,,,,,,,,,,,False,,,,,,,,,
scotch_target,Monocytes,ENSG00000198089,SFI1,chr22,274,91,10,B,70.4,0.1478,0.0173,-1,0,SFI1_Other,SFI1_Other,SFI1_Other,exon:31615279-31616744,exon,31615279,31616744,1465,6.86,113.45,7.14,146.55,0.0,2.39,117.92,0.0,1.61,152.08,,,,insufficient_data,0.057,0.0465,A,minor,0.1558,0.693092562726118,0.9990680698410918,False,0,False,,,,,,,,,,,,,False,,,,,,,,,
scotch_target,Monocytes,ENSG00000198089,SFI1,chr22,274,91,10,B,70.4,0.1478,0.0173,-1,0,SFI1_Other,SFI1_Other,SFI1_Other,exon:31616744-31616877,exon,31616744,31616877,133,22.85,97.46,29.15,124.54,13.29,2.39,104.63,12.71,1.61,139.37,0.1039,0.7472302253375183,0.930789020763909,chi2_hap_event,0.1899,0.1897,A,minor,0.0,0.9955849285304014,0.9990680698410918,False,0,False,,,,,,,,,,,,,False,,,,,,,,,
scotch_target,Monocytes,ENSG00000198089,SFI1,chr22,274,91,10,B,70.4,0.1478,0.0173,-1,0,SFI1_Other,SFI1_Other,SFI1_Other,exon:31616999-31617078,exon,31616999,31617078,79,17.27,103.04,21.73,131.96,15.75,2.39,102.17,14.25,1.61,137.83,0.0747,0.7845492349332,0.930789020763909,chi2_hap_event,0.1435,0.1414,A,minor,0.0026,0.959467655946148,0.9990680698410918,False,0,False,,,,,,,,,,,,,False,,,,,,,,,
scotch_target,Monocytes,ENSG00000198089,SFI1,chr22,274,91,10,B,70.4,0.1478,0.0173,-1,0,SFI1_Other,SFI1_Other,SFI1_Other,exon:31618114-31618211,exon,31618114,31618211,97,17.27,103.04,21.73,131.96,18.04,2.85,99.41,32.96,2.15,118.59,0.9183,0.33792029415721364,0.930789020763909,chi2_hap_event,0.1435,0.1414,A,minor,0.0026,0.959467655946148,0.9990680698410918,True,1,True,chr22:31618174:G:A,31618174.0,G,A,A,0.9999940391390134,1.0,0.0,37.0,-,-,promotes_event,True,31.0,0.0,16.0,0.0,47.0,,0.03998605682605215,0.19993028413026073,binomial_intra_event
scotch_target,Monocytes,ENSG00000198089,SFI1,chr22,274,91,10,B,70.4,0.1478,0.0173,-1,0,SFI1_Other,SFI1_Other,SFI1_Other,exon:31618211-31618226,exon,31618211,31618226,15,22.85,97.46,29.15,124.54,19.44,2.85,98.01,34.56,2.15,116.99,0.8668,0.35183554669690753,0.930789020763909,chi2_hap_event,0.1899,0.1897,A,minor,0.0,0.9955849285304014,0.9990680698410918,True,1,True,chr22:31618174:G:A,31618174.0,G,A,A,0.9999940391390134,1.0,37.0,37.0,-,-,promotes_event,True,17.0,14.0,12.0,4.0,47.0,1.8153,0.17787511353087312,0.44468778382718277,chi2_cross_event
scotch_target,Monocytes,ENSG00000198089,SFI1,chr22,274,91,10,B,70.4,0.1478,0.0173,-1,0,SFI1_Other,SFI1_Other,SFI1_Other,exon:31618226-31618313,exon,31618226,31618313,87,6.86,113.45,7.14,146.55,9.89,2.85,107.56,19.11,2.15,132.44,0.9628,0.32649400830645886,0.930789020763909,chi2_hap_event,0.057,0.0465,A,minor,0.1558,0.693092562726118,0.9990680698410918,False,0,False,,,,,,,,,,,,,False,,,,,,,,,
scotch_target,Monocytes,ENSG00000198089,SFI1,chr22,274,91,10,B,70.4,0.1478,0.0173,-1,0,SFI1_Other,SFI1_Other,SFI1_Other,exon:31618313-31618446,exon,31618313,31618446,133,22.85,97.46,29.15,124.54,23.62,2.85,93.83,39.38,2.15,112.17,0.7486,0.38692927515674436,0.930789020763909,chi2_hap_event,0.1899,0.1897,A,minor,0.0,0.9955849285304014,0.9990680698410918,False,0,False,,,,,,,,,,,,,False,,,,,,,,,
scotch_target,Monocytes,ENSG00000198089,SFI1,chr22,274,91,10,B,70.4,0.1478,0.0173,-1,0,SFI1_Other,SFI1_Other,SFI1_Other,exon:31618446-31618490,exon,31618446,31618490,44,21.92,98.39,28.08,125.61,24.55,2.85,92.9,40.45,2.15,111.1,0.7278,0.3936080955688511,0.930789020763909,chi2_hap_event,0.1822,0.1827,B,major,0.0001,0.9914465555204764,0.9990680698410918,False,0,False,,,,,,,,,,,,,False,,,,,,,,,
scotch_target,Monocytes,ENSG00000198089,SFI1,chr22,274,91,10,B,70.4,0.1478,0.0173,-1,0,SFI1_Other,SFI1_Other,SFI1_Other,exon:31618490-31618510,exon,31618490,31618510,20,21.92,98.39,28.08,125.61,25.02,2.85,92.43,40.98,2.15,110.57,0.7179,0.39681755958388154,0.930789020763909,chi2_hap_event,0.1822,0.1827,B,major,0.0001,0.9914465555204764,0.9990680698410918,False,0,False,,,,,,,,,,,,,False,,,,,,,,,
scotch_target,Monocytes,ENSG00000198089,SFI1,chr22,274,91,10,B,70.4,0.1478,0.0173,-1,0,SFI1_Other,SFI1_Other,SFI1_Other,exon:31618514-31618547,exon,31618514,31618547,33,21.92,98.39,28.08,125.61,25.02,2.85,92.43,40.98,2.15,110.57,0.7179,0.39681755958388154,0.930789020763909,chi2_hap_event,0.1822,0.1827,B,major,0.0001,0.9914465555204764,0.9990680698410918,False,0,False,,,,,,,,,,,,,False,,,,,,,,,
scotch_target,Monocytes,ENSG00000198089,SFI1,chr22,274,91,10,B,70.4,0.1478,0.0173,-1,0,SFI1_Other,SFI1_Other,SFI1_Other,junction:31496637-31508254,junction,31496637,31508254,11617,3.27,117.04,5.73,147.96,0.0,0.0,120.31,0.0,0.0,153.69,,,,insufficient_data,0.0272,0.0373,B,major,0.2187,0.6400329700161439,0.9990680698410918,False,0,False,,,,,,,,,,,,,False,,,,,,,,,
scotch_target,Monocytes,ENSG00000198089,SFI1,chr22,274,91,10,B,70.4,0.1478,0.0173,-1,0,SFI1_Other,SFI1_Other,SFI1_Other,junction:31508376-31528689,junction,31508376,31528689,20313,2.34,117.97,4.66,149.03,0.0,0.0,120.31,0.0,0.0,153.69,,,,insufficient_data,0.0194,0.0303,B,major,0.3229,0.5698490570866404,0.9990680698410918,False,0,False,,,,,,,,,,,,,False,,,,,,,,,
scotch_target,Monocytes,ENSG00000198089,SFI1,chr22,274,91,10,B,70.4,0.1478,0.0173,-1,0,SFI1_Other,SFI1_Other,SFI1_Other,junction:31528863-31531057,junction,31528863,31531057,2194,2.33,117.98,2.68,151.02,0.0,0.0,120.31,0.0,0.0,153.69,,,,insufficient_data,0.0194,0.0174,A,minor,0.0139,0.9061731062657693,0.9990680698410918,True,2,False,chr22:31530702:C:T,31530702.0,C,T,B,5.9608609865491405e-06,1.0,0.0,355.0,+,+,reduces_event,True,0.0,2.0,0.0,0.0,2.0,,,,chi2_cross_event
scotch_target,Monocytes,ENSG00000198089,SFI1,chr22,274,91,10,B,70.4,0.1478,0.0173,-1,0,SFI1_Other,SFI1_Other,SFI1_Other,junction:31528863-31531057,junction,31528863,31531057,2194,2.33,117.98,2.68,151.02,0.0,0.0,120.31,0.0,0.0,153.69,,,,insufficient_data,0.0194,0.0174,A,minor,0.0139,0.9061731062657693,0.9990680698410918,True,2,True,chr22:31530756:A:G,31530756.0,A,G,B,5.9608609865491405e-06,1.0,0.0,301.0,+,+,reduces_event,True,0.0,2.0,0.0,1.0,3.0,,,,chi2_cross_event
scotch_target,Monocytes,ENSG00000198089,SFI1,chr22,274,91,10,B,70.4,0.1478,0.0173,-1,0,SFI1_Other,SFI1_Other,SFI1_Other,junction:31531129-31546860,junction,31531129,31546860,15731,2.33,117.98,2.68,151.02,0.0,0.0,120.31,0.0,0.0,153.69,,,,insufficient_data,0.0194,0.0174,A,minor,0.0139,0.9061731062657693,0.9990680698410918,True,1,True,chr22:31535679:G:C,31535679.0,G,C,A,0.9999940391390134,1.0,0.0,4550.0,-,-,promotes_event,True,0.0,1.0,0.0,3.0,4.0,,,,chi2_cross_event
scotch_target,Monocytes,ENSG00000198089,SFI1,chr22,274,91,10,B,70.4,0.1478,0.0173,-1,0,SFI1_Other,SFI1_Other,SFI1_Other,junction:31546971-31550253,junction,31546971,31550253,3282,3.27,117.04,5.73,147.96,0.47,0.0,119.84,0.54,0.0,153.16,,,,insufficient_data,0.0272,0.0373,B,major,0.2187,0.6400329700161439,0.9990680698410918,False,0,False,,,,,,,,,,,,,False,,,,,,,,,
scotch_target,Monocytes,ENSG00000198089,SFI1,chr22,274,91,10,B,70.4,0.1478,0.0173,-1,0,SFI1_Other,SFI1_Other,SFI1_Other,junction:31550348-31556941,junction,31550348,31556941,6593,2.34,117.97,4.66,149.03,0.0,0.0,120.31,0.0,0.0,153.69,,,,insufficient_data,0.0194,0.0303,B,major,0.3229,0.5698490570866404,0.9990680698410918,True,2,False,chr22:31553940:G:A,31553940.0,G,A,B,5.9608609865491405e-06,1.0,0.0,3001.0,+,+,promotes_event,True,0.0,3.0,0.0,7.0,10.0,,,,chi2_cross_event
scotch_target,Monocytes,ENSG00000198089,SFI1,chr22,274,91,10,B,70.4,0.1478,0.0173,-1,0,SFI1_Other,SFI1_Other,SFI1_Other,junction:31550348-31556941,junction,31550348,31556941,6593,2.34,117.97,4.66,149.03,0.0,0.0,120.31,0.0,0.0,153.69,,,,insufficient_data,0.0194,0.0303,B,major,0.3229,0.5698490570866404,0.9990680698410918,True,2,True,chr22:31554018:C:T,31554018.0,C,T,A,0.9999940391390134,1.0,0.0,2923.0,-,-,reduces_event,True,0.0,3.0,0.0,2.0,5.0,,,,chi2_cross_event
scotch_target,Monocytes,ENSG00000198089,SFI1,chr22,274,91,10,B,70.4,0.1478,0.0173,-1,0,SFI1_Other,SFI1_Other,SFI1_Other,junction:31557059-31561289,junction,31557059,31561289,4230,2.34,117.97,4.66,149.03,0.0,0.0,120.31,0.0,0.0,153.69,,,,insufficient_data,0.0194,0.0303,B,major,0.3229,0.5698490570866404,0.9990680698410918,False,0,False,,,,,,,,,,,,,False,,,,,,,,,
scotch_target,Monocytes,ENSG00000198089,SFI1,chr22,274,91,10,B,70.4,0.1478,0.0173,-1,0,SFI1_Other,SFI1_Other,SFI1_Other,junction:31561392-31573057,junction,31561392,31573057,11665,3.27,117.04,5.73,147.96,0.0,0.0,120.31,0.0,0.0,153.69,,,,insufficient_data,0.0272,0.0373,B,major,0.2187,0.6400329700161439,0.9990680698410918,False,0,False,,,,,,,,,,,,,False,,,,,,,,,
scotch_target,Monocytes,ENSG00000198089,SFI1,chr22,274,91,10,B,70.4,0.1478,0.0173,-1,0,SFI1_Other,SFI1_Other,SFI1_Other,junction:31573214-31575230,junction,31573214,31575230,2016,5.27,115.04,6.73,146.96,0.0,0.0,120.31,0.0,0.0,153.69,,,,insufficient_data,0.0438,0.0438,B,major,0.0,0.9990680698410918,0.9990680698410918,False,0,False,,,,,,,,,,,,,False,,,,,,,,,
scotch_target,Monocytes,ENSG00000198089,SFI1,chr22,274,91,10,B,70.4,0.1478,0.0173,-1,0,SFI1_Other,SFI1_Other,SFI1_Other,junction:31575392-31578381,junction,31575392,31578381,2989,5.27,115.04,6.73,146.96,0.0,0.0,120.31,0.0,0.0,153.69,,,,insufficient_data,0.0438,0.0438,B,major,0.0,0.9990680698410918,0.9990680698410918,True,1,True,chr22:31575364:C:T,31575364.0,C,T,A,0.9999940391390134,1.0,28.0,28.0,-,-,reduces_event,True,0.0,3.0,1.0,1.0,5.0,,,,chi2_cross_event
scotch_target,Monocytes,ENSG00000198089,SFI1,chr22,274,91,10,B,70.4,0.1478,0.0173,-1,0,SFI1_Other,SFI1_Other,SFI1_Other,junction:31578452-31580271,junction,31578452,31580271,1819,4.32,115.98,3.68,150.02,0.0,0.0,120.31,0.0,0.0,153.69,,,,insufficient_data,0.0359,0.0239,A,minor,0.345,0.5569528138921744,0.9990680698410918,False,0,False,,,,,,,,,,,,,False,,,,,,,,,
scotch_target,Monocytes,ENSG00000198089,SFI1,chr22,274,91,10,B,70.4,0.1478,0.0173,-1,0,SFI1_Other,SFI1_Other,SFI1_Other,junction:31578452-31583874,junction,31578452,31583874,5422,1.41,118.9,3.59,150.1,0.0,0.0,120.31,0.0,0.0,153.69,,,,insufficient_data,0.0117,0.0234,B,major,0.5141,0.47335363957718923,0.9990680698410918,True,2,False,chr22:31583341:A:T,31583341.0,A,T,A,0.9999940391390134,1.0,0.0,533.0,-,-,reduces_event,True,0.0,3.0,0.0,3.0,6.0,,,,chi2_cross_event
scotch_target,Monocytes,ENSG00000198089,SFI1,chr22,274,91,10,B,70.4,0.1478,0.0173,-1,0,SFI1_Other,SFI1_Other,SFI1_Other,junction:31578452-31583874,junction,31578452,31583874,5422,1.41,118.9,3.59,150.1,0.0,0.0,120.31,0.0,0.0,153.69,,,,insufficient_data,0.0117,0.0234,B,major,0.5141,0.47335363957718923,0.9990680698410918,True,2,True,chr22:31583343:A:T,31583343.0,A,T,A,0.9999940391390134,1.0,0.0,531.0,-,-,reduces_event,True,0.0,2.0,0.0,3.0,5.0,,,,chi2_cross_event
scotch_target,Monocytes,ENSG00000198089,SFI1,chr22,274,91,10,B,70.4,0.1478,0.0173,-1,0,SFI1_Other,SFI1_Other,SFI1_Other,junction:31580364-31583874,junction,31580364,31583874,3510,4.79,115.52,4.21,149.48,0.0,0.0,120.31,0.0,0.0,153.69,,,,insufficient_data,0.0398,0.0274,A,minor,0.3278,0.5669645184234617,0.9990680698410918,True,2,False,chr22:31583341:A:T,31583341.0,A,T,A,0.9999940391390134,1.0,0.0,533.0,-,-,promotes_event,True,0.0,3.0,0.0,3.0,6.0,,,,chi2_cross_event
scotch_target,Monocytes,ENSG00000198089,SFI1,chr22,274,91,10,B,70.4,0.1478,0.0173,-1,0,SFI1_Other,SFI1_Other,SFI1_Other,junction:31580364-31583874,junction,31580364,31583874,3510,4.79,115.52,4.21,149.48,0.0,0.0,120.31,0.0,0.0,153.69,,,,insufficient_data,0.0398,0.0274,A,minor,0.3278,0.5669645184234617,0.9990680698410918,True,2,True,chr22:31583343:A:T,31583343.0,A,T,A,0.9999940391390134,1.0,0.0,531.0,-,-,promotes_event,True,0.0,2.0,0.0,3.0,5.0,,,,chi2_cross_event
scotch_target,Monocytes,ENSG00000198089,SFI1,chr22,274,91,10,B,70.4,0.1478,0.0173,-1,0,SFI1_Other,SFI1_Other,SFI1_Other,junction:31583972-31585067,junction,31583972,31585067,1095,6.13,114.18,8.87,144.82,0.0,0.0,120.31,0.0,0.0,153.69,,,,insufficient_data,0.051,0.0577,B,major,0.0593,0.8075464517397084,0.9990680698410918,False,0,False,,,,,,,,,,,,,False,,,,,,,,,
scotch_target,Monocytes,ENSG00000198089,SFI1,chr22,274,91,10,B,70.4,0.1478,0.0173,-1,0,SFI1_Other,SFI1_Other,SFI1_Other,junction:31585134-31589446,junction,31585134,31589446,4312,4.74,115.57,7.26,146.43,0.0,0.0,120.31,0.0,0.0,153.69,,,,insufficient_data,0.0394,0.0472,B,major,0.1005,0.7512159641069034,0.9990680698410918,False,0,False,,,,,,,,,,,,,False,,,,,,,,,
scotch_target,Monocytes,ENSG00000198089,SFI1,chr22,274,91,10,B,70.4,0.1478,0.0173,-1,0,SFI1_Other,SFI1_Other,SFI1_Other,junction:31589577-31602211,junction,31589577,31602211,12634,4.74,115.57,7.26,146.43,0.0,0.0,120.31,0.0,0.0,153.69,,,,insufficient_data,0.0394,0.0472,B,major,0.1005,0.7512159641069034,0.9990680698410918,False,0,False,,,,,,,,,,,,,False,,,,,,,,,
scotch_target,Monocytes,ENSG00000198089,SFI1,chr22,274,91,10,B,70.4,0.1478,0.0173,-1,0,SFI1_Other,SFI1_Other,SFI1_Other,junction:31602293-31602606,junction,31602293,31602606,313,4.74,115.57,7.26,146.43,0.0,0.93,119.38,0.0,1.07,152.62,,,,insufficient_data,0.0394,0.0472,B,major,0.1005,0.7512159641069034,0.9990680698410918,False,0,False,,,,,,,,,,,,,False,,,,,,,,,
scotch_target,Monocytes,ENSG00000198089,SFI1,chr22,274,91,10,B,70.4,0.1478,0.0173,-1,0,SFI1_Other,SFI1_Other,SFI1_Other,junction:31602785-31603743,junction,31602785,31603743,958,2.8,117.51,5.2,148.49,0.0,0.47,119.84,0.0,0.54,153.16,,,,insufficient_data,0.0233,0.0338,B,major,0.264,0.6073718711483438,0.9990680698410918,False,0,False,,,,,,,,,,,,,False,,,,,,,,,
scotch_target,Monocytes,ENSG00000198089,SFI1,chr22,274,91,10,B,70.4,0.1478,0.0173,-1,0,SFI1_Other,SFI1_Other,SFI1_Other,junction:31603819-31604308,junction,31603819,31604308,489,2.34,117.97,4.66,149.03,0.0,0.0,120.31,0.0,0.0,153.69,,,,insufficient_data,0.0194,0.0303,B,major,0.3229,0.5698490570866404,0.9990680698410918,False,0,False,,,,,,,,,,,,,False,,,,,,,,,
scotch_target,Monocytes,ENSG00000198089,SFI1,chr22,274,91,10,B,70.4,0.1478,0.0173,-1,0,SFI1_Other,SFI1_Other,SFI1_Other,junction:31604404-31604868,junction,31604404,31604868,464,3.73,116.58,6.27,147.42,0.0,0.47,119.84,0.0,0.54,153.16,,,,insufficient_data,0.031,0.0408,B,major,0.1829,0.6688930258372239,0.9990680698410918,False,0,False,,,,,,,,,,,,,False,,,,,,,,,
scotch_target,Monocytes,ENSG00000198089,SFI1,chr22,274,91,10,B,70.4,0.1478,0.0173,-1,0,SFI1_Other,SFI1_Other,SFI1_Other,junction:31604945-31606327,junction,31604945,31606327,1382,3.73,116.58,6.27,147.42,0.0,0.0,120.31,0.0,0.0,153.69,,,,insufficient_data,0.031,0.0408,B,major,0.1829,0.6688930258372239,0.9990680698410918,False,0,False,,,,,,,,,,,,,False,,,,,,,,,
scotch_target,Monocytes,ENSG00000198089,SFI1,chr22,274,91,10,B,70.4,0.1478,0.0173,-1,0,SFI1_Other,SFI1_Other,SFI1_Other,junction:31606430-31607936,junction,31606430,31607936,1506,4.2,116.11,6.8,146.89,0.0,0.0,120.31,0.0,0.0,153.69,,,,insufficient_data,0.0349,0.0442,B,major,0.154,0.6947137420622078,0.9990680698410918,False,0,False,,,,,,,,,,,,,False,,,,,,,,,
scotch_target,Monocytes,ENSG00000198089,SFI1,chr22,274,91,10,B,70.4,0.1478,0.0173,-1,0,SFI1_Other,SFI1_Other,SFI1_Other,junction:31608033-31611142,junction,31608033,31611142,3109,5.2,115.11,7.8,145.89,0.0,0.0,120.31,0.0,0.0,153.69,,,,insufficient_data,0.0432,0.0508,B,major,0.0843,0.7715563296490923,0.9990680698410918,False,0,False,,,,,,,,,,,,,False,,,,,,,,,
scotch_target,Monocytes,ENSG00000198089,SFI1,chr22,274,91,10,B,70.4,0.1478,0.0173,-1,0,SFI1_Other,SFI1_Other,SFI1_Other,junction:31611303-31611765,junction,31611303,31611765,462,5.2,115.11,7.8,145.89,0.0,0.0,120.31,0.0,0.0,153.69,,,,insufficient_data,0.0432,0.0508,B,major,0.0843,0.7715563296490923,0.9990680698410918,False,0,False,,,,,,,,,,,,,False,,,,,,,,,
scotch_target,Monocytes,ENSG00000198089,SFI1,chr22,274,91,10,B,70.4,0.1478,0.0173,-1,0,SFI1_Other,SFI1_Other,SFI1_Other,junction:31611840-31611998,junction,31611840,31611998,158,1.46,118.85,3.54,150.15,0.0,4.45,115.86,0.0,3.55,150.14,,,,insufficient_data,0.0121,0.023,B,major,0.4449,0.5047645269840599,0.9990680698410918,False,0,False,,,,,,,,,,,,,False,,,,,,,,,
scotch_target,Monocytes,ENSG00000198089,SFI1,chr22,274,91,10,B,70.4,0.1478,0.0173,-1,0,SFI1_Other,SFI1_Other,SFI1_Other,junction:31611840-31613141,junction,31611840,31613141,1301,4.74,115.57,7.26,146.43,0.0,0.0,120.31,0.0,0.0,153.69,,,,insufficient_data,0.0394,0.0472,B,major,0.1005,0.7512159641069034,0.9990680698410918,True,1,True,chr22:31612204:C:T,31612204.0,C,T,A,0.9999940391390134,1.0,0.0,364.0,-,-,reduces_event,True,0.0,10.0,0.0,5.0,15.0,,,,chi2_cross_event
scotch_target,Monocytes,ENSG00000198089,SFI1,chr22,274,91,10,B,70.4,0.1478,0.0173,-1,0,SFI1_Other,SFI1_Other,SFI1_Other,junction:31613216-31613353,junction,31613216,31613353,137,4.74,115.57,7.26,146.43,0.0,0.0,120.31,0.0,0.0,153.69,,,,insufficient_data,0.0394,0.0472,B,major,0.1005,0.7512159641069034,0.9990680698410918,False,0,False,,,,,,,,,,,,,False,,,,,,,,,
scotch_target,Monocytes,ENSG00000198089,SFI1,chr22,274,91,10,B,70.4,0.1478,0.0173,-1,0,SFI1_Other,SFI1_Other,SFI1_Other,junction:31613530-31613601,junction,31613530,31613601,71,4.74,115.57,7.26,146.43,0.0,0.0,120.31,0.0,0.0,153.69,,,,insufficient_data,0.0394,0.0472,B,major,0.1005,0.7512159641069034,0.9990680698410918,False,0,False,,,,,,,,,,,,,False,,,,,,,,,
scotch_target,Monocytes,ENSG00000198089,SFI1,chr22,274,91,10,B,70.4,0.1478,0.0173,-1,0,SFI1_Other,SFI1_Other,SFI1_Other,junction:31613855-31614788,junction,31613855,31614788,933,10.32,109.99,14.68,139.01,0.0,0.0,120.31,0.0,0.0,153.69,,,,insufficient_data,0.0858,0.0955,B,major,0.0781,0.7799067014681693,0.9990680698410918,False,0,False,,,,,,,,,,,,,False,,,,,,,,,
scotch_target,Monocytes,ENSG00000198089,SFI1,chr22,274,91,10,B,70.4,0.1478,0.0173,-1,0,SFI1_Other,SFI1_Other,SFI1_Other,junction:31614860-31615047,junction,31614860,31615047,187,10.85,109.46,14.15,139.54,0.0,0.0,120.31,0.0,0.0,153.69,,,,insufficient_data,0.0902,0.0921,B,major,0.0028,0.957517145520393,0.9990680698410918,False,0,False,,,,,,,,,,,,,False,,,,,,,,,
scotch_target,Monocytes,ENSG00000198089,SFI1,chr22,274,91,10,B,70.4,0.1478,0.0173,-1,0,SFI1_Other,SFI1_Other,SFI1_Other,junction:31615279-31616744,junction,31615279,31616744,1465,15.99,104.32,22.01,131.68,0.0,0.0,120.31,0.0,0.0,153.69,,,,insufficient_data,0.1329,0.1432,B,major,0.0601,0.806334003063608,0.9990680698410918,False,0,False,,,,,,,,,,,,,False,,,,,,,,,
scotch_target,Monocytes,ENSG00000198089,SFI1,chr22,274,91,10,B,70.4,0.1478,0.0173,-1,0,SFI1_Other,SFI1_Other,SFI1_Other,junction:31616877-31616999,junction,31616877,31616999,122,17.27,103.04,21.73,131.96,0.0,0.0,120.31,0.0,0.0,153.69,,,,insufficient_data,0.1435,0.1414,A,minor,0.0026,0.959467655946148,0.9990680698410918,False,0,False,,,,,,,,,,,,,False,,,,,,,,,
scotch_target,Monocytes,ENSG00000198089,SFI1,chr22,274,91,10,B,70.4,0.1478,0.0173,-1,0,SFI1_Other,SFI1_Other,SFI1_Other,junction:31616877-31618211,junction,31616877,31618211,1334,5.58,114.73,7.42,146.27,0.0,0.0,120.31,0.0,0.0,153.69,,,,insufficient_data,0.0464,0.0483,B,major,0.0054,0.94155186467722,0.9990680698410918,True,1,True,chr22:31618174:G:A,31618174.0,G,A,A,0.9999940391390134,1.0,0.0,37.0,-,-,reduces_event,True,1.0,30.0,0.0,16.0,47.0,0.5273,0.4677234356949417,0.584654294618677,chi2_cross_event
scotch_target,Monocytes,ENSG00000198089,SFI1,chr22,274,91,10,B,70.4,0.1478,0.0173,-1,0,SFI1_Other,SFI1_Other,SFI1_Other,junction:31617078-31618114,junction,31617078,31618114,1036,17.27,103.04,21.73,131.96,0.0,0.0,120.31,0.0,0.0,153.69,,,,insufficient_data,0.1435,0.1414,A,minor,0.0026,0.959467655946148,0.9990680698410918,False,0,False,,,,,,,,,,,,,False,,,,,,,,,
scotch_target,Monocytes,ENSG00000198089,SFI1,chr22,274,91,10,B,70.4,0.1478,0.0173,-1,0,SFI1_Other,SFI1_Other,SFI1_Other,junction:31618226-31618313,junction,31618226,31618313,87,15.99,104.32,22.01,131.68,0.0,7.95,112.36,0.0,15.05,138.64,,,,insufficient_data,0.1329,0.1432,B,major,0.0601,0.806334003063608,0.9990680698410918,False,0,False,,,,,,,,,,,,,False,,,,,,,,,
scotch_target,Monocytes,ENSG00000198832,SELENOM,chr22,77,69,2,B,70.4,0.4576,0.3773,1,1,SELENOM_ENST00000400299,SELENOM_ENST00000400299,SELENOM_ENST00000400299,exon:31107533-31107541,exon,31107533,31107541,8,7.14,11.97,54.86,3.03,13.3,0.0,5.81,47.7,0.0,10.19,,,,insufficient_data,0.3736,0.9477,B,major,30.1841,3.9292574663709014e-08,1.0478019910322404e-07,False,0,False,,,,,,,,,,,,,False,,,,,,,,,
scotch_target,Monocytes,ENSG00000198832,SELENOM,chr22,77,69,2,B,70.4,0.4576,0.3773,1,1,SELENOM_ENST00000400299,SELENOM_ENST00000400299,SELENOM_ENST00000400299,exon:31107541-31107553,exon,31107541,31107553,12,7.14,11.97,54.86,3.03,11.33,0.0,7.78,45.67,0.0,12.22,,,,insufficient_data,0.3736,0.9477,B,major,30.1841,3.9292574663709014e-08,1.0478019910322404e-07,False,0,False,,,,,,,,,,,,,False,,,,,,,,,
scotch_target,Monocytes,ENSG00000198832,SELENOM,chr22,77,69,2,B,70.4,0.4576,0.3773,1,1,SELENOM_ENST00000400299,SELENOM_ENST00000400299,SELENOM_ENST00000400299,exon:31107556-31107568,exon,31107556,31107568,12,7.14,11.97,54.86,3.03,11.33,0.0,7.78,40.67,0.0,17.22,,,,insufficient_data,0.3736,0.9477,B,major,30.1841,3.9292574663709014e-08,1.0478019910322404e-07,False,0,False,,,,,,,,,,,,,False,,,,,,,,,
scotch_target,Monocytes,ENSG00000198832,SELENOM,chr22,77,69,2,B,70.4,0.4576,0.3773,1,1,SELENOM_ENST00000400299,SELENOM_ENST00000400299,SELENOM_ENST00000400299,exon:31104771-31104776,exon,31104771,31104776,5,2.97,16.15,2.03,55.85,0.0,0.0,19.12,5.0,0.0,52.89,,,,insufficient_data,0.1553,0.0351,A,minor,3.4214,0.0643578120919576,0.0643578120919576,False,0,False,,,,,,,,,,,,,False,,,,,,,,,
scotch_target,Monocytes,ENSG00000198832,SELENOM,chr22,77,69,2,B,70.4,0.4576,0.3773,1,1,SELENOM_ENST00000400299,SELENOM_ENST00000400299,SELENOM_ENST00000400299,exon:31107683-31107886,exon,31107683,31107886,203,2.97,16.15,2.03,55.85,0.0,0.0,19.12,0.0,0.0,57.89,,,,insufficient_data,0.1553,0.0351,A,minor,3.4214,0.0643578120919576,0.0643578120919576,False,0,False,,,,,,,,,,,,,False,,,,,,,,,
scotch_target,Monocytes,ENSG00000198832,SELENOM,chr22,77,69,2,B,70.4,0.4576,0.3773,1,1,SELENOM_ENST00000400299,SELENOM_ENST00000400299,SELENOM_ENST00000400299,exon:31119882-31120069,exon,31119882,31120069,187,2.97,16.15,2.03,55.85,0.0,0.0,19.12,0.0,0.0,57.89,,,,insufficient_data,0.1553,0.0351,A,minor,3.4214,0.0643578120919576,0.0643578120919576,False,0,False,,,,,,,,,,,,,False,,,,,,,,,
scotch_target,Monocytes,ENSG00000198832,SELENOM,chr22,77,69,2,B,70.4,0.4576,0.3773,1,1,SELENOM_ENST00000400299,SELENOM_ENST00000400299,SELENOM_ENST00000400299,junction:31107533-31107683,junction,31107533,31107683,150,2.97,16.15,2.03,55.85,0.0,0.0,19.12,0.0,0.0,57.89,,,,insufficient_data,0.1553,0.0351,A,minor,3.4214,0.0643578120919576,0.0643578120919576,False,0,False,,,,,,,,,,,,,False,,,,,,,,,
scotch_target,Monocytes,ENSG00000198832,SELENOM,chr22,77,69,2,B,70.4,0.4576,0.3773,1,1,SELENOM_ENST00000400299,SELENOM_ENST00000400299,SELENOM_ENST00000400299,junction:31107886-31119882,junction,31107886,31119882,11996,2.97,16.15,2.03,55.85,0.0,0.0,19.12,0.0,0.0,57.89,,,,insufficient_data,0.1553,0.0351,A,minor,3.4214,0.0643578120919576,0.0643578120919576,False,0,False,,,,,,,,,,,,,False,,,,,,,,,
scotch_target,Monocytes,ENSG00000239713,APOBEC3G,chr22,175,95,3,A,70.4,0.3188,0.015,0,1,APOBEC3G_ENST00000407997,APOBEC3G_ENST00000407997,APOBEC3G_ENST00000407997,exon:39077083-39077168,exon,39077083,39077168,85,11.91,111.31,2.09,49.69,22.4,0.73,100.1,4.6,0.27,46.9,0.0691,0.7926335342262383,0.9677519823683259,chi2_hap_event,0.0967,0.0404,A,major,1.568,0.21049055494524205,0.7346844511269394,False,0,False,,,,,,,,,,,,,False,,,,,,,,,
scotch_target,Monocytes,ENSG00000239713,APOBEC3G,chr22,175,95,3,A,70.4,0.3188,0.015,0,1,APOBEC3G_ENST00000407997,APOBEC3G_ENST00000407997,APOBEC3G_ENST00000407997,exon:39080932-39081194,exon,39080932,39081194,262,74.18,49.04,34.82,16.96,66.88,3.21,53.13,31.12,2.79,17.87,0.5606,0.45400201933041373,0.9677519823683259,chi2_hap_event,0.602,0.6725,B,minor,0.771,0.3798960093340127,0.7346844511269394,False,0,False,,,,,,,,,,,,,False,,,,,,,,,
scotch_target,Monocytes,ENSG00000239713,APOBEC3G,chr22,175,95,3,A,70.4,0.3188,0.015,0,1,APOBEC3G_ENST00000407997,APOBEC3G_ENST00000407997,APOBEC3G_ENST00000407997,exon:39081194-39081227,exon,39081194,39081227,33,74.18,49.04,34.82,16.96,65.88,4.21,53.13,31.12,2.79,17.87,0.1802,0.6711600163602705,0.9677519823683259,chi2_hap_event,0.602,0.6725,B,minor,0.771,0.3798960093340127,0.7346844511269394,False,0,False,,,,,,,,,,,,,False,,,,,,,,,
scotch_target,Monocytes,ENSG00000239713,APOBEC3G,chr22,175,95,3,A,70.4,0.3188,0.015,0,1,APOBEC3G_ENST00000407997,APOBEC3G_ENST00000407997,APOBEC3G_ENST00000407997,exon:39081470-39081585,exon,39081470,39081585,115,74.18,49.04,34.82,16.96,66.34,4.48,52.41,31.66,2.52,17.6,0.0402,0.8410945714200185,0.9677519823683259,chi2_hap_event,0.602,0.6725,B,minor,0.771,0.3798960093340127,0.7346844511269394,False,0,False,,,,,,,,,,,,,False,,,,,,,,,
scotch_target,Monocytes,ENSG00000239713,APOBEC3G,chr22,175,95,3,A,70.4,0.3188,0.015,0,1,APOBEC3G_ENST00000407997,APOBEC3G_ENST00000407997,APOBEC3G_ENST00000407997,exon:39083730-39083884,exon,39083730,39083884,154,67.63,55.59,32.37,19.41,66.52,4.03,52.68,31.48,1.98,18.32,0.0016,0.9677519823683259,0.9677519823683259,chi2_hap_event,0.5489,0.6251,B,minor,0.8684,0.3513896161494524,0.7346844511269394,False,0,False,,,,,,,,,,,,,False,,,,,,,,,
scotch_target,Monocytes,ENSG00000239713,APOBEC3G,chr22,175,95,3,A,70.4,0.3188,0.015,0,1,APOBEC3G_ENST00000407997,APOBEC3G_ENST00000407997,APOBEC3G_ENST00000407997,exon:39086278-39086461,exon,39086278,39086461,183,65.9,57.32,31.1,20.68,67.73,3.0,52.49,34.27,0.0,17.51,1.4964,0.22123039774551792,0.9677519823683259,chi2_hap_event,0.5348,0.6006,B,minor,0.6396,0.4238564141116957,0.7346844511269394,False,0,False,,,,,,,,,,,,,False,,,,,,,,,
scotch_target,Monocytes,ENSG00000239713,APOBEC3G,chr22,175,95,3,A,70.4,0.3188,0.015,0,1,APOBEC3G_ENST00000407997,APOBEC3G_ENST00000407997,APOBEC3G_ENST00000407997,exon:39086461-39086567,exon,39086461,39086567,106,65.9,57.32,31.1,20.68,68.37,4.73,50.13,34.63,0.27,16.88,1.7315,0.18821946074737367,0.9677519823683259,chi2_hap_event,0.5348,0.6006,B,minor,0.6396,0.4238564141116957,0.7346844511269394,False,0,False,,,,,,,,,,,,,False,,,,,,,,,
scotch_target,Monocytes,ENSG00000239713,APOBEC3G,chr22,175,95,3,A,70.4,0.3188,0.015,0,1,APOBEC3G_ENST00000407997,APOBEC3G_ENST00000407997,APOBEC3G_ENST00000407997,exon:39087010-39087126,exon,39087010,39087126,116,65.9,57.32,31.1,20.68,79.56,3.73,39.93,38.44,0.27,13.07,1.1866,0.2760235970522441,0.9677519823683259,chi2_hap_event,0.5348,0.6006,B,minor,0.6396,0.4238564141116957,0.7346844511269394,False,0,False,,,,,,,,,,,,,False,,,,,,,,,
scotch_target,Monocytes,ENSG00000239713,APOBEC3G,chr22,175,95,3,A,70.4,0.3188,0.015,0,1,APOBEC3G_ENST00000407997,APOBEC3G_ENST00000407997,APOBEC3G_ENST00000407997,exon:39087406-39087743,exon,39087406,39087743,337,65.9,57.32,31.1,20.68,96.12,1.0,26.1,43.88,0.0,7.9,0.455,0.499958569939287,0.9677519823683259,chi2_hap_event,0.5348,0.6006,B,minor,0.6396,0.4238564141116957,0.7346844511269394,False,0,False,,,,,,,,,,,,,False,,,,,,,,,
scotch_target,Monocytes,ENSG00000239713,APOBEC3G,chr22,175,95,3,A,70.4,0.3188,0.015,0,1,APOBEC3G_ENST00000407997,APOBEC3G_ENST00000407997,APOBEC3G_ENST00000407997,junction:39079085-39080932,junction,39079085,39080932,1847,67.63,55.59,32.37,19.41,0.0,1.0,122.22,0.0,0.0,51.78,,,,insufficient_data,0.5489,0.6251,B,minor,0.8684,0.3513896161494524,0.7346844511269394,False,0,False,,,,,,,,,,,,,False,,,,,,,,,
scotch_target,Monocytes,ENSG00000239713,APOBEC3G,chr22,175,95,3,A,70.4,0.3188,0.015,0,1,APOBEC3G_ENST00000407997,APOBEC3G_ENST00000407997,APOBEC3G_ENST00000407997,junction:39081227-39081470,junction,39081227,39081470,243,74.18,49.04,34.82,16.96,0.0,0.0,123.22,0.0,0.0,51.78,,,,insufficient_data,0.602,0.6725,B,minor,0.771,0.3798960093340127,0.7346844511269394,False,0,False,,,,,,,,,,,,,False,,,,,,,,,
scotch_target,Monocytes,ENSG00000239713,APOBEC3G,chr22,175,95,3,A,70.4,0.3188,0.015,0,1,APOBEC3G_ENST00000407997,APOBEC3G_ENST00000407997,APOBEC3G_ENST00000407997,junction:39081585-39083730,junction,39081585,39083730,2145,67.63,55.59,32.37,19.41,0.0,0.0,123.22,0.0,0.0,51.78,,,,insufficient_data,0.5489,0.6251,B,minor,0.8684,0.3513896161494524,0.7346844511269394,False,0,False,,,,,,,,,,,,,False,,,,,,,,,
scotch_target,Monocytes,ENSG00000239713,APOBEC3G,chr22,175,95,3,A,70.4,0.3188,0.015,0,1,APOBEC3G_ENST00000407997,APOBEC3G_ENST00000407997,APOBEC3G_ENST00000407997,junction:39083884-39086278,junction,39083884,39086278,2394,65.9,57.32,31.1,20.68,0.0,0.0,123.22,0.0,0.0,51.78,,,,insufficient_data,0.5348,0.6006,B,minor,0.6396,0.4238564141116957,0.7346844511269394,False,0,False,,,,,,,,,,,,,False,,,,,,,,,
scotch_target,Monocytes,ENSG00000239713,APOBEC3G,chr22,175,95,3,A,70.4,0.3188,0.015,0,1,APOBEC3G_ENST00000407997,APOBEC3G_ENST00000407997,APOBEC3G_ENST00000407997,junction:39086567-39087010,junction,39086567,39087010,443,65.9,57.32,31.1,20.68,0.0,0.0,123.22,0.0,0.0,51.78,,,,insufficient_data,0.5348,0.6006,B,minor,0.6396,0.4238564141116957,0.7346844511269394,False,0,False,,,,,,,,,,,,,False,,,,,,,,,
scotch_target,Monocytes,ENSG00000239713,APOBEC3G,chr22,175,95,3,A,70.4,0.3188,0.015,0,1,APOBEC3G_ENST00000407997,APOBEC3G_ENST00000407997,APOBEC3G_ENST00000407997,junction:39087126-39087406,junction,39087126,39087406,280,65.9,57.32,31.1,20.68,0.73,2.91,119.58,0.27,1.09,50.42,,,,insufficient_data,0.5348,0.6006,B,minor,0.6396,0.4238564141116957,0.7346844511269394,False,0,False,,,,,,,,,,,,,False,,,,,,,,,
scotch_target,Monocytes,ENSG00000239713,APOBEC3G,chr22,175,95,3,A,70.4,0.3188,0.015,0,1,APOBEC3G_ENST00000407997,APOBEC3G_ENST00000407997,APOBEC3G_ENST00000407997,exon:39078931-39079085,exon,39078931,39079085,154,77.08,46.14,32.92,18.86,66.91,4.62,51.69,2.09,29.38,20.31,74.6176,5.7131204625531196e-18,1.0283616832595616e-16,chi2_hap_event,0.6255,0.6358,B,minor,0.0163,0.8983152556691769,0.9731748603082749,False,0,False,,,,,,,,,,,,,False,,,,,,,,,
scotch_target,Monocytes,ENSG00000239713,APOBEC3G,chr22,175,95,3,A,70.4,0.3188,0.015,0,1,APOBEC3G_ENST00000407997,APOBEC3G_ENST00000407997,APOBEC3G_ENST00000407997,exon:39080634-39080696,exon,39080634,39080696,62,5.82,117.4,2.18,49.6,1.73,62.54,58.96,0.27,31.46,20.04,0.3494,0.5544325890232044,0.9677519823683259,chi2_hap_event,0.0472,0.0421,A,major,0.0229,0.879624001867798,0.9731748603082749,False,0,False,,,,,,,,,,,,,False,,,,,,,,,
scotch_target,Monocytes,ENSG00000239713,APOBEC3G,chr22,175,95,3,A,70.4,0.3188,0.015,0,1,APOBEC3G_ENST00000407997,APOBEC3G_ENST00000407997,APOBEC3G_ENST00000407997,exon:39080696-39080932,exon,39080696,39080932,236,5.82,117.4,2.18,49.6,3.46,8.35,111.41,0.54,29.65,21.59,7.4316,0.006408957799558194,0.05768062019602375,chi2_hap_event,0.0472,0.0421,A,major,0.0229,0.879624001867798,0.9731748603082749,False,0,False,,,,,,,,,,,,,False,,,,,,,,,
scotch_target,Monocytes,ENSG00000239713,APOBEC3G,chr22,175,95,3,A,70.4,0.3188,0.015,0,1,APOBEC3G_ENST00000407997,APOBEC3G_ENST00000407997,APOBEC3G_ENST00000407997,exon:39081585-39081687,exon,39081585,39081687,102,6.55,116.67,2.45,49.33,0.73,67.63,54.86,0.27,32.37,19.14,0.0121,0.9124628234961395,0.9677519823683259,chi2_hap_event,0.0532,0.0473,A,major,0.026,0.8720022615866622,0.9731748603082749,False,0,False,,,,,,,,,,,,,False,,,,,,,,,
scotch_target,Monocytes,ENSG00000239713,APOBEC3G,chr22,175,95,3,A,70.4,0.3188,0.015,0,1,APOBEC3G_ENST00000407997,APOBEC3G_ENST00000407997,APOBEC3G_ENST00000407997,exon:39081687-39082623,exon,39081687,39082623,936,5.82,117.4,2.18,49.6,2.18,67.63,53.41,0.82,32.37,18.59,0.0356,0.8503254362363716,0.9677519823683259,chi2_hap_event,0.0472,0.0421,A,major,0.0229,0.879624001867798,0.9731748603082749,False,0,False,,,,,,,,,,,,,False,,,,,,,,,
scotch_target,Monocytes,ENSG00000239713,APOBEC3G,chr22,175,95,3,A,70.4,0.3188,0.015,0,1,APOBEC3G_ENST00000407997,APOBEC3G_ENST00000407997,APOBEC3G_ENST00000407997,exon:39082623-39082645,exon,39082623,39082645,22,5.82,117.4,2.18,49.6,1.46,67.63,54.13,0.54,32.37,18.87,0.024,0.8770049549652023,0.9677519823683259,chi2_hap_event,0.0472,0.0421,A,major,0.0229,0.879624001867798,0.9731748603082749,False,0,False,,,,,,,,,,,,,False,,,,,,,,,
scotch_target,Monocytes,ENSG00000239713,APOBEC3G,chr22,175,95,3,A,70.4,0.3188,0.015,0,1,APOBEC3G_ENST00000407997,APOBEC3G_ENST00000407997,APOBEC3G_ENST00000407997,exon:39082645-39082679,exon,39082645,39082679,34,5.82,117.4,2.18,49.6,1.46,67.63,54.13,0.54,32.37,18.87,0.024,0.8770049549652023,0.9677519823683259,chi2_hap_event,0.0472,0.0421,A,major,0.0229,0.879624001867798,0.9731748603082749,False,0,False,,,,,,,,,,,,,False,,,,,,,,,
scotch_target,Monocytes,ENSG00000239713,APOBEC3G,chr22,175,95,3,A,70.4,0.3188,0.015,0,1,APOBEC3G_ENST00000407997,APOBEC3G_ENST00000407997,APOBEC3G_ENST00000407997,exon:39082679-39083214,exon,39082679,39083214,535,5.1,118.13,1.9,49.87,4.37,66.91,51.95,1.63,32.09,18.05,0.0707,0.7903532731553172,0.9677519823683259,chi2_hap_event,0.0414,0.0367,A,major,0.0199,0.8876784544493499,0.9731748603082749,False,0,False,,,,,,,,,,,,,False,,,,,,,,,
scotch_target,Monocytes,ENSG00000239713,APOBEC3G,chr22,175,95,3,A,70.4,0.3188,0.015,0,1,APOBEC3G_ENST00000407997,APOBEC3G_ENST00000407997,APOBEC3G_ENST00000407997,junction:39077168-39078931,junction,39077168,39078931,1763,1.73,121.49,1.27,50.51,0.0,0.0,123.22,0.0,0.0,51.78,,,,insufficient_data,0.014,0.0245,B,minor,0.2405,0.6238328593721327,0.9731748603082749,True,3,True,chr22:39077378:G:A,39077378.0,G,A,A,0.9999940391390134,1.0,0.0,210.0,+,-,reduces_event,True,1.0,30.0,1.0,62.0,94.0,0.2679,0.6047709783144893,0.9093161167816932,chi2_cross_event
scotch_target,Monocytes,ENSG00000239713,APOBEC3G,chr22,175,95,3,A,70.4,0.3188,0.015,0,1,APOBEC3G_ENST00000407997,APOBEC3G_ENST00000407997,APOBEC3G_ENST00000407997,junction:39077168-39078931,junction,39077168,39078931,1763,1.73,121.49,1.27,50.51,0.0,0.0,123.22,0.0,0.0,51.78,,,,insufficient_data,0.014,0.0245,B,minor,0.2405,0.6238328593721327,0.9731748603082749,True,3,False,chr22:39077379:T:A,39077379.0,T,A,A,0.9999940391390134,1.0,0.0,211.0,+,-,reduces_event,True,1.0,26.0,1.0,63.0,91.0,0.405,0.524505830291394,0.9093161167816932,chi2_cross_event
scotch_target,Monocytes,ENSG00000239713,APOBEC3G,chr22,175,95,3,A,70.4,0.3188,0.015,0,1,APOBEC3G_ENST00000407997,APOBEC3G_ENST00000407997,APOBEC3G_ENST00000407997,junction:39077168-39078931,junction,39077168,39078931,1763,1.73,121.49,1.27,50.51,0.0,0.0,123.22,0.0,0.0,51.78,,,,insufficient_data,0.014,0.0245,B,minor,0.2405,0.6238328593721327,0.9731748603082749,True,3,False,chr22:39077383:G:C,39077383.0,G,C,A,0.9999940391390134,1.0,0.0,215.0,+,-,reduces_event,True,1.0,26.0,1.0,63.0,91.0,0.405,0.524505830291394,0.9093161167816932,chi2_cross_event
scotch_target,Monocytes,ENSG00000239713,APOBEC3G,chr22,175,95,3,A,70.4,0.3188,0.015,0,1,APOBEC3G_ENST00000407997,APOBEC3G_ENST00000407997,APOBEC3G_ENST00000407997,exon:39077274-39077378,exon,39077274,39077378,104,76.08,47.14,31.92,19.86,68.62,0.73,53.87,31.38,0.27,20.13,0.008,0.9285868795011862,0.9677519823683259,chi2_hap_event,0.6174,0.6165,A,major,0.0001,0.9903704911327372,0.996869157811767,True,3,True,chr22:39077378:G:A,39077378.0,G,A,A,0.9999940391390134,1.0,0.0,0.0,+,-,promotes_event,True,31.0,0.0,63.0,0.0,94.0,,0.001261386598131299,0.011352479383181692,binomial_intra_event
scotch_target,Monocytes,ENSG00000239713,APOBEC3G,chr22,175,95,3,A,70.4,0.3188,0.015,0,1,APOBEC3G_ENST00000407997,APOBEC3G_ENST00000407997,APOBEC3G_ENST00000407997,exon:39077274-39077378,exon,39077274,39077378,104,76.08,47.14,31.92,19.86,68.62,0.73,53.87,31.38,0.27,20.13,0.008,0.9285868795011862,0.9677519823683259,chi2_hap_event,0.6174,0.6165,A,major,0.0001,0.9903704911327372,0.996869157811767,True,3,False,chr22:39077379:T:A,39077379.0,T,A,A,0.9999940391390134,1.0,1.0,1.0,+,-,promotes_event,True,14.0,13.0,36.0,28.0,91.0,0.1484,0.7000897621871234,0.9093161167816932,chi2_cross_event
scotch_target,Monocytes,ENSG00000239713,APOBEC3G,chr22,175,95,3,A,70.4,0.3188,0.015,0,1,APOBEC3G_ENST00000407997,APOBEC3G_ENST00000407997,APOBEC3G_ENST00000407997,exon:39077274-39077378,exon,39077274,39077378,104,76.08,47.14,31.92,19.86,68.62,0.73,53.87,31.38,0.27,20.13,0.008,0.9285868795011862,0.9677519823683259,chi2_hap_event,0.6174,0.6165,A,major,0.0001,0.9903704911327372,0.996869157811767,True,3,False,chr22:39077383:G:C,39077383.0,G,C,A,0.9999940391390134,1.0,5.0,5.0,+,-,promotes_event,True,15.0,12.0,36.0,28.0,91.0,0.0037,0.951383235916102,0.951383235916102,chi2_cross_event
scotch_target,Monocytes,ENSG00000239713,APOBEC3G,chr22,175,95,3,A,70.4,0.3188,0.015,0,1,APOBEC3G_ENST00000407997,APOBEC3G_ENST00000407997,APOBEC3G_ENST00000407997,junction:39077378-39078931,junction,39077378,39078931,1553,75.35,47.87,31.65,20.13,0.0,0.0,123.22,0.0,0.0,51.78,,,,insufficient_data,0.6115,0.6112,A,major,0.0,0.996869157811767,0.996869157811767,True,3,True,chr22:39077378:G:A,39077378.0,G,A,A,0.9999940391390134,1.0,0.0,0.0,+,-,promotes_event,True,18.0,13.0,34.0,29.0,94.0,0.141,0.7072458686079837,0.9093161167816932,chi2_cross_event
scotch_target,Monocytes,ENSG00000239713,APOBEC3G,chr22,175,95,3,A,70.4,0.3188,0.015,0,1,APOBEC3G_ENST00000407997,APOBEC3G_ENST00000407997,APOBEC3G_ENST00000407997,junction:39077378-39078931,junction,39077378,39078931,1553,75.35,47.87,31.65,20.13,0.0,0.0,123.22,0.0,0.0,51.78,,,,insufficient_data,0.6115,0.6112,A,major,0.0,0.996869157811767,0.996869157811767,True,3,False,chr22:39077379:T:A,39077379.0,T,A,A,0.9999940391390134,1.0,0.0,1.0,+,-,promotes_event,True,14.0,13.0,36.0,28.0,91.0,0.1484,0.7000897621871234,0.9093161167816932,chi2_cross_event
scotch_target,Monocytes,ENSG00000239713,APOBEC3G,chr22,175,95,3,A,70.4,0.3188,0.015,0,1,APOBEC3G_ENST00000407997,APOBEC3G_ENST00000407997,APOBEC3G_ENST00000407997,junction:39077378-39078931,junction,39077378,39078931,1553,75.35,47.87,31.65,20.13,0.0,0.0,123.22,0.0,0.0,51.78,,,,insufficient_data,0.6115,0.6112,A,major,0.0,0.996869157811767,0.996869157811767,True,3,False,chr22:39077383:G:C,39077383.0,G,C,A,0.9999940391390134,1.0,0.0,5.0,+,-,promotes_event,True,15.0,12.0,36.0,28.0,91.0,0.0037,0.951383235916102,0.951383235916102,chi2_cross_event
scotch_target,NK cells,ENSG00000025770,NCAPH2,chr22,49,9,4,B,70.4,0.0759,0.0198,-1,0,NCAPH2_Other,NCAPH2_Other,NCAPH2_ENST00000299821,exon:50508223-50508242,exon,50508223,50508242,19,2.94,18.47,3.06,24.53,2.45,0.0,18.95,1.54,0.0,26.05,,,,insufficient_data,0.1373,0.1109,A,minor,0.0782,0.7796898214056736,0.799986376939313,False,0,False,,,,,,,,,,,,,False,,,,,,,,,
scotch_target,NK cells,ENSG00000025770,NCAPH2,chr22,49,9,4,B,70.4,0.0759,0.0198,-1,0,NCAPH2_Other,NCAPH2_Other,NCAPH2_ENST00000299821,exon:50508245-50508258,exon,50508245,50508258,13,7.31,14.1,7.69,19.9,3.94,0.0,17.47,2.06,0.0,25.53,,,,insufficient_data,0.3414,0.2787,A,minor,0.2202,0.6388806838060594,0.799986376939313,False,0,False,,,,,,,,,,,,,False,,,,,,,,,
scotch_target,NK cells,ENSG00000025770,NCAPH2,chr22,49,9,4,B,70.4,0.0759,0.0198,-1,0,NCAPH2_Other,NCAPH2_Other,NCAPH2_ENST00000299821,exon:50508259-50508428,exon,50508259,50508428,169,11.22,10.2,11.78,15.8,4.42,0.0,16.98,2.58,0.0,25.02,,,,insufficient_data,0.5238,0.4271,A,minor,0.4524,0.5012209831575511,0.799986376939313,False,0,False,,,,,,,,,,,,,False,,,,,,,,,
scotch_target,NK cells,ENSG00000025770,NCAPH2,chr22,49,9,4,B,70.4,0.0759,0.0198,-1,0,NCAPH2_Other,NCAPH2_Other,NCAPH2_ENST00000299821,exon:50508428-50508445,exon,50508428,50508445,17,10.73,10.68,11.27,16.32,4.42,0.0,16.98,2.58,0.0,25.02,,,,insufficient_data,0.5012,0.4085,A,minor,0.4186,0.5176314840605688,0.799986376939313,False,0,False,,,,,,,,,,,,,False,,,,,,,,,
scotch_target,NK cells,ENSG00000025770,NCAPH2,chr22,49,9,4,B,70.4,0.0759,0.0198,-1,0,NCAPH2_Other,NCAPH2_Other,NCAPH2_ENST00000299821,exon:50516446-50516548,exon,50516446,50516548,102,11.22,10.2,11.78,15.8,4.42,0.0,16.98,2.58,0.0,25.02,,,,insufficient_data,0.5238,0.4271,A,minor,0.4524,0.5012209831575511,0.799986376939313,False,0,False,,,,,,,,,,,,,False,,,,,,,,,
scotch_target,NK cells,ENSG00000025770,NCAPH2,chr22,49,9,4,B,70.4,0.0759,0.0198,-1,0,NCAPH2_Other,NCAPH2_Other,NCAPH2_ENST00000299821,exon:50517426-50517482,exon,50517426,50517482,56,11.22,10.2,11.78,15.8,4.42,0.0,16.98,2.58,0.0,25.02,,,,insufficient_data,0.5238,0.4271,A,minor,0.4524,0.5012209831575511,0.799986376939313,False,0,False,,,,,,,,,,,,,False,,,,,,,,,
scotch_target,NK cells,ENSG00000025770,NCAPH2,chr22,49,9,4,B,70.4,0.0759,0.0198,-1,0,NCAPH2_Other,NCAPH2_Other,NCAPH2_ENST00000299821,exon:50517576-50517661,exon,50517576,50517661,85,11.22,10.2,11.78,15.8,4.91,0.0,16.5,3.09,0.0,24.5,,,,insufficient_data,0.5238,0.4271,A,minor,0.4524,0.5012209831575511,0.799986376939313,False,0,False,,,,,,,,,,,,,False,,,,,,,,,
scotch_target,NK cells,ENSG00000025770,NCAPH2,chr22,49,9,4,B,70.4,0.0759,0.0198,-1,0,NCAPH2_Other,NCAPH2_Other,NCAPH2_ENST00000299821,exon:50517740-50517809,exon,50517740,50517809,69,11.22,10.2,11.78,15.8,4.91,0.0,16.5,3.09,0.0,24.5,,,,insufficient_data,0.5238,0.4271,A,minor,0.4524,0.5012209831575511,0.799986376939313,False,0,False,,,,,,,,,,,,,False,,,,,,,,,
scotch_target,NK cells,ENSG00000025770,NCAPH2,chr22,49,9,4,B,70.4,0.0759,0.0198,-1,0,NCAPH2_Other,NCAPH2_Other,NCAPH2_ENST00000299821,exon:50517972-50518052,exon,50517972,50518052,80,11.22,10.2,11.78,15.8,4.91,0.0,16.5,3.09,0.0,24.5,,,,insufficient_data,0.5238,0.4271,A,minor,0.4524,0.5012209831575511,0.799986376939313,False,0,False,,,,,,,,,,,,,False,,,,,,,,,
scotch_target,NK cells,ENSG00000025770,NCAPH2,chr22,49,9,4,B,70.4,0.0759,0.0198,-1,0,NCAPH2_Other,NCAPH2_Other,NCAPH2_ENST00000299821,exon:50518132-50518276,exon,50518132,50518276,144,11.22,10.2,11.78,15.8,3.45,0.0,17.95,1.54,0.0,26.05,,,,insufficient_data,0.5238,0.4271,A,minor,0.4524,0.5012209831575511,0.799986376939313,False,0,False,,,,,,,,,,,,,False,,,,,,,,,
scotch_target,NK cells,ENSG00000025770,NCAPH2,chr22,49,9,4,B,70.4,0.0759,0.0198,-1,0,NCAPH2_Other,NCAPH2_Other,NCAPH2_ENST00000299821,exon:50518648-50518732,exon,50518648,50518732,84,10.73,10.68,11.27,16.32,3.94,0.0,17.47,2.06,0.0,25.53,,,,insufficient_data,0.5012,0.4085,A,minor,0.4186,0.5176314840605688,0.799986376939313,False,0,False,,,,,,,,,,,,,False,,,,,,,,,
scotch_target,NK cells,ENSG00000025770,NCAPH2,chr22,49,9,4,B,70.4,0.0759,0.0198,-1,0,NCAPH2_Other,NCAPH2_Other,NCAPH2_ENST00000299821,exon:50519189-50519320,exon,50519189,50519320,131,10.73,10.68,11.27,16.32,3.94,0.0,17.47,3.06,0.0,24.53,,,,insufficient_data,0.5012,0.4085,A,minor,0.4186,0.5176314840605688,0.799986376939313,False,0,False,,,,,,,,,,,,,False,,,,,,,,,
scotch_target,NK cells,ENSG00000025770,NCAPH2,chr22,49,9,4,B,70.4,0.0759,0.0198,-1,0,NCAPH2_Other,NCAPH2_Other,NCAPH2_ENST00000299821,exon:50519320-50519546,exon,50519320,50519546,226,2.91,18.5,3.09,24.5,1.94,2.0,17.47,2.06,1.0,24.53,,,,insufficient_data,0.1359,0.112,A,minor,0.0642,0.799986376939313,0.799986376939313,False,0,False,,,,,,,,,,,,,False,,,,,,,,,
scotch_target,NK cells,ENSG00000025770,NCAPH2,chr22,49,9,4,B,70.4,0.0759,0.0198,-1,0,NCAPH2_Other,NCAPH2_Other,NCAPH2_ENST00000299821,exon:50519546-50519637,exon,50519546,50519637,91,2.91,18.5,3.09,24.5,1.94,2.0,17.47,2.06,1.0,24.53,,,,insufficient_data,0.1359,0.112,A,minor,0.0642,0.799986376939313,0.799986376939313,False,0,False,,,,,,,,,,,,,False,,,,,,,,,
scotch_target,NK cells,ENSG00000025770,NCAPH2,chr22,49,9,4,B,70.4,0.0759,0.0198,-1,0,NCAPH2_Other,NCAPH2_Other,NCAPH2_ENST00000299821,exon:50519637-50519752,exon,50519637,50519752,115,2.91,18.5,3.09,24.5,1.94,2.0,17.47,2.06,1.0,24.53,,,,insufficient_data,0.1359,0.112,A,minor,0.0642,0.799986376939313,0.799986376939313,False,0,False,,,,,,,,,,,,,False,,,,,,,,,
scotch_target,NK cells,ENSG00000025770,NCAPH2,chr22,49,9,4,B,70.4,0.0759,0.0198,-1,0,NCAPH2_Other,NCAPH2_Other,NCAPH2_ENST00000299821,exon:50520964-50521036,exon,50520964,50521036,72,7.82,13.59,8.18,19.41,2.97,0.0,18.44,2.03,0.0,25.56,,,,insufficient_data,0.3652,0.2965,A,minor,0.2592,0.6106544281022892,0.799986376939313,False,0,False,,,,,,,,,,,,,False,,,,,,,,,
scotch_target,NK cells,ENSG00000025770,NCAPH2,chr22,49,9,4,B,70.4,0.0759,0.0198,-1,0,NCAPH2_Other,NCAPH2_Other,NCAPH2_ENST00000299821,exon:50521542-50521589,exon,50521542,50521589,47,7.82,13.59,8.18,19.41,2.0,0.0,19.41,1.0,0.0,26.59,,,,insufficient_data,0.3652,0.2965,A,minor,0.2592,0.6106544281022892,0.799986376939313,False,0,False,,,,,,,,,,,,,False,,,,,,,,,
scotch_target,NK cells,ENSG00000025770,NCAPH2,chr22,49,9,4,B,70.4,0.0759,0.0198,-1,0,NCAPH2_Other,NCAPH2_Other,NCAPH2_ENST00000299821,exon:50521589-50521609,exon,50521589,50521609,20,7.82,13.59,8.18,19.41,2.0,0.0,19.41,1.0,0.0,26.59,,,,insufficient_data,0.3652,0.2965,A,minor,0.2592,0.6106544281022892,0.799986376939313,False,0,False,,,,,,,,,,,,,False,,,,,,,,,
scotch_target,NK cells,ENSG00000025770,NCAPH2,chr22,49,9,4,B,70.4,0.0759,0.0198,-1,0,NCAPH2_Other,NCAPH2_Other,NCAPH2_ENST00000299821,exon:50521740-50521848,exon,50521740,50521848,108,7.82,13.59,8.18,19.41,2.0,0.0,19.41,2.0,0.0,25.59,,,,insufficient_data,0.3652,0.2965,A,minor,0.2592,0.6106544281022892,0.799986376939313,False,0,False,,,,,,,,,,,,,False,,,,,,,,,
scotch_target,NK cells,ENSG00000025770,NCAPH2,chr22,49,9,4,B,70.4,0.0759,0.0198,-1,0,NCAPH2_Other,NCAPH2_Other,NCAPH2_ENST00000299821,exon:50521985-50522039,exon,50521985,50522039,54,7.82,13.59,8.18,19.41,2.0,0.0,19.41,2.0,0.0,25.59,,,,insufficient_data,0.3652,0.2965,A,minor,0.2592,0.6106544281022892,0.799986376939313,False,0,False,,,,,,,,,,,,,False,,,,,,,,,
scotch_target,NK cells,ENSG00000025770,NCAPH2,chr22,49,9,4,B,70.4,0.0759,0.0198,-1,0,NCAPH2_Other,NCAPH2_Other,NCAPH2_ENST00000299821,exon:50522180-50522251,exon,50522180,50522251,71,7.82,13.59,8.18,19.41,2.01,0.0,19.4,2.99,0.0,24.6,,,,insufficient_data,0.3652,0.2965,A,minor,0.2592,0.6106544281022892,0.799986376939313,False,0,False,,,,,,,,,,,,,False,,,,,,,,,
scotch_target,NK cells,ENSG00000025770,NCAPH2,chr22,49,9,4,B,70.4,0.0759,0.0198,-1,0,NCAPH2_Other,NCAPH2_Other,NCAPH2_ENST00000299821,exon:50522342-50522415,exon,50522342,50522415,73,7.82,13.59,8.18,19.41,2.01,0.0,19.4,4.99,0.0,22.6,,,,insufficient_data,0.3652,0.2965,A,minor,0.2592,0.6106544281022892,0.799986376939313,False,0,False,,,,,,,,,,,,,False,,,,,,,,,
scotch_target,NK cells,ENSG00000025770,NCAPH2,chr22,49,9,4,B,70.4,0.0759,0.0198,-1,0,NCAPH2_Other,NCAPH2_Other,NCAPH2_ENST00000299821,exon:50522500-50522524,exon,50522500,50522524,24,7.82,13.59,8.18,19.41,2.01,0.0,19.4,5.99,0.0,21.6,,,,insufficient_data,0.3652,0.2965,A,minor,0.2592,0.6106544281022892,0.799986376939313,True,2,False,chr22:50522492:C:G,50522492.0,C,G,A,0.9999940391390134,1.0,8.0,8.0,-,-,promotes_event,True,1.0,4.0,2.0,0.0,7.0,,,,chi2_cross_event
scotch_target,NK cells,ENSG00000025770,NCAPH2,chr22,49,9,4,B,70.4,0.0759,0.0198,-1,0,NCAPH2_Other,NCAPH2_Other,NCAPH2_ENST00000299821,exon:50522500-50522524,exon,50522500,50522524,24,7.82,13.59,8.18,19.41,2.01,0.0,19.4,5.99,0.0,21.6,,,,insufficient_data,0.3652,0.2965,A,minor,0.2592,0.6106544281022892,0.799986376939313,True,2,True,chr22:50522493:C:G,50522493.0,C,G,A,0.9999940391390134,1.0,7.0,7.0,-,-,promotes_event,True,1.0,5.0,2.0,0.0,8.0,,,,chi2_cross_event
scotch_target,NK cells,ENSG00000025770,NCAPH2,chr22,49,9,4,B,70.4,0.0759,0.0198,-1,0,NCAPH2_Other,NCAPH2_Other,NCAPH2_ENST00000299821,exon:50522524-50522569,exon,50522524,50522569,45,7.82,13.59,8.18,19.41,2.01,0.0,19.4,5.99,0.0,21.6,,,,insufficient_data,0.3652,0.2965,A,minor,0.2592,0.6106544281022892,0.799986376939313,True,2,False,chr22:50522492:C:G,50522492.0,C,G,A,0.9999940391390134,1.0,32.0,32.0,-,-,promotes_event,True,1.0,4.0,2.0,0.0,7.0,,,,chi2_cross_event
scotch_target,NK cells,ENSG00000025770,NCAPH2,chr22,49,9,4,B,70.4,0.0759,0.0198,-1,0,NCAPH2_Other,NCAPH2_Other,NCAPH2_ENST00000299821,exon:50522524-50522569,exon,50522524,50522569,45,7.82,13.59,8.18,19.41,2.01,0.0,19.4,5.99,0.0,21.6,,,,insufficient_data,0.3652,0.2965,A,minor,0.2592,0.6106544281022892,0.799986376939313,True,2,True,chr22:50522493:C:G,50522493.0,C,G,A,0.9999940391390134,1.0,31.0,31.0,-,-,promotes_event,True,1.0,5.0,2.0,0.0,8.0,,,,chi2_cross_event
scotch_target,NK cells,ENSG00000025770,NCAPH2,chr22,49,9,4,B,70.4,0.0759,0.0198,-1,0,NCAPH2_Other,NCAPH2_Other,NCAPH2_ENST00000299821,exon:50522670-50522720,exon,50522670,50522720,50,7.82,13.59,8.18,19.41,2.98,0.0,18.43,7.02,0.0,20.57,,,,insufficient_data,0.3652,0.2965,A,minor,0.2592,0.6106544281022892,0.799986376939313,False,0,False,,,,,,,,,,,,,False,,,,,,,,,
scotch_target,NK cells,ENSG00000025770,NCAPH2,chr22,49,9,4,B,70.4,0.0759,0.0198,-1,0,NCAPH2_Other,NCAPH2_Other,NCAPH2_ENST00000299821,exon:50522820-50522922,exon,50522820,50522922,102,7.82,13.59,8.18,19.41,3.46,0.0,17.94,7.54,0.0,20.06,,,,insufficient_data,0.3652,0.2965,A,minor,0.2592,0.6106544281022892,0.799986376939313,False,0,False,,,,,,,,,,,,,False,,,,,,,,,
scotch_target,NK cells,ENSG00000025770,NCAPH2,chr22,49,9,4,B,70.4,0.0759,0.0198,-1,0,NCAPH2_Other,NCAPH2_Other,NCAPH2_ENST00000299821,exon:50523016-50523079,exon,50523016,50523079,63,7.82,13.59,8.18,19.41,5.89,0.0,15.52,10.11,0.0,17.48,,,,insufficient_data,0.3652,0.2965,A,minor,0.2592,0.6106544281022892,0.799986376939313,False,0,False,,,,,,,,,,,,,False,,,,,,,,,
scotch_target,NK cells,ENSG00000025770,NCAPH2,chr22,49,9,4,B,70.4,0.0759,0.0198,-1,0,NCAPH2_Other,NCAPH2_Other,NCAPH2_ENST00000299821,exon:50523079-50523166,exon,50523079,50523166,87,7.82,13.59,8.18,19.41,6.86,0.0,14.55,11.14,0.0,16.45,,,,insufficient_data,0.3652,0.2965,A,minor,0.2592,0.6106544281022892,0.799986376939313,False,0,False,,,,,,,,,,,,,False,,,,,,,,,
scotch_target,NK cells,ENSG00000025770,NCAPH2,chr22,49,9,4,B,70.4,0.0759,0.0198,-1,0,NCAPH2_Other,NCAPH2_Other,NCAPH2_ENST00000299821,exon:50523234-50523471,exon,50523234,50523471,237,7.82,13.59,8.18,19.41,8.31,0.0,13.09,12.69,0.0,14.91,,,,insufficient_data,0.3652,0.2965,A,minor,0.2592,0.6106544281022892,0.799986376939313,False,0,False,,,,,,,,,,,,,False,,,,,,,,,
scotch_target,NK cells,ENSG00000025770,NCAPH2,chr22,49,9,4,B,70.4,0.0759,0.0198,-1,0,NCAPH2_Other,NCAPH2_Other,NCAPH2_ENST00000299821,exon:50523472-50523567,exon,50523472,50523567,95,2.94,18.47,3.06,24.53,0.0,0.0,21.41,0.0,0.0,27.59,,,,insufficient_data,0.1373,0.1109,A,minor,0.0782,0.7796898214056736,0.799986376939313,False,0,False,,,,,,,,,,,,,False,,,,,,,,,
scotch_target,NK cells,ENSG00000025770,NCAPH2,chr22,49,9,4,B,70.4,0.0759,0.0198,-1,0,NCAPH2_Other,NCAPH2_Other,NCAPH2_ENST00000299821,exon:50523567-50523572,exon,50523567,50523572,5,2.94,18.47,3.06,24.53,4.36,0.0,17.04,5.63,0.0,21.96,,,,insufficient_data,0.1373,0.1109,A,minor,0.0782,0.7796898214056736,0.799986376939313,False,0,False,,,,,,,,,,,,,False,,,,,,,,,
scotch_target,NK cells,ENSG00000025770,NCAPH2,chr22,49,9,4,B,70.4,0.0759,0.0198,-1,0,NCAPH2_Other,NCAPH2_Other,NCAPH2_ENST00000299821,exon:50523572-50523595,exon,50523572,50523595,23,2.94,18.47,3.06,24.53,5.82,0.0,15.59,7.18,0.0,20.41,,,,insufficient_data,0.1373,0.1109,A,minor,0.0782,0.7796898214056736,0.799986376939313,False,0,False,,,,,,,,,,,,,False,,,,,,,,,
scotch_target,NK cells,ENSG00000025770,NCAPH2,chr22,49,9,4,B,70.4,0.0759,0.0198,-1,0,NCAPH2_Other,NCAPH2_Other,NCAPH2_ENST00000299821,exon:50523595-50523905,exon,50523595,50523905,310,2.94,18.47,3.06,24.53,5.82,0.0,15.59,7.18,0.0,20.41,,,,insufficient_data,0.1373,0.1109,A,minor,0.0782,0.7796898214056736,0.799986376939313,False,0,False,,,,,,,,,,,,,False,,,,,,,,,
scotch_target,NK cells,ENSG00000025770,NCAPH2,chr22,49,9,4,B,70.4,0.0759,0.0198,-1,0,NCAPH2_Other,NCAPH2_Other,NCAPH2_ENST00000299821,exon:50523905-50523925,exon,50523905,50523925,20,2.94,18.47,3.06,24.53,5.33,0.0,16.07,6.66,0.0,20.93,,,,insufficient_data,0.1373,0.1109,A,minor,0.0782,0.7796898214056736,0.799986376939313,False,0,False,,,,,,,,,,,,,False,,,,,,,,,
scotch_target,NK cells,ENSG00000025770,NCAPH2,chr22,49,9,4,B,70.4,0.0759,0.0198,-1,0,NCAPH2_Other,NCAPH2_Other,NCAPH2_ENST00000299821,exon:50523925-50524424,exon,50523925,50524424,499,2.94,18.47,3.06,24.53,5.33,0.0,16.07,6.66,0.0,20.93,,,,insufficient_data,0.1373,0.1109,A,minor,0.0782,0.7796898214056736,0.799986376939313,False,0,False,,,,,,,,,,,,,False,,,,,,,,,
scotch_target,NK cells,ENSG00000025770,NCAPH2,chr22,49,9,4,B,70.4,0.0759,0.0198,-1,0,NCAPH2_Other,NCAPH2_Other,NCAPH2_ENST00000299821,exon:50524424-50524754,exon,50524424,50524754,330,2.94,18.47,3.06,24.53,0.0,1.94,19.47,1.0,2.06,24.53,,,,insufficient_data,0.1373,0.1109,A,minor,0.0782,0.7796898214056736,0.799986376939313,True,2,True,chr22:50524518:G:T,50524518.0,G,T,A,0.9999940391390134,1.0,0.0,94.0,-,-,promotes_event,True,1.0,0.0,0.0,0.0,1.0,,,,binomial_intra_event
scotch_target,NK cells,ENSG00000025770,NCAPH2,chr22,49,9,4,B,70.4,0.0759,0.0198,-1,0,NCAPH2_Other,NCAPH2_Other,NCAPH2_ENST00000299821,exon:50524424-50524754,exon,50524424,50524754,330,2.94,18.47,3.06,24.53,0.0,1.94,19.47,1.0,2.06,24.53,,,,insufficient_data,0.1373,0.1109,A,minor,0.0782,0.7796898214056736,0.799986376939313,True,2,False,chr22:50524600:C:T,50524600.0,C,T,B,5.9608609865491405e-06,1.0,0.0,154.0,+,+,reduces_event,True,0.0,0.0,1.0,0.0,1.0,,,,binomial_intra_event
scotch_target,NK cells,ENSG00000025770,NCAPH2,chr22,49,9,4,B,70.4,0.0759,0.0198,-1,0,NCAPH2_Other,NCAPH2_Other,NCAPH2_ENST00000299821,exon:50524754-50524780,exon,50524754,50524780,26,2.94,18.47,3.06,24.53,0.0,1.94,19.47,1.0,2.06,24.53,,,,insufficient_data,0.1373,0.1109,A,minor,0.0782,0.7796898214056736,0.799986376939313,False,0,False,,,,,,,,,,,,,False,,,,,,,,,
scotch_target,NK cells,ENSG00000025770,NCAPH2,chr22,49,9,4,B,70.4,0.0759,0.0198,-1,0,NCAPH2_Other,NCAPH2_Other,NCAPH2_ENST00000299821,junction:50508445-50516446,junction,50508445,50516446,8001,10.73,10.68,11.27,16.32,0.0,0.0,21.41,0.0,0.0,27.59,,,,insufficient_data,0.5012,0.4085,A,minor,0.4186,0.5176314840605688,0.799986376939313,False,0,False,,,,,,,,,,,,,False,,,,,,,,,
scotch_target,NK cells,ENSG00000025770,NCAPH2,chr22,49,9,4,B,70.4,0.0759,0.0198,-1,0,NCAPH2_Other,NCAPH2_Other,NCAPH2_ENST00000299821,junction:50516548-50517426,junction,50516548,50517426,878,11.22,10.2,11.78,15.8,0.0,0.0,21.41,0.0,0.0,27.59,,,,insufficient_data,0.5238,0.4271,A,minor,0.4524,0.5012209831575511,0.799986376939313,False,0,False,,,,,,,,,,,,,False,,,,,,,,,
scotch_target,NK cells,ENSG00000025770,NCAPH2,chr22,49,9,4,B,70.4,0.0759,0.0198,-1,0,NCAPH2_Other,NCAPH2_Other,NCAPH2_ENST00000299821,junction:50517482-50517576,junction,50517482,50517576,94,11.22,10.2,11.78,15.8,0.0,0.0,21.41,0.0,0.0,27.59,,,,insufficient_data,0.5238,0.4271,A,minor,0.4524,0.5012209831575511,0.799986376939313,False,0,False,,,,,,,,,,,,,False,,,,,,,,,
scotch_target,NK cells,ENSG00000025770,NCAPH2,chr22,49,9,4,B,70.4,0.0759,0.0198,-1,0,NCAPH2_Other,NCAPH2_Other,NCAPH2_ENST00000299821,junction:50517661-50517740,junction,50517661,50517740,79,11.22,10.2,11.78,15.8,0.0,0.48,20.92,0.0,0.52,27.08,,,,insufficient_data,0.5238,0.4271,A,minor,0.4524,0.5012209831575511,0.799986376939313,False,0,False,,,,,,,,,,,,,False,,,,,,,,,
scotch_target,NK cells,ENSG00000025770,NCAPH2,chr22,49,9,4,B,70.4,0.0759,0.0198,-1,0,NCAPH2_Other,NCAPH2_Other,NCAPH2_ENST00000299821,junction:50517809-50517972,junction,50517809,50517972,163,11.22,10.2,11.78,15.8,0.0,0.48,20.92,0.0,0.52,27.08,,,,insufficient_data,0.5238,0.4271,A,minor,0.4524,0.5012209831575511,0.799986376939313,False,0,False,,,,,,,,,,,,,False,,,,,,,,,
scotch_target,NK cells,ENSG00000025770,NCAPH2,chr22,49,9,4,B,70.4,0.0759,0.0198,-1,0,NCAPH2_Other,NCAPH2_Other,NCAPH2_ENST00000299821,junction:50518052-50518132,junction,50518052,50518132,80,11.22,10.2,11.78,15.8,0.0,0.48,20.92,0.0,0.52,27.08,,,,insufficient_data,0.5238,0.4271,A,minor,0.4524,0.5012209831575511,0.799986376939313,False,0,False,,,,,,,,,,,,,False,,,,,,,,,
scotch_target,NK cells,ENSG00000025770,NCAPH2,chr22,49,9,4,B,70.4,0.0759,0.0198,-1,0,NCAPH2_Other,NCAPH2_Other,NCAPH2_ENST00000299821,junction:50518278-50518648,junction,50518278,50518648,370,10.73,10.68,11.27,16.32,0.0,0.0,21.41,0.0,0.0,27.59,,,,insufficient_data,0.5012,0.4085,A,minor,0.4186,0.5176314840605688,0.799986376939313,False,0,False,,,,,,,,,,,,,False,,,,,,,,,
scotch_target,NK cells,ENSG00000025770,NCAPH2,chr22,49,9,4,B,70.4,0.0759,0.0198,-1,0,NCAPH2_Other,NCAPH2_Other,NCAPH2_ENST00000299821,junction:50518732-50519189,junction,50518732,50519189,457,10.73,10.68,11.27,16.32,0.0,0.0,21.41,0.0,0.0,27.59,,,,insufficient_data,0.5012,0.4085,A,minor,0.4186,0.5176314840605688,0.799986376939313,False,0,False,,,,,,,,,,,,,False,,,,,,,,,
scotch_target,NK cells,ENSG00000025770,NCAPH2,chr22,49,9,4,B,70.4,0.0759,0.0198,-1,0,NCAPH2_Other,NCAPH2_Other,NCAPH2_ENST00000299821,junction:50519320-50520964,junction,50519320,50520964,1644,7.82,13.59,8.18,19.41,0.0,0.0,21.41,0.0,0.0,27.59,,,,insufficient_data,0.3652,0.2965,A,minor,0.2592,0.6106544281022892,0.799986376939313,False,0,False,,,,,,,,,,,,,False,,,,,,,,,
scotch_target,NK cells,ENSG00000025770,NCAPH2,chr22,49,9,4,B,70.4,0.0759,0.0198,-1,0,NCAPH2_Other,NCAPH2_Other,NCAPH2_ENST00000299821,junction:50521036-50521542,junction,50521036,50521542,506,7.82,13.59,8.18,19.41,0.0,0.0,21.41,0.0,0.0,27.59,,,,insufficient_data,0.3652,0.2965,A,minor,0.2592,0.6106544281022892,0.799986376939313,False,0,False,,,,,,,,,,,,,False,,,,,,,,,
scotch_target,NK cells,ENSG00000025770,NCAPH2,chr22,49,9,4,B,70.4,0.0759,0.0198,-1,0,NCAPH2_Other,NCAPH2_Other,NCAPH2_ENST00000299821,junction:50521609-50521740,junction,50521609,50521740,131,7.82,13.59,8.18,19.41,0.0,0.0,21.41,0.0,0.0,27.59,,,,insufficient_data,0.3652,0.2965,A,minor,0.2592,0.6106544281022892,0.799986376939313,False,0,False,,,,,,,,,,,,,False,,,,,,,,,
scotch_target,NK cells,ENSG00000025770,NCAPH2,chr22,49,9,4,B,70.4,0.0759,0.0198,-1,0,NCAPH2_Other,NCAPH2_Other,NCAPH2_ENST00000299821,junction:50521848-50521985,junction,50521848,50521985,137,7.82,13.59,8.18,19.41,0.0,0.0,21.41,0.0,0.0,27.59,,,,insufficient_data,0.3652,0.2965,A,minor,0.2592,0.6106544281022892,0.799986376939313,False,0,False,,,,,,,,,,,,,False,,,,,,,,,
scotch_target,NK cells,ENSG00000025770,NCAPH2,chr22,49,9,4,B,70.4,0.0759,0.0198,-1,0,NCAPH2_Other,NCAPH2_Other,NCAPH2_ENST00000299821,junction:50522039-50522180,junction,50522039,50522180,141,7.82,13.59,8.18,19.41,0.0,0.0,21.41,0.0,0.0,27.59,,,,insufficient_data,0.3652,0.2965,A,minor,0.2592,0.6106544281022892,0.799986376939313,False,0,False,,,,,,,,,,,,,False,,,,,,,,,
scotch_target,NK cells,ENSG00000025770,NCAPH2,chr22,49,9,4,B,70.4,0.0759,0.0198,-1,0,NCAPH2_Other,NCAPH2_Other,NCAPH2_ENST00000299821,junction:50522251-50522342,junction,50522251,50522342,91,7.82,13.59,8.18,19.41,0.0,0.01,21.4,0.0,0.99,26.6,,,,insufficient_data,0.3652,0.2965,A,minor,0.2592,0.6106544281022892,0.799986376939313,False,0,False,,,,,,,,,,,,,False,,,,,,,,,
scotch_target,NK cells,ENSG00000025770,NCAPH2,chr22,49,9,4,B,70.4,0.0759,0.0198,-1,0,NCAPH2_Other,NCAPH2_Other,NCAPH2_ENST00000299821,junction:50522415-50522497,junction,50522415,50522497,82,3.91,17.5,4.09,23.5,0.0,0.01,21.4,0.0,3.99,23.6,,,,insufficient_data,0.1826,0.1482,A,minor,0.1043,0.7467040650852627,0.799986376939313,True,2,False,chr22:50522492:C:G,50522492.0,C,G,A,0.9999940391390134,1.0,0.0,5.0,-,-,promotes_event,True,1.0,4.0,1.0,1.0,7.0,,,,chi2_cross_event
scotch_target,NK cells,ENSG00000025770,NCAPH2,chr22,49,9,4,B,70.4,0.0759,0.0198,-1,0,NCAPH2_Other,NCAPH2_Other,NCAPH2_ENST00000299821,junction:50522415-50522497,junction,50522415,50522497,82,3.91,17.5,4.09,23.5,0.0,0.01,21.4,0.0,3.99,23.6,,,,insufficient_data,0.1826,0.1482,A,minor,0.1043,0.7467040650852627,0.799986376939313,True,2,True,chr22:50522493:C:G,50522493.0,C,G,A,0.9999940391390134,1.0,0.0,4.0,-,-,promotes_event,True,1.0,5.0,1.0,1.0,8.0,,,,chi2_cross_event
scotch_target,NK cells,ENSG00000025770,NCAPH2,chr22,49,9,4,B,70.4,0.0759,0.0198,-1,0,NCAPH2_Other,NCAPH2_Other,NCAPH2_ENST00000299821,junction:50522415-50522500,junction,50522415,50522500,85,3.91,17.5,4.09,23.5,0.0,0.01,21.4,0.0,3.99,23.6,,,,insufficient_data,0.1826,0.1482,A,minor,0.1043,0.7467040650852627,0.799986376939313,True,2,False,chr22:50522492:C:G,50522492.0,C,G,A,0.9999940391390134,1.0,0.0,8.0,-,-,promotes_event,True,0.0,5.0,1.0,1.0,7.0,,,,chi2_cross_event
scotch_target,NK cells,ENSG00000025770,NCAPH2,chr22,49,9,4,B,70.4,0.0759,0.0198,-1,0,NCAPH2_Other,NCAPH2_Other,NCAPH2_ENST00000299821,junction:50522415-50522500,junction,50522415,50522500,85,3.91,17.5,4.09,23.5,0.0,0.01,21.4,0.0,3.99,23.6,,,,insufficient_data,0.1826,0.1482,A,minor,0.1043,0.7467040650852627,0.799986376939313,True,2,True,chr22:50522493:C:G,50522493.0,C,G,A,0.9999940391390134,1.0,0.0,7.0,-,-,promotes_event,True,0.0,6.0,1.0,1.0,8.0,,,,chi2_cross_event
scotch_target,NK cells,ENSG00000025770,NCAPH2,chr22,49,9,4,B,70.4,0.0759,0.0198,-1,0,NCAPH2_Other,NCAPH2_Other,NCAPH2_ENST00000299821,junction:50522569-50522670,junction,50522569,50522670,101,7.82,13.59,8.18,19.41,0.0,0.01,21.4,0.0,3.99,23.6,,,,insufficient_data,0.3652,0.2965,A,minor,0.2592,0.6106544281022892,0.799986376939313,False,0,False,,,,,,,,,,,,,False,,,,,,,,,
scotch_target,NK cells,ENSG00000025770,NCAPH2,chr22,49,9,4,B,70.4,0.0759,0.0198,-1,0,NCAPH2_Other,NCAPH2_Other,NCAPH2_ENST00000299821,junction:50522720-50522820,junction,50522720,50522820,100,7.82,13.59,8.18,19.41,0.0,0.01,21.4,0.0,2.99,24.6,,,,insufficient_data,0.3652,0.2965,A,minor,0.2592,0.6106544281022892,0.799986376939313,False,0,False,,,,,,,,,,,,,False,,,,,,,,,
scotch_target,NK cells,ENSG00000025770,NCAPH2,chr22,49,9,4,B,70.4,0.0759,0.0198,-1,0,NCAPH2_Other,NCAPH2_Other,NCAPH2_ENST00000299821,junction:50522922-50523016,junction,50522922,50523016,94,7.82,13.59,8.18,19.41,0.0,1.47,19.94,0.0,3.54,24.06,,,,insufficient_data,0.3652,0.2965,A,minor,0.2592,0.6106544281022892,0.799986376939313,False,0,False,,,,,,,,,,,,,False,,,,,,,,,
scotch_target,NK cells,ENSG00000025770,NCAPH2,chr22,49,9,4,B,70.4,0.0759,0.0198,-1,0,NCAPH2_Other,NCAPH2_Other,NCAPH2_ENST00000299821,junction:50523166-50523234,junction,50523166,50523234,68,6.85,14.56,7.15,20.44,0.0,2.92,18.49,0.0,7.08,20.51,,,,insufficient_data,0.3199,0.2592,A,minor,0.2183,0.6403349465790891,0.799986376939313,False,0,False,,,,,,,,,,,,,False,,,,,,,,,
scotch_target,NK cells,ENSG00000099940,SNAP29,chr22,34,19,5,A,70.4,0.0842,0.0128,-1,-1,SNAP29_ENST00000215730,SNAP29_ENST00000215730,SNAP29_ENST00000215730,exon:20859006-20859080,exon,20859006,20859080,74,14.41,4.95,9.59,5.05,5.96,0.0,13.4,2.04,0.0,12.6,,,,insufficient_data,0.7443,0.6551,A,major,0.318,0.5728359455064369,0.658698536916992,True,1,True,chr22:20859091:C:T,20859091.0,C,T,A,0.9999940391390134,1.0,11.0,11.0,+,+,promotes_event,True,4.0,1.0,8.0,1.0,14.0,0.2074,0.6488070849862198,0.6488070849862198,chi2_cross_event
scotch_target,NK cells,ENSG00000099940,SNAP29,chr22,34,19,5,A,70.4,0.0842,0.0128,-1,-1,SNAP29_ENST00000215730,SNAP29_ENST00000215730,SNAP29_ENST00000215730,exon:20859080-20859122,exon,20859080,20859122,42,15.4,3.96,10.6,4.04,8.96,0.0,10.4,5.04,0.0,9.6,,,,insufficient_data,0.7955,0.724,A,major,0.2329,0.6293772022477473,0.658698536916992,True,1,True,chr22:20859091:C:T,20859091.0,C,T,A,0.9999940391390134,1.0,0.0,11.0,+,+,promotes_event,True,5.0,0.0,9.0,0.0,14.0,,0.4239501953125,0.6488070849862198,binomial_intra_event
scotch_target,NK cells,ENSG00000099940,SNAP29,chr22,34,19,5,A,70.4,0.0842,0.0128,-1,-1,SNAP29_ENST00000215730,SNAP29_ENST00000215730,SNAP29_ENST00000215730,exon:20859122-20859347,exon,20859122,20859347,225,15.4,3.96,10.6,4.04,11.43,0.0,7.93,7.57,0.0,7.07,,,,insufficient_data,0.7955,0.724,A,major,0.2329,0.6293772022477473,0.658698536916992,True,1,True,chr22:20859091:C:T,20859091.0,C,T,A,0.9999940391390134,1.0,31.0,31.0,+,+,promotes_event,True,4.0,1.0,8.0,1.0,14.0,0.2074,0.6488070849862198,0.6488070849862198,chi2_cross_event
scotch_target,NK cells,ENSG00000099940,SNAP29,chr22,34,19,5,A,70.4,0.0842,0.0128,-1,-1,SNAP29_ENST00000215730,SNAP29_ENST00000215730,SNAP29_ENST00000215730,exon:20870336-20870533,exon,20870336,20870533,197,15.89,3.47,11.11,3.53,11.92,0.0,7.44,7.08,0.0,7.56,,,,insufficient_data,0.8208,0.7589,A,major,0.1951,0.658698536916992,0.658698536916992,False,0,False,,,,,,,,,,,,,False,,,,,,,,,
scotch_target,NK cells,ENSG00000099940,SNAP29,chr22,34,19,5,A,70.4,0.0842,0.0128,-1,-1,SNAP29_ENST00000215730,SNAP29_ENST00000215730,SNAP29_ENST00000215730,exon:20881048-20881134,exon,20881048,20881134,86,14.9,4.46,10.1,4.54,8.94,0.99,9.43,6.06,1.01,7.57,0.0758,0.7831042434728968,0.9334859227614498,chi2_hap_event,0.7696,0.6899,A,major,0.2737,0.6008397980582443,0.658698536916992,False,0,False,,,,,,,,,,,,,False,,,,,,,,,
scotch_target,NK cells,ENSG00000099940,SNAP29,chr22,34,19,5,A,70.4,0.0842,0.0128,-1,-1,SNAP29_ENST00000215730,SNAP29_ENST00000215730,SNAP29_ENST00000215730,exon:20883470-20883569,exon,20883470,20883569,99,14.9,4.46,10.1,4.54,9.44,0.49,9.43,6.56,0.51,7.57,0.0355,0.8505093623421999,0.9334859227614498,chi2_hap_event,0.7696,0.6899,A,major,0.2737,0.6008397980582443,0.658698536916992,False,0,False,,,,,,,,,,,,,False,,,,,,,,,
scotch_target,NK cells,ENSG00000099940,SNAP29,chr22,34,19,5,A,70.4,0.0842,0.0128,-1,-1,SNAP29_ENST00000215730,SNAP29_ENST00000215730,SNAP29_ENST00000215730,exon:20887678-20887819,exon,20887678,20887819,141,14.9,4.46,10.1,4.54,9.44,0.49,9.43,6.56,0.51,7.57,0.0355,0.8505093623421999,0.9334859227614498,chi2_hap_event,0.7696,0.6899,A,major,0.2737,0.6008397980582443,0.658698536916992,False,0,False,,,,,,,,,,,,,False,,,,,,,,,
scotch_target,NK cells,ENSG00000099940,SNAP29,chr22,34,19,5,A,70.4,0.0842,0.0128,-1,-1,SNAP29_ENST00000215730,SNAP29_ENST00000215730,SNAP29_ENST00000215730,exon:20887819-20887975,exon,20887819,20887975,156,14.41,4.95,9.59,5.05,6.45,0.49,12.42,5.55,0.51,8.58,0.007,0.9334859227614498,0.9334859227614498,chi2_hap_event,0.7443,0.6551,A,major,0.318,0.5728359455064369,0.658698536916992,False,0,False,,,,,,,,,,,,,False,,,,,,,,,
scotch_target,NK cells,ENSG00000099940,SNAP29,chr22,34,19,5,A,70.4,0.0842,0.0128,-1,-1,SNAP29_ENST00000215730,SNAP29_ENST00000215730,SNAP29_ENST00000215730,exon:20887975-20889205,exon,20887975,20889205,1230,14.41,4.95,9.59,5.05,0.0,0.49,18.86,1.0,0.51,13.14,,,,insufficient_data,0.7443,0.6551,A,major,0.318,0.5728359455064369,0.658698536916992,True,1,True,chr22:20888964:T:C,20888964.0,T,C,B,5.9608609865491405e-06,1.0,0.0,241.0,-,-,reduces_event,True,0.0,0.0,0.0,0.0,0.0,,,,binomial_intra_event
scotch_target,NK cells,ENSG00000099940,SNAP29,chr22,34,19,5,A,70.4,0.0842,0.0128,-1,-1,SNAP29_ENST00000215730,SNAP29_ENST00000215730,SNAP29_ENST00000215730,exon:20889205-20889263,exon,20889205,20889263,58,14.41,4.95,9.59,5.05,0.0,0.49,18.86,0.0,0.51,14.14,,,,insufficient_data,0.7443,0.6551,A,major,0.318,0.5728359455064369,0.658698536916992,False,0,False,,,,,,,,,,,,,False,,,,,,,,,
scotch_target,NK cells,ENSG00000099940,SNAP29,chr22,34,19,5,A,70.4,0.0842,0.0128,-1,-1,SNAP29_ENST00000215730,SNAP29_ENST00000215730,SNAP29_ENST00000215730,exon:20889263-20890899,exon,20889263,20890899,1636,14.41,4.95,9.59,5.05,3.98,0.0,15.38,3.02,0.0,11.62,,,,insufficient_data,0.7443,0.6551,A,major,0.318,0.5728359455064369,0.658698536916992,True,3,False,chr22:20889398:T:G,20889398.0,T,G,B,5.9608609865491405e-06,1.0,0.0,135.0,-,-,reduces_event,True,0.0,0.0,0.0,0.0,0.0,,,,binomial_intra_event
scotch_target,NK cells,ENSG00000099940,SNAP29,chr22,34,19,5,A,70.4,0.0842,0.0128,-1,-1,SNAP29_ENST00000215730,SNAP29_ENST00000215730,SNAP29_ENST00000215730,exon:20889263-20890899,exon,20889263,20890899,1636,14.41,4.95,9.59,5.05,3.98,0.0,15.38,3.02,0.0,11.62,,,,insufficient_data,0.7443,0.6551,A,major,0.318,0.5728359455064369,0.658698536916992,True,3,False,chr22:20890096:G:T,20890096.0,G,T,A,0.9999940391390134,1.0,0.0,803.0,+,+,promotes_event,True,1.0,0.0,2.0,0.0,3.0,,,,binomial_intra_event
scotch_target,NK cells,ENSG00000099940,SNAP29,chr22,34,19,5,A,70.4,0.0842,0.0128,-1,-1,SNAP29_ENST00000215730,SNAP29_ENST00000215730,SNAP29_ENST00000215730,exon:20889263-20890899,exon,20889263,20890899,1636,14.41,4.95,9.59,5.05,3.98,0.0,15.38,3.02,0.0,11.62,,,,insufficient_data,0.7443,0.6551,A,major,0.318,0.5728359455064369,0.658698536916992,True,3,True,chr22:20890796:T:C,20890796.0,T,C,A,0.9999940391390134,1.0,0.0,103.0,+,+,promotes_event,True,1.0,0.0,2.0,0.0,3.0,,,,binomial_intra_event
scotch_target,NK cells,ENSG00000099940,SNAP29,chr22,34,19,5,A,70.4,0.0842,0.0128,-1,-1,SNAP29_ENST00000215730,SNAP29_ENST00000215730,SNAP29_ENST00000215730,exon:20890899-20891214,exon,20890899,20891214,315,14.41,4.95,9.59,5.05,3.48,0.0,15.88,2.52,0.0,12.12,,,,insufficient_data,0.7443,0.6551,A,major,0.318,0.5728359455064369,0.658698536916992,False,0,False,,,,,,,,,,,,,False,,,,,,,,,
scotch_target,NK cells,ENSG00000099940,SNAP29,chr22,34,19,5,A,70.4,0.0842,0.0128,-1,-1,SNAP29_ENST00000215730,SNAP29_ENST00000215730,SNAP29_ENST00000215730,junction:20859347-20870336,junction,20859347,20870336,10989,15.4,3.96,10.6,4.04,0.0,0.0,19.36,0.0,0.0,14.64,,,,insufficient_data,0.7955,0.724,A,major,0.2329,0.6293772022477473,0.658698536916992,False,0,False,,,,,,,,,,,,,False,,,,,,,,,
scotch_target,NK cells,ENSG00000099940,SNAP29,chr22,34,19,5,A,70.4,0.0842,0.0128,-1,-1,SNAP29_ENST00000215730,SNAP29_ENST00000215730,SNAP29_ENST00000215730,junction:20870533-20881048,junction,20870533,20881048,10515,14.9,4.46,10.1,4.54,0.0,0.0,19.36,0.0,0.0,14.64,,,,insufficient_data,0.7696,0.6899,A,major,0.2737,0.6008397980582443,0.658698536916992,False,0,False,,,,,,,,,,,,,False,,,,,,,,,
scotch_target,NK cells,ENSG00000099940,SNAP29,chr22,34,19,5,A,70.4,0.0842,0.0128,-1,-1,SNAP29_ENST00000215730,SNAP29_ENST00000215730,SNAP29_ENST00000215730,junction:20881134-20883470,junction,20881134,20883470,2336,14.9,4.46,10.1,4.54,0.0,0.0,19.36,0.0,0.0,14.64,,,,insufficient_data,0.7696,0.6899,A,major,0.2737,0.6008397980582443,0.658698536916992,False,0,False,,,,,,,,,,,,,False,,,,,,,,,
scotch_target,NK cells,ENSG00000099940,SNAP29,chr22,34,19,5,A,70.4,0.0842,0.0128,-1,-1,SNAP29_ENST00000215730,SNAP29_ENST00000215730,SNAP29_ENST00000215730,junction:20883569-20887678,junction,20883569,20887678,4109,14.9,4.46,10.1,4.54,0.0,0.0,19.36,0.0,0.0,14.64,,,,insufficient_data,0.7696,0.6899,A,major,0.2737,0.6008397980582443,0.658698536916992,False,0,False,,,,,,,,,,,,,False,,,,,,,,,
scotch_target,NK cells,ENSG00000100207,TCF20,chr22,109,24,8,A,70.4,0.0461,0.0615,-1,-1,TCF20_Other,TCF20_Other,TCF20_Other,exon:42160012-42160052,exon,42160012,42160052,40,4.2,49.22,4.8,50.78,2.8,0.0,50.62,3.2,0.0,52.38,,,,insufficient_data,0.0786,0.0864,B,minor,0.021,0.8847373396058336,0.9201268331900668,False,0,False,,,,,,,,,,,,,False,,,,,,,,,
scotch_target,NK cells,ENSG00000100207,TCF20,chr22,109,24,8,A,70.4,0.0461,0.0615,-1,-1,TCF20_Other,TCF20_Other,TCF20_Other,exon:42160052-42160165,exon,42160052,42160165,113,4.2,49.22,4.8,50.78,3.27,0.0,50.16,3.73,0.0,51.84,,,,insufficient_data,0.0786,0.0864,B,minor,0.021,0.8847373396058336,0.9201268331900668,False,0,False,,,,,,,,,,,,,False,,,,,,,,,
scotch_target,NK cells,ENSG00000100207,TCF20,chr22,109,24,8,A,70.4,0.0461,0.0615,-1,-1,TCF20_Other,TCF20_Other,TCF20_Other,exon:42160165-42161055,exon,42160165,42161055,890,4.2,49.22,4.8,50.78,4.2,0.0,49.22,4.8,0.0,50.78,,,,insufficient_data,0.0786,0.0864,B,minor,0.021,0.8847373396058336,0.9201268331900668,False,0,False,,,,,,,,,,,,,False,,,,,,,,,
scotch_target,NK cells,ENSG00000100207,TCF20,chr22,109,24,8,A,70.4,0.0461,0.0615,-1,-1,TCF20_Other,TCF20_Other,TCF20_Other,exon:42161055-42161097,exon,42161055,42161097,42,6.07,47.35,6.93,48.65,0.47,0.0,52.96,0.53,0.0,55.04,,,,insufficient_data,0.1136,0.1247,B,minor,0.0316,0.85886376631694,0.9201268331900668,False,0,False,,,,,,,,,,,,,False,,,,,,,,,
scotch_target,NK cells,ENSG00000100207,TCF20,chr22,109,24,8,A,70.4,0.0461,0.0615,-1,-1,TCF20_Other,TCF20_Other,TCF20_Other,exon:42161097-42161358,exon,42161097,42161358,261,6.07,47.35,6.93,48.65,0.47,0.0,52.96,0.53,0.0,55.04,,,,insufficient_data,0.1136,0.1247,B,minor,0.0316,0.85886376631694,0.9201268331900668,False,0,False,,,,,,,,,,,,,False,,,,,,,,,
scotch_target,NK cells,ENSG00000100207,TCF20,chr22,109,24,8,A,70.4,0.0461,0.0615,-1,-1,TCF20_Other,TCF20_Other,TCF20_Other,exon:42168608-42168703,exon,42168608,42168703,95,4.2,49.22,4.8,50.78,0.0,0.47,52.96,0.0,0.53,55.04,,,,insufficient_data,0.0786,0.0864,B,minor,0.021,0.8847373396058336,0.9201268331900668,False,0,False,,,,,,,,,,,,,False,,,,,,,,,
scotch_target,NK cells,ENSG00000100207,TCF20,chr22,109,24,8,A,70.4,0.0461,0.0615,-1,-1,TCF20_Other,TCF20_Other,TCF20_Other,exon:42168703-42168736,exon,42168703,42168736,33,4.2,49.22,4.8,50.78,0.0,0.47,52.96,0.0,0.53,55.04,,,,insufficient_data,0.0786,0.0864,B,minor,0.021,0.8847373396058336,0.9201268331900668,False,0,False,,,,,,,,,,,,,False,,,,,,,,,
scotch_target,NK cells,ENSG00000100207,TCF20,chr22,109,24,8,A,70.4,0.0461,0.0615,-1,-1,TCF20_Other,TCF20_Other,TCF20_Other,exon:42169846-42169896,exon,42169846,42169896,50,6.07,47.35,6.93,48.65,0.47,0.0,52.96,0.53,0.0,55.04,,,,insufficient_data,0.1136,0.1247,B,minor,0.0316,0.85886376631694,0.9201268331900668,False,0,False,,,,,,,,,,,,,False,,,,,,,,,
scotch_target,NK cells,ENSG00000100207,TCF20,chr22,109,24,8,A,70.4,0.0461,0.0615,-1,-1,TCF20_Other,TCF20_Other,TCF20_Other,exon:42179608-42179702,exon,42179608,42179702,94,6.07,47.35,6.93,48.65,0.0,0.0,53.42,0.0,0.0,55.58,,,,insufficient_data,0.1136,0.1247,B,minor,0.0316,0.85886376631694,0.9201268331900668,False,0,False,,,,,,,,,,,,,False,,,,,,,,,
scotch_target,NK cells,ENSG00000100207,TCF20,chr22,109,24,8,A,70.4,0.0461,0.0615,-1,-1,TCF20_Other,TCF20_Other,TCF20_Other,exon:42209650-42210046,exon,42209650,42210046,396,6.07,47.35,6.93,48.65,0.0,0.0,53.42,0.0,0.0,55.58,,,,insufficient_data,0.1136,0.1247,B,minor,0.0316,0.85886376631694,0.9201268331900668,False,0,False,,,,,,,,,,,,,False,,,,,,,,,
scotch_target,NK cells,ENSG00000100207,TCF20,chr22,109,24,8,A,70.4,0.0461,0.0615,-1,-1,TCF20_Other,TCF20_Other,TCF20_Other,exon:42210046-42210125,exon,42210046,42210125,79,6.07,47.35,6.93,48.65,0.0,0.0,53.42,0.0,0.0,55.58,,,,insufficient_data,0.1136,0.1247,B,minor,0.0316,0.85886376631694,0.9201268331900668,False,0,False,,,,,,,,,,,,,False,,,,,,,,,
scotch_target,NK cells,ENSG00000100207,TCF20,chr22,109,24,8,A,70.4,0.0461,0.0615,-1,-1,TCF20_Other,TCF20_Other,TCF20_Other,exon:42210125-42210159,exon,42210125,42210159,34,6.07,47.35,6.93,48.65,0.0,0.0,53.42,0.0,0.0,55.58,,,,insufficient_data,0.1136,0.1247,B,minor,0.0316,0.85886376631694,0.9201268331900668,False,0,False,,,,,,,,,,,,,False,,,,,,,,,
scotch_target,NK cells,ENSG00000100207,TCF20,chr22,109,24,8,A,70.4,0.0461,0.0615,-1,-1,TCF20_Other,TCF20_Other,TCF20_Other,exon:42210159-42210208,exon,42210159,42210208,49,6.07,47.35,6.93,48.65,0.0,0.0,53.42,0.0,0.0,55.58,,,,insufficient_data,0.1136,0.1247,B,minor,0.0316,0.85886376631694,0.9201268331900668,False,0,False,,,,,,,,,,,,,False,,,,,,,,,
scotch_target,NK cells,ENSG00000100207,TCF20,chr22,109,24,8,A,70.4,0.0461,0.0615,-1,-1,TCF20_Other,TCF20_Other,TCF20_Other,exon:42210208-42210350,exon,42210208,42210350,142,6.07,47.35,6.93,48.65,0.0,0.0,53.42,0.0,0.0,55.58,,,,insufficient_data,0.1136,0.1247,B,minor,0.0316,0.85886376631694,0.9201268331900668,False,0,False,,,,,,,,,,,,,False,,,,,,,,,
scotch_target,NK cells,ENSG00000100207,TCF20,chr22,109,24,8,A,70.4,0.0461,0.0615,-1,-1,TCF20_Other,TCF20_Other,TCF20_Other,exon:42210350-42210568,exon,42210350,42210568,218,6.07,47.35,6.93,48.65,0.0,0.0,53.42,0.0,0.0,55.58,,,,insufficient_data,0.1136,0.1247,B,minor,0.0316,0.85886376631694,0.9201268331900668,False,0,False,,,,,,,,,,,,,False,,,,,,,,,
scotch_target,NK cells,ENSG00000100207,TCF20,chr22,109,24,8,A,70.4,0.0461,0.0615,-1,-1,TCF20_Other,TCF20_Other,TCF20_Other,exon:42210568-42212148,exon,42210568,42212148,1580,6.07,47.35,6.93,48.65,0.47,0.0,52.96,0.53,0.0,55.04,,,,insufficient_data,0.1136,0.1247,B,minor,0.0316,0.85886376631694,0.9201268331900668,False,0,False,,,,,,,,,,,,,False,,,,,,,,,
scotch_target,NK cells,ENSG00000100207,TCF20,chr22,109,24,8,A,70.4,0.0461,0.0615,-1,-1,TCF20_Other,TCF20_Other,TCF20_Other,exon:42212148-42212260,exon,42212148,42212260,112,6.07,47.35,6.93,48.65,0.0,0.0,53.42,0.0,0.0,55.58,,,,insufficient_data,0.1136,0.1247,B,minor,0.0316,0.85886376631694,0.9201268331900668,False,0,False,,,,,,,,,,,,,False,,,,,,,,,
scotch_target,NK cells,ENSG00000100207,TCF20,chr22,109,24,8,A,70.4,0.0461,0.0615,-1,-1,TCF20_Other,TCF20_Other,TCF20_Other,exon:42212260-42213166,exon,42212260,42213166,906,6.07,47.35,6.93,48.65,0.93,0.0,52.49,1.07,0.0,54.51,,,,insufficient_data,0.1136,0.1247,B,minor,0.0316,0.85886376631694,0.9201268331900668,False,0,False,,,,,,,,,,,,,False,,,,,,,,,
scotch_target,NK cells,ENSG00000100207,TCF20,chr22,109,24,8,A,70.4,0.0461,0.0615,-1,-1,TCF20_Other,TCF20_Other,TCF20_Other,exon:42213166-42214846,exon,42213166,42214846,1680,6.07,47.35,6.93,48.65,0.93,0.0,52.49,1.07,0.0,54.51,,,,insufficient_data,0.1136,0.1247,B,minor,0.0316,0.85886376631694,0.9201268331900668,False,0,False,,,,,,,,,,,,,False,,,,,,,,,
scotch_target,NK cells,ENSG00000100207,TCF20,chr22,109,24,8,A,70.4,0.0461,0.0615,-1,-1,TCF20_Other,TCF20_Other,TCF20_Other,exon:42214846-42215341,exon,42214846,42215341,495,6.07,47.35,6.93,48.65,0.93,0.0,52.49,1.07,0.0,54.51,,,,insufficient_data,0.1136,0.1247,B,minor,0.0316,0.85886376631694,0.9201268331900668,False,0,False,,,,,,,,,,,,,False,,,,,,,,,
scotch_target,NK cells,ENSG00000100207,TCF20,chr22,109,24,8,A,70.4,0.0461,0.0615,-1,-1,TCF20_Other,TCF20_Other,TCF20_Other,exon:42215341-42215440,exon,42215341,42215440,99,6.07,47.35,6.93,48.65,0.0,0.0,53.42,0.0,0.0,55.58,,,,insufficient_data,0.1136,0.1247,B,minor,0.0316,0.85886376631694,0.9201268331900668,False,0,False,,,,,,,,,,,,,False,,,,,,,,,
scotch_target,NK cells,ENSG00000100207,TCF20,chr22,109,24,8,A,70.4,0.0461,0.0615,-1,-1,TCF20_Other,TCF20_Other,TCF20_Other,junction:42161358-42168608,junction,42161358,42168608,7250,4.2,49.22,4.8,50.78,0.0,0.0,53.42,0.0,0.0,55.58,,,,insufficient_data,0.0786,0.0864,B,minor,0.021,0.8847373396058336,0.9201268331900668,False,0,False,,,,,,,,,,,,,False,,,,,,,,,
scotch_target,NK cells,ENSG00000100207,TCF20,chr22,109,24,8,A,70.4,0.0461,0.0615,-1,-1,TCF20_Other,TCF20_Other,TCF20_Other,junction:42168736-42169846,junction,42168736,42169846,1110,4.2,49.22,4.8,50.78,0.0,0.0,53.42,0.0,0.0,55.58,,,,insufficient_data,0.0786,0.0864,B,minor,0.021,0.8847373396058336,0.9201268331900668,False,0,False,,,,,,,,,,,,,False,,,,,,,,,
scotch_target,NK cells,ENSG00000100207,TCF20,chr22,109,24,8,A,70.4,0.0461,0.0615,-1,-1,TCF20_Other,TCF20_Other,TCF20_Other,junction:42169896-42179608,junction,42169896,42179608,9712,6.07,47.35,6.93,48.65,0.0,0.0,53.42,0.0,0.0,55.58,,,,insufficient_data,0.1136,0.1247,B,minor,0.0316,0.85886376631694,0.9201268331900668,False,0,False,,,,,,,,,,,,,False,,,,,,,,,
scotch_target,NK cells,ENSG00000100207,TCF20,chr22,109,24,8,A,70.4,0.0461,0.0615,-1,-1,TCF20_Other,TCF20_Other,TCF20_Other,junction:42179702-42209650,junction,42179702,42209650,29948,6.07,47.35,6.93,48.65,0.0,0.0,53.42,0.0,0.0,55.58,,,,insufficient_data,0.1136,0.1247,B,minor,0.0316,0.85886376631694,0.9201268331900668,False,0,False,,,,,,,,,,,,,False,,,,,,,,,
scotch_target,NK cells,ENSG00000100207,TCF20,chr22,109,24,8,A,70.4,0.0461,0.0615,-1,-1,TCF20_Other,TCF20_Other,TCF20_Other,junction:42161358-42169846,junction,42161358,42169846,8488,1.87,51.56,2.13,53.44,0.0,0.0,53.42,0.0,0.0,55.58,,,,insufficient_data,0.035,0.0383,B,minor,0.0089,0.9248587782625677,0.9248587782625677,False,0,False,,,,,,,,,,,,,False,,,,,,,,,
scotch_target,NK cells,ENSG00000100347,SAMM50,chr22,40,27,2,A,70.4,0.042,0.064,-1,-1,SAMM50_ENST00000350028,SAMM50_ENST00000350028,SAMM50_ENST00000350028,exon:43955441-43955598,exon,43955441,43955598,157,12.35,9.32,6.65,11.68,15.83,0.0,5.85,11.17,0.0,7.15,,,,insufficient_data,0.5699,0.3628,A,major,1.7101,0.190969203539939,0.3998971132739363,False,0,False,,,,,,,,,,,,,False,,,,,,,,,
scotch_target,NK cells,ENSG00000100347,SAMM50,chr22,40,27,2,A,70.4,0.042,0.064,-1,-1,SAMM50_ENST00000350028,SAMM50_ENST00000350028,SAMM50_ENST00000350028,exon:43963285-43963396,exon,43963285,43963396,111,12.35,9.32,6.65,11.68,15.3,0.53,5.85,10.7,0.47,7.15,0.014,0.9058760301734805,0.9058760301734805,chi2_hap_event,0.5699,0.3628,A,major,1.7101,0.190969203539939,0.3998971132739363,False,0,False,,,,,,,,,,,,,False,,,,,,,,,
scotch_target,NK cells,ENSG00000100347,SAMM50,chr22,40,27,2,A,70.4,0.042,0.064,-1,-1,SAMM50_ENST00000350028,SAMM50_ENST00000350028,SAMM50_ENST00000350028,exon:43964451-43964488,exon,43964451,43964488,37,12.35,9.32,6.65,11.68,15.3,0.53,5.85,10.7,0.47,7.15,0.014,0.9058760301734805,0.9058760301734805,chi2_hap_event,0.5699,0.3628,A,major,1.7101,0.190969203539939,0.3998971132739363,False,0,False,,,,,,,,,,,,,False,,,,,,,,,
scotch_target,NK cells,ENSG00000100347,SAMM50,chr22,40,27,2,A,70.4,0.042,0.064,-1,-1,SAMM50_ENST00000350028,SAMM50_ENST00000350028,SAMM50_ENST00000350028,exon:43964488-43964553,exon,43964488,43964553,65,12.35,9.32,6.65,11.68,15.3,0.53,5.85,10.7,0.47,7.15,0.014,0.9058760301734805,0.9058760301734805,chi2_hap_event,0.5699,0.3628,A,major,1.7101,0.190969203539939,0.3998971132739363,False,0,False,,,,,,,,,,,,,False,,,,,,,,,
scotch_target,NK cells,ENSG00000100347,SAMM50,chr22,40,27,2,A,70.4,0.042,0.064,-1,-1,SAMM50_ENST00000350028,SAMM50_ENST00000350028,SAMM50_ENST00000350028,exon:43968730-43968818,exon,43968730,43968818,88,12.35,9.32,6.65,11.68,14.77,0.53,6.38,10.23,0.47,7.62,0.0151,0.9021246819949429,0.9058760301734805,chi2_hap_event,0.5699,0.3628,A,major,1.7101,0.190969203539939,0.3998971132739363,False,0,False,,,,,,,,,,,,,False,,,,,,,,,
scotch_target,NK cells,ENSG00000100347,SAMM50,chr22,40,27,2,A,70.4,0.042,0.064,-1,-1,SAMM50_ENST00000350028,SAMM50_ENST00000350028,SAMM50_ENST00000350028,exon:43972235-43972342,exon,43972235,43972342,107,12.35,9.32,6.65,11.68,14.77,0.53,6.38,10.23,0.47,7.62,0.0151,0.9021246819949429,0.9058760301734805,chi2_hap_event,0.5699,0.3628,A,major,1.7101,0.190969203539939,0.3998971132739363,True,1,True,chr22:43972323:A:G,43972323.0,A,G,A,0.9999940391390134,1.0,0.0,19.0,+,+,promotes_event,True,12.0,0.0,13.0,0.0,25.0,,1.0,1.0,binomial_intra_event
scotch_target,NK cells,ENSG00000100347,SAMM50,chr22,40,27,2,A,70.4,0.042,0.064,-1,-1,SAMM50_ENST00000350028,SAMM50_ENST00000350028,SAMM50_ENST00000350028,exon:43972870-43973001,exon,43972870,43973001,131,12.35,9.32,6.65,11.68,14.77,0.53,6.38,10.23,0.47,7.62,0.0151,0.9021246819949429,0.9058760301734805,chi2_hap_event,0.5699,0.3628,A,major,1.7101,0.190969203539939,0.3998971132739363,True,1,True,chr22:43972323:A:G,43972323.0,A,G,A,0.9999940391390134,1.0,19.0,547.0,+,+,promotes_event,True,7.0,5.0,11.0,2.0,25.0,2.138,0.14368686382772441,0.359217159569311,chi2_cross_event
scotch_target,NK cells,ENSG00000100347,SAMM50,chr22,40,27,2,A,70.4,0.042,0.064,-1,-1,SAMM50_ENST00000350028,SAMM50_ENST00000350028,SAMM50_ENST00000350028,exon:43973235-43973322,exon,43973235,43973322,87,12.35,9.32,6.65,11.68,11.77,1.53,8.38,7.23,0.47,10.62,0.1643,0.6852082032833765,0.9058760301734805,chi2_hap_event,0.5699,0.3628,A,major,1.7101,0.190969203539939,0.3998971132739363,False,0,False,,,,,,,,,,,,,False,,,,,,,,,
scotch_target,NK cells,ENSG00000100347,SAMM50,chr22,40,27,2,A,70.4,0.042,0.064,-1,-1,SAMM50_ENST00000350028,SAMM50_ENST00000350028,SAMM50_ENST00000350028,exon:43976054-43976183,exon,43976054,43976183,129,12.36,9.31,7.64,10.69,11.77,1.53,8.38,6.23,1.47,10.62,0.2295,0.6318577929864884,0.9058760301734805,chi2_hap_event,0.5704,0.4168,A,major,0.938,0.3327818901962399,0.3998971132739363,False,0,False,,,,,,,,,,,,,False,,,,,,,,,
scotch_target,NK cells,ENSG00000100347,SAMM50,chr22,40,27,2,A,70.4,0.042,0.064,-1,-1,SAMM50_ENST00000350028,SAMM50_ENST00000350028,SAMM50_ENST00000350028,exon:43976749-43976821,exon,43976749,43976821,72,12.36,9.31,7.64,10.69,11.77,1.53,8.38,6.23,1.47,10.62,0.2295,0.6318577929864884,0.9058760301734805,chi2_hap_event,0.5704,0.4168,A,major,0.938,0.3327818901962399,0.3998971132739363,False,0,False,,,,,,,,,,,,,False,,,,,,,,,
scotch_target,NK cells,ENSG00000100347,SAMM50,chr22,40,27,2,A,70.4,0.042,0.064,-1,-1,SAMM50_ENST00000350028,SAMM50_ENST00000350028,SAMM50_ENST00000350028,exon:43977871-43977958,exon,43977871,43977958,87,12.36,9.31,7.64,10.69,11.77,1.53,8.38,6.23,1.47,10.62,0.2295,0.6318577929864884,0.9058760301734805,chi2_hap_event,0.5704,0.4168,A,major,0.938,0.3327818901962399,0.3998971132739363,False,0,False,,,,,,,,,,,,,False,,,,,,,,,
scotch_target,NK cells,ENSG00000100347,SAMM50,chr22,40,27,2,A,70.4,0.042,0.064,-1,-1,SAMM50_ENST00000350028,SAMM50_ENST00000350028,SAMM50_ENST00000350028,exon:43981390-43981461,exon,43981390,43981461,71,12.36,9.31,7.64,10.69,11.78,1.53,8.37,7.22,1.47,9.63,0.1315,0.7169311499779372,0.9058760301734805,chi2_hap_event,0.5704,0.4168,A,major,0.938,0.3327818901962399,0.3998971132739363,False,0,False,,,,,,,,,,,,,False,,,,,,,,,
scotch_target,NK cells,ENSG00000100347,SAMM50,chr22,40,27,2,A,70.4,0.042,0.064,-1,-1,SAMM50_ENST00000350028,SAMM50_ENST00000350028,SAMM50_ENST00000350028,exon:43983932-43984000,exon,43983932,43984000,68,12.36,9.31,7.64,10.69,11.78,1.53,8.37,7.22,1.47,9.63,0.1315,0.7169311499779372,0.9058760301734805,chi2_hap_event,0.5704,0.4168,A,major,0.938,0.3327818901962399,0.3998971132739363,False,0,False,,,,,,,,,,,,,False,,,,,,,,,
scotch_target,NK cells,ENSG00000100347,SAMM50,chr22,40,27,2,A,70.4,0.042,0.064,-1,-1,SAMM50_ENST00000350028,SAMM50_ENST00000350028,SAMM50_ENST00000350028,exon:43989110-43989257,exon,43989110,43989257,147,15.54,6.14,10.46,7.86,12.78,0.53,8.37,7.22,1.47,9.63,1.0657,0.3019171263346348,0.9058760301734805,chi2_hap_event,0.7168,0.571,A,major,0.9293,0.3350489327430277,0.3998971132739363,False,0,False,,,,,,,,,,,,,False,,,,,,,,,
scotch_target,NK cells,ENSG00000100347,SAMM50,chr22,40,27,2,A,70.4,0.042,0.064,-1,-1,SAMM50_ENST00000350028,SAMM50_ENST00000350028,SAMM50_ENST00000350028,exon:43990264-43990327,exon,43990264,43990327,63,15.54,6.14,10.46,7.86,12.79,0.53,8.35,8.2,1.47,8.65,0.8907,0.3452800672792491,0.9058760301734805,chi2_hap_event,0.7168,0.571,A,major,0.9293,0.3350489327430277,0.3998971132739363,False,0,False,,,,,,,,,,,,,False,,,,,,,,,
scotch_target,NK cells,ENSG00000100347,SAMM50,chr22,40,27,2,A,70.4,0.042,0.064,-1,-1,SAMM50_ENST00000350028,SAMM50_ENST00000350028,SAMM50_ENST00000350028,exon:43996337-43996376,exon,43996337,43996376,39,15.54,6.14,10.46,7.86,14.89,0.0,6.78,9.11,1.0,8.22,1.5347,0.215412088926573,0.9058760301734805,chi2_hap_event,0.7168,0.571,A,major,0.9293,0.3350489327430277,0.3998971132739363,False,0,False,,,,,,,,,,,,,False,,,,,,,,,
scotch_target,NK cells,ENSG00000100347,SAMM50,chr22,40,27,2,A,70.4,0.042,0.064,-1,-1,SAMM50_ENST00000350028,SAMM50_ENST00000350028,SAMM50_ENST00000350028,exon:43996376-43996529,exon,43996376,43996529,153,15.54,6.14,10.46,7.86,15.42,0.0,6.25,10.58,0.0,7.75,,,,insufficient_data,0.7168,0.571,A,major,0.9293,0.3350489327430277,0.3998971132739363,False,0,False,,,,,,,,,,,,,False,,,,,,,,,
scotch_target,NK cells,ENSG00000100347,SAMM50,chr22,40,27,2,A,70.4,0.042,0.064,-1,-1,SAMM50_ENST00000350028,SAMM50_ENST00000350028,SAMM50_ENST00000350028,junction:43955598-43963285,junction,43955598,43963285,7687,12.35,9.32,6.65,11.68,1.0,0.0,20.67,0.0,0.0,18.33,,,,insufficient_data,0.5699,0.3628,A,major,1.7101,0.190969203539939,0.3998971132739363,False,0,False,,,,,,,,,,,,,False,,,,,,,,,
scotch_target,NK cells,ENSG00000100347,SAMM50,chr22,40,27,2,A,70.4,0.042,0.064,-1,-1,SAMM50_ENST00000350028,SAMM50_ENST00000350028,SAMM50_ENST00000350028,junction:43963396-43964451,junction,43963396,43964451,1055,12.35,9.32,6.65,11.68,0.0,0.0,21.67,0.0,0.0,18.33,,,,insufficient_data,0.5699,0.3628,A,major,1.7101,0.190969203539939,0.3998971132739363,False,0,False,,,,,,,,,,,,,False,,,,,,,,,
scotch_target,NK cells,ENSG00000100347,SAMM50,chr22,40,27,2,A,70.4,0.042,0.064,-1,-1,SAMM50_ENST00000350028,SAMM50_ENST00000350028,SAMM50_ENST00000350028,junction:43964553-43968730,junction,43964553,43968730,4177,12.35,9.32,6.65,11.68,0.0,0.0,21.67,0.0,0.0,18.33,,,,insufficient_data,0.5699,0.3628,A,major,1.7101,0.190969203539939,0.3998971132739363,False,0,False,,,,,,,,,,,,,False,,,,,,,,,
scotch_target,NK cells,ENSG00000100347,SAMM50,chr22,40,27,2,A,70.4,0.042,0.064,-1,-1,SAMM50_ENST00000350028,SAMM50_ENST00000350028,SAMM50_ENST00000350028,junction:43968818-43972235,junction,43968818,43972235,3417,12.35,9.32,6.65,11.68,0.0,0.0,21.67,0.0,0.0,18.33,,,,insufficient_data,0.5699,0.3628,A,major,1.7101,0.190969203539939,0.3998971132739363,False,0,False,,,,,,,,,,,,,False,,,,,,,,,
scotch_target,NK cells,ENSG00000100347,SAMM50,chr22,40,27,2,A,70.4,0.042,0.064,-1,-1,SAMM50_ENST00000350028,SAMM50_ENST00000350028,SAMM50_ENST00000350028,junction:43972342-43972870,junction,43972342,43972870,528,12.35,9.32,6.65,11.68,0.0,0.0,21.67,0.0,0.0,18.33,,,,insufficient_data,0.5699,0.3628,A,major,1.7101,0.190969203539939,0.3998971132739363,True,1,True,chr22:43972323:A:G,43972323.0,A,G,A,0.9999940391390134,1.0,19.0,19.0,+,+,promotes_event,True,7.0,5.0,11.0,2.0,25.0,2.138,0.14368686382772441,0.359217159569311,chi2_cross_event
scotch_target,NK cells,ENSG00000100347,SAMM50,chr22,40,27,2,A,70.4,0.042,0.064,-1,-1,SAMM50_ENST00000350028,SAMM50_ENST00000350028,SAMM50_ENST00000350028,junction:43973001-43973235,junction,43973001,43973235,234,12.35,9.32,6.65,11.68,8.82,0.94,11.91,7.18,0.06,11.09,0.5871,0.44354079782212497,0.9058760301734805,chi2_hap_event,0.5699,0.3628,A,major,1.7101,0.190969203539939,0.3998971132739363,False,0,False,,,,,,,,,,,,,False,,,,,,,,,
scotch_target,NK cells,ENSG00000100347,SAMM50,chr22,40,27,2,A,70.4,0.042,0.064,-1,-1,SAMM50_ENST00000350028,SAMM50_ENST00000350028,SAMM50_ENST00000350028,junction:43973323-43976054,junction,43973323,43976054,2731,12.35,9.32,6.65,11.68,8.77,0.0,12.91,6.23,0.0,12.09,,,,insufficient_data,0.5699,0.3628,A,major,1.7101,0.190969203539939,0.3998971132739363,False,0,False,,,,,,,,,,,,,False,,,,,,,,,
scotch_target,NK cells,ENSG00000100347,SAMM50,chr22,40,27,2,A,70.4,0.042,0.064,-1,-1,SAMM50_ENST00000350028,SAMM50_ENST00000350028,SAMM50_ENST00000350028,junction:43976183-43976749,junction,43976183,43976749,566,12.36,9.31,7.64,10.69,0.0,0.0,21.67,0.0,0.0,18.33,,,,insufficient_data,0.5704,0.4168,A,major,0.938,0.3327818901962399,0.3998971132739363,False,0,False,,,,,,,,,,,,,False,,,,,,,,,
scotch_target,NK cells,ENSG00000100347,SAMM50,chr22,40,27,2,A,70.4,0.042,0.064,-1,-1,SAMM50_ENST00000350028,SAMM50_ENST00000350028,SAMM50_ENST00000350028,junction:43976821-43977871,junction,43976821,43977871,1050,12.36,9.31,7.64,10.69,1.0,0.0,20.67,0.0,0.0,18.33,,,,insufficient_data,0.5704,0.4168,A,major,0.938,0.3327818901962399,0.3998971132739363,False,0,False,,,,,,,,,,,,,False,,,,,,,,,
scotch_target,NK cells,ENSG00000100347,SAMM50,chr22,40,27,2,A,70.4,0.042,0.064,-1,-1,SAMM50_ENST00000350028,SAMM50_ENST00000350028,SAMM50_ENST00000350028,junction:43977958-43981390,junction,43977958,43981390,3432,12.36,9.31,7.64,10.69,0.0,0.0,21.67,0.0,0.0,18.33,,,,insufficient_data,0.5704,0.4168,A,major,0.938,0.3327818901962399,0.3998971132739363,False,0,False,,,,,,,,,,,,,False,,,,,,,,,
scotch_target,NK cells,ENSG00000100347,SAMM50,chr22,40,27,2,A,70.4,0.042,0.064,-1,-1,SAMM50_ENST00000350028,SAMM50_ENST00000350028,SAMM50_ENST00000350028,junction:43981461-43983932,junction,43981461,43983932,2471,12.36,9.31,7.64,10.69,0.0,0.0,21.67,0.0,0.0,18.33,,,,insufficient_data,0.5704,0.4168,A,major,0.938,0.3327818901962399,0.3998971132739363,False,0,False,,,,,,,,,,,,,False,,,,,,,,,
scotch_target,NK cells,ENSG00000100347,SAMM50,chr22,40,27,2,A,70.4,0.042,0.064,-1,-1,SAMM50_ENST00000350028,SAMM50_ENST00000350028,SAMM50_ENST00000350028,junction:43984000-43989110,junction,43984000,43989110,5110,12.36,9.31,7.64,10.69,0.0,0.0,21.67,0.0,0.0,18.33,,,,insufficient_data,0.5704,0.4168,A,major,0.938,0.3327818901962399,0.3998971132739363,False,0,False,,,,,,,,,,,,,False,,,,,,,,,
scotch_target,NK cells,ENSG00000100347,SAMM50,chr22,40,27,2,A,70.4,0.042,0.064,-1,-1,SAMM50_ENST00000350028,SAMM50_ENST00000350028,SAMM50_ENST00000350028,junction:43989257-43990264,junction,43989257,43990264,1007,15.54,6.14,10.46,7.86,0.0,0.0,21.67,0.0,0.0,18.33,,,,insufficient_data,0.7168,0.571,A,major,0.9293,0.3350489327430277,0.3998971132739363,False,0,False,,,,,,,,,,,,,False,,,,,,,,,
scotch_target,NK cells,ENSG00000100347,SAMM50,chr22,40,27,2,A,70.4,0.042,0.064,-1,-1,SAMM50_ENST00000350028,SAMM50_ENST00000350028,SAMM50_ENST00000350028,junction:43990406-43996337,junction,43990406,43996337,5931,15.54,6.14,10.46,7.86,0.0,0.0,21.67,0.0,0.0,18.33,,,,insufficient_data,0.7168,0.571,A,major,0.9293,0.3350489327430277,0.3998971132739363,True,1,True,chr22:43990400:C:T,43990400.0,C,T,A,0.9999940391390134,1.0,6.0,6.0,+,+,promotes_event,True,8.0,1.0,10.0,2.0,21.0,0.1296,0.7188163610152827,0.8985204512691033,chi2_cross_event
scotch_target,NK cells,ENSG00000100347,SAMM50,chr22,40,27,2,A,70.4,0.042,0.064,-1,-1,SAMM50_ENST00000350028,SAMM50_ENST00000350028,SAMM50_ENST00000350028,exon:43990327-43990406,exon,43990327,43990406,79,15.56,6.12,11.44,6.88,12.79,0.53,8.35,8.2,1.47,8.65,0.8907,0.3452800672792491,0.9058760301734805,chi2_hap_event,0.7177,0.6245,A,major,0.3937,0.5303753165125404,0.6132464597176248,True,1,True,chr22:43990400:C:T,43990400.0,C,T,A,0.9999940391390134,1.0,0.0,6.0,+,+,promotes_event,True,9.0,0.0,12.0,0.0,21.0,,0.6636238098144531,0.8985204512691033,binomial_intra_event
scotch_target,NK cells,ENSG00000100347,SAMM50,chr22,40,27,2,A,70.4,0.042,0.064,-1,-1,SAMM50_ENST00000350028,SAMM50_ENST00000350028,SAMM50_ENST00000350028,exon:43986343-43987587,exon,43986343,43987587,1244,3.17,18.5,2.83,15.5,1.59,13.3,6.78,1.41,8.7,8.22,0.0629,0.8019159454122727,0.9058760301734805,chi2_hap_event,0.1463,0.1544,B,minor,0.0047,0.9453706258140867,0.9453706258140867,False,0,False,,,,,,,,,,,,,False,,,,,,,,,
scotch_target,NK cells,ENSG00000100347,SAMM50,chr22,40,27,2,A,70.4,0.042,0.064,-1,-1,SAMM50_ENST00000350028,SAMM50_ENST00000350028,SAMM50_ENST00000350028,exon:43987587-43987676,exon,43987587,43987676,89,3.17,18.5,2.83,15.5,0.53,13.3,7.84,0.47,8.7,9.16,0.0229,0.8796880996555879,0.9058760301734805,chi2_hap_event,0.1463,0.1544,B,minor,0.0047,0.9453706258140867,0.9453706258140867,False,0,False,,,,,,,,,,,,,False,,,,,,,,,
scotch_target,NK cells,ENSG00000100347,SAMM50,chr22,40,27,2,A,70.4,0.042,0.064,-1,-1,SAMM50_ENST00000350028,SAMM50_ENST00000350028,SAMM50_ENST00000350028,exon:43987676-43988741,exon,43987676,43988741,1065,3.17,18.5,2.83,15.5,0.53,13.3,7.84,0.47,8.7,9.16,0.0229,0.8796880996555879,0.9058760301734805,chi2_hap_event,0.1463,0.1544,B,minor,0.0047,0.9453706258140867,0.9453706258140867,False,0,False,,,,,,,,,,,,,False,,,,,,,,,
scotch_target,NK cells,ENSG00000100347,SAMM50,chr22,40,27,2,A,70.4,0.042,0.064,-1,-1,SAMM50_ENST00000350028,SAMM50_ENST00000350028,SAMM50_ENST00000350028,exon:43988741-43988934,exon,43988741,43988934,193,3.17,18.5,2.83,15.5,0.53,13.3,7.84,0.47,8.7,9.16,0.0229,0.8796880996555879,0.9058760301734805,chi2_hap_event,0.1463,0.1544,B,minor,0.0047,0.9453706258140867,0.9453706258140867,False,0,False,,,,,,,,,,,,,False,,,,,,,,,
scotch_target,NK cells,ENSG00000100347,SAMM50,chr22,40,27,2,A,70.4,0.042,0.064,-1,-1,SAMM50_ENST00000350028,SAMM50_ENST00000350028,SAMM50_ENST00000350028,exon:43988934-43989110,exon,43988934,43989110,176,3.17,18.5,2.83,15.5,0.0,12.46,9.22,0.0,8.54,9.78,,,,insufficient_data,0.1463,0.1544,B,minor,0.0047,0.9453706258140867,0.9453706258140867,False,0,False,,,,,,,,,,,,,False,,,,,,,,,
scotch_target,NK cells,ENSG00000128294,TPST2,chr22,178,86,8,A,70.4,0.0924,0.0042,-1,-1,TPST2_Other,TPST2_Other,TPST2_Other,exon:26521995-26522387,exon,26521995,26522387,392,12.76,84.1,8.24,72.9,1.59,1.54,93.72,1.41,1.46,78.28,,,,insufficient_data,0.1317,0.1016,A,major,0.3863,0.5342734251027614,0.6386040328448023,False,0,False,,,,,,,,,,,,,False,,,,,,,,,
scotch_target,NK cells,ENSG00000128294,TPST2,chr22,178,86,8,A,70.4,0.0924,0.0042,-1,-1,TPST2_Other,TPST2_Other,TPST2_Other,exon:26522387-26522481,exon,26522387,26522481,94,12.76,84.1,8.24,72.9,1.06,1.54,94.26,0.94,1.46,78.74,,,,insufficient_data,0.1317,0.1016,A,major,0.3863,0.5342734251027614,0.6386040328448023,False,0,False,,,,,,,,,,,,,False,,,,,,,,,
scotch_target,NK cells,ENSG00000128294,TPST2,chr22,178,86,8,A,70.4,0.0924,0.0042,-1,-1,TPST2_Other,TPST2_Other,TPST2_Other,exon:26522481-26522905,exon,26522481,26522905,424,12.76,84.1,8.24,72.9,1.06,1.54,94.26,0.94,1.46,78.74,,,,insufficient_data,0.1317,0.1016,A,major,0.3863,0.5342734251027614,0.6386040328448023,False,0,False,,,,,,,,,,,,,False,,,,,,,,,
scotch_target,NK cells,ENSG00000128294,TPST2,chr22,178,86,8,A,70.4,0.0924,0.0042,-1,-1,TPST2_Other,TPST2_Other,TPST2_Other,exon:26522905-26523564,exon,26522905,26523564,659,12.76,84.1,8.24,72.9,0.0,1.54,95.32,0.0,1.46,79.68,,,,insufficient_data,0.1317,0.1016,A,major,0.3863,0.5342734251027614,0.6386040328448023,False,0,False,,,,,,,,,,,,,False,,,,,,,,,
scotch_target,NK cells,ENSG00000128294,TPST2,chr22,178,86,8,A,70.4,0.0924,0.0042,-1,-1,TPST2_Other,TPST2_Other,TPST2_Other,exon:26523564-26525055,exon,26523564,26525055,1491,12.76,84.1,8.24,72.9,8.19,1.54,87.13,6.81,1.46,72.87,0.0109,0.9169516882563378,0.9655763496817547,chi2_hap_event,0.1317,0.1016,A,major,0.3863,0.5342734251027614,0.6386040328448023,True,1,True,chr22:26524303:T:C,26524303.0,T,C,B,0.011995203185189,0.91,0.0,739.0,-,+,reduces_event,True,5.0,0.0,4.0,0.0,9.0,,,,binomial_intra_event
scotch_target,NK cells,ENSG00000128294,TPST2,chr22,178,86,8,A,70.4,0.0924,0.0042,-1,-1,TPST2_Other,TPST2_Other,TPST2_Other,exon:26525055-26525224,exon,26525055,26525224,169,12.76,84.1,8.24,72.9,1.52,2.54,92.8,0.48,2.46,78.2,,,,insufficient_data,0.1317,0.1016,A,major,0.3863,0.5342734251027614,0.6386040328448023,False,0,False,,,,,,,,,,,,,False,,,,,,,,,
scotch_target,NK cells,ENSG00000128294,TPST2,chr22,178,86,8,A,70.4,0.0924,0.0042,-1,-1,TPST2_Other,TPST2_Other,TPST2_Other,exon:26525224-26525745,exon,26525224,26525745,521,12.76,84.1,8.24,72.9,1.53,0.55,94.78,1.47,2.46,77.22,,,,insufficient_data,0.1317,0.1016,A,major,0.3863,0.5342734251027614,0.6386040328448023,True,1,True,chr22:26525758:A:G,26525758.0,A,G,B,5.9608609865491405e-06,1.0,13.0,13.0,-,+,reduces_event,True,1.0,2.0,1.0,11.0,15.0,1.2981,0.2545647947071484,0.6005315895219501,chi2_cross_event
scotch_target,NK cells,ENSG00000128294,TPST2,chr22,178,86,8,A,70.4,0.0924,0.0042,-1,-1,TPST2_Other,TPST2_Other,TPST2_Other,exon:26525745-26525771,exon,26525745,26525771,26,29.74,67.12,28.26,52.88,4.07,0.54,92.25,11.93,1.46,67.75,0.0019,0.9655763496817547,0.9655763496817547,chi2_hap_event,0.307,0.3483,B,minor,0.3418,0.558778528739202,0.6386040328448023,True,1,True,chr22:26525758:A:G,26525758.0,A,G,B,5.9608609865491405e-06,1.0,0.0,13.0,-,+,promotes_event,True,3.0,0.0,12.0,0.0,15.0,,0.03515625,0.17578125,binomial_intra_event
scotch_target,NK cells,ENSG00000128294,TPST2,chr22,178,86,8,A,70.4,0.0924,0.0042,-1,-1,TPST2_Other,TPST2_Other,TPST2_Other,exon:26525771-26526267,exon,26525771,26526267,496,29.74,67.12,28.26,52.88,29.58,0.0,67.28,25.42,0.0,55.72,,,,insufficient_data,0.307,0.3483,B,minor,0.3418,0.558778528739202,0.6386040328448023,True,1,True,chr22:26525758:A:G,26525758.0,A,G,B,5.9608609865491405e-06,1.0,13.0,13.0,-,+,promotes_event,True,2.0,1.0,10.0,2.0,15.0,0.4167,0.5186050164287255,0.6005315895219501,chi2_cross_event
scotch_target,NK cells,ENSG00000128294,TPST2,chr22,178,86,8,A,70.4,0.0924,0.0042,-1,-1,TPST2_Other,TPST2_Other,TPST2_Other,exon:26528213-26528262,exon,26528213,26528262,49,29.74,67.12,28.26,52.88,23.84,3.59,69.42,19.15,2.41,59.58,0.0419,0.8377483849888693,0.9655763496817547,chi2_hap_event,0.307,0.3483,B,minor,0.3418,0.558778528739202,0.6386040328448023,False,0,False,,,,,,,,,,,,,False,,,,,,,,,
scotch_target,NK cells,ENSG00000128294,TPST2,chr22,178,86,8,A,70.4,0.0924,0.0042,-1,-1,TPST2_Other,TPST2_Other,TPST2_Other,exon:26532694-26532745,exon,26532694,26532745,51,29.74,67.12,28.26,52.88,24.9,1.53,70.42,20.1,0.47,60.58,0.3467,0.5560080037486235,0.9655763496817547,chi2_hap_event,0.307,0.3483,B,minor,0.3418,0.558778528739202,0.6386040328448023,False,0,False,,,,,,,,,,,,,False,,,,,,,,,
scotch_target,NK cells,ENSG00000128294,TPST2,chr22,178,86,8,A,70.4,0.0924,0.0042,-1,-1,TPST2_Other,TPST2_Other,TPST2_Other,exon:26540871-26541205,exon,26540871,26541205,334,29.74,67.12,28.26,52.88,29.33,1.06,66.46,23.67,0.94,56.54,0.0039,0.9499718676798116,0.9655763496817547,chi2_hap_event,0.307,0.3483,B,minor,0.3418,0.558778528739202,0.6386040328448023,False,0,False,,,,,,,,,,,,,False,,,,,,,,,
scotch_target,NK cells,ENSG00000128294,TPST2,chr22,178,86,8,A,70.4,0.0924,0.0042,-1,-1,TPST2_Other,TPST2_Other,TPST2_Other,exon:26541205-26541270,exon,26541205,26541270,65,29.74,67.12,28.26,52.88,23.55,1.06,72.25,18.45,0.94,61.76,0.0068,0.9341452839319595,0.9655763496817547,chi2_hap_event,0.307,0.3483,B,minor,0.3418,0.558778528739202,0.6386040328448023,False,0,False,,,,,,,,,,,,,False,,,,,,,,,
scotch_target,NK cells,ENSG00000128294,TPST2,chr22,178,86,8,A,70.4,0.0924,0.0042,-1,-1,TPST2_Other,TPST2_Other,TPST2_Other,exon:26541270-26541438,exon,26541270,26541438,168,30.27,66.59,28.73,52.41,22.08,1.06,73.71,16.92,0.94,63.29,0.0096,0.9220989091659171,0.9655763496817547,chi2_hap_event,0.3125,0.3541,B,minor,0.3438,0.5576668194884836,0.6386040328448023,False,0,False,,,,,,,,,,,,,False,,,,,,,,,
scotch_target,NK cells,ENSG00000128294,TPST2,chr22,178,86,8,A,70.4,0.0924,0.0042,-1,-1,TPST2_Other,TPST2_Other,TPST2_Other,exon:26541438-26541484,exon,26541438,26541484,46,30.8,66.06,29.2,51.94,21.08,1.06,74.71,16.92,0.94,63.29,0.0043,0.9475239055497272,0.9655763496817547,chi2_hap_event,0.318,0.3599,B,minor,0.3458,0.5565026585654562,0.6386040328448023,False,0,False,,,,,,,,,,,,,False,,,,,,,,,
scotch_target,NK cells,ENSG00000128294,TPST2,chr22,178,86,8,A,70.4,0.0924,0.0042,-1,-1,TPST2_Other,TPST2_Other,TPST2_Other,exon:26541484-26541489,exon,26541484,26541489,5,30.8,66.06,29.2,51.94,21.08,1.06,74.71,16.92,0.94,63.29,0.0043,0.9475239055497272,0.9655763496817547,chi2_hap_event,0.318,0.3599,B,minor,0.3458,0.5565026585654562,0.6386040328448023,False,0,False,,,,,,,,,,,,,False,,,,,,,,,
scotch_target,NK cells,ENSG00000128294,TPST2,chr22,178,86,8,A,70.4,0.0924,0.0042,-1,-1,TPST2_Other,TPST2_Other,TPST2_Other,exon:26541489-26541718,exon,26541489,26541718,229,30.8,66.06,29.2,51.94,21.08,1.06,74.71,16.92,0.94,63.29,0.0043,0.9475239055497272,0.9655763496817547,chi2_hap_event,0.318,0.3599,B,minor,0.3458,0.5565026585654562,0.6386040328448023,False,0,False,,,,,,,,,,,,,False,,,,,,,,,
scotch_target,NK cells,ENSG00000128294,TPST2,chr22,178,86,8,A,70.4,0.0924,0.0042,-1,-1,TPST2_Other,TPST2_Other,TPST2_Other,exon:26544603-26544675,exon,26544603,26544675,72,30.8,66.06,29.2,51.94,18.62,0.0,78.24,15.38,1.0,64.76,1.1701,0.27939060840816576,0.9655763496817547,chi2_hap_event,0.318,0.3599,B,minor,0.3458,0.5565026585654562,0.6386040328448023,False,0,False,,,,,,,,,,,,,False,,,,,,,,,
scotch_target,NK cells,ENSG00000128294,TPST2,chr22,178,86,8,A,70.4,0.0924,0.0042,-1,-1,TPST2_Other,TPST2_Other,TPST2_Other,exon:26565223-26565368,exon,26565223,26565368,145,16.98,79.88,20.02,61.12,0.0,18.61,78.24,0.0,14.39,66.76,,,,insufficient_data,0.1753,0.2467,B,minor,1.3674,0.24225612097973784,0.6386040328448023,False,0,False,,,,,,,,,,,,,False,,,,,,,,,
scotch_target,NK cells,ENSG00000128294,TPST2,chr22,178,86,8,A,70.4,0.0924,0.0042,-1,-1,TPST2_Other,TPST2_Other,TPST2_Other,exon:26590052-26590105,exon,26590052,26590105,53,13.29,83.57,8.71,72.43,21.8,0.0,75.06,17.2,0.0,63.94,,,,insufficient_data,0.1372,0.1073,A,major,0.3638,0.546413105440696,0.6386040328448023,False,0,False,,,,,,,,,,,,,False,,,,,,,,,
scotch_target,NK cells,ENSG00000128294,TPST2,chr22,178,86,8,A,70.4,0.0924,0.0042,-1,-1,TPST2_Other,TPST2_Other,TPST2_Other,exon:26590105-26590125,exon,26590105,26590125,20,13.29,83.57,8.71,72.43,4.0,0.0,92.86,2.0,0.0,79.14,,,,insufficient_data,0.1372,0.1073,A,major,0.3638,0.546413105440696,0.6386040328448023,False,0,False,,,,,,,,,,,,,False,,,,,,,,,
scotch_target,NK cells,ENSG00000128294,TPST2,chr22,178,86,8,A,70.4,0.0924,0.0042,-1,-1,TPST2_Other,TPST2_Other,TPST2_Other,exon:26590125-26590132,exon,26590125,26590132,7,12.76,84.1,8.24,72.9,0.0,0.0,96.86,0.0,0.0,81.14,,,,insufficient_data,0.1317,0.1016,A,major,0.3863,0.5342734251027614,0.6386040328448023,False,0,False,,,,,,,,,,,,,False,,,,,,,,,
scotch_target,NK cells,ENSG00000128294,TPST2,chr22,178,86,8,A,70.4,0.0924,0.0042,-1,-1,TPST2_Other,TPST2_Other,TPST2_Other,junction:26526267-26528213,junction,26526267,26528213,1946,29.74,67.12,28.26,52.88,0.0,0.0,96.86,0.0,0.0,81.14,,,,insufficient_data,0.307,0.3483,B,minor,0.3418,0.558778528739202,0.6386040328448023,False,0,False,,,,,,,,,,,,,False,,,,,,,,,
scotch_target,NK cells,ENSG00000128294,TPST2,chr22,178,86,8,A,70.4,0.0924,0.0042,-1,-1,TPST2_Other,TPST2_Other,TPST2_Other,junction:26528262-26532694,junction,26528262,26532694,4432,29.74,67.12,28.26,52.88,0.0,0.0,96.86,0.0,0.0,81.14,,,,insufficient_data,0.307,0.3483,B,minor,0.3418,0.558778528739202,0.6386040328448023,False,0,False,,,,,,,,,,,,,False,,,,,,,,,
scotch_target,NK cells,ENSG00000128294,TPST2,chr22,178,86,8,A,70.4,0.0924,0.0042,-1,-1,TPST2_Other,TPST2_Other,TPST2_Other,junction:26532745-26536287,junction,26532745,26536287,3542,29.74,67.12,28.26,52.88,0.0,0.0,96.86,0.0,0.0,81.14,,,,insufficient_data,0.307,0.3483,B,minor,0.3418,0.558778528739202,0.6386040328448023,True,1,True,chr22:26535908:G:A,26535908.0,G,A,A,0.9999940391390134,1.0,0.0,379.0,+,-,reduces_event,True,0.0,2.0,0.0,2.0,4.0,,,,chi2_cross_event
scotch_target,NK cells,ENSG00000128294,TPST2,chr22,178,86,8,A,70.4,0.0924,0.0042,-1,-1,TPST2_Other,TPST2_Other,TPST2_Other,junction:26541718-26544603,junction,26541718,26544603,2885,30.8,66.06,29.2,51.94,14.51,0.0,82.35,11.49,0.0,69.65,,,,insufficient_data,0.318,0.3599,B,minor,0.3458,0.5565026585654562,0.6386040328448023,False,0,False,,,,,,,,,,,,,False,,,,,,,,,
scotch_target,NK cells,ENSG00000128294,TPST2,chr22,178,86,8,A,70.4,0.0924,0.0042,-1,-1,TPST2_Other,TPST2_Other,TPST2_Other,junction:26544675-26565223,junction,26544675,26565223,20548,16.98,79.88,20.02,61.12,0.0,0.0,96.86,0.0,0.0,81.14,,,,insufficient_data,0.1753,0.2467,B,minor,1.3674,0.24225612097973784,0.6386040328448023,False,0,False,,,,,,,,,,,,,False,,,,,,,,,
scotch_target,NK cells,ENSG00000128294,TPST2,chr22,178,86,8,A,70.4,0.0924,0.0042,-1,-1,TPST2_Other,TPST2_Other,TPST2_Other,junction:26544675-26590052,junction,26544675,26590052,45377,12.76,84.1,8.24,72.9,0.0,0.0,96.86,0.0,0.0,81.14,,,,insufficient_data,0.1317,0.1016,A,major,0.3863,0.5342734251027614,0.6386040328448023,True,3,False,chr22:26578964:C:T,26578964.0,C,T,A,0.9999940391390134,1.0,0.0,11088.0,+,-,promotes_event,True,0.0,1.0,0.0,1.0,2.0,,,,chi2_cross_event
scotch_target,NK cells,ENSG00000128294,TPST2,chr22,178,86,8,A,70.4,0.0924,0.0042,-1,-1,TPST2_Other,TPST2_Other,TPST2_Other,junction:26544675-26590052,junction,26544675,26590052,45377,12.76,84.1,8.24,72.9,0.0,0.0,96.86,0.0,0.0,81.14,,,,insufficient_data,0.1317,0.1016,A,major,0.3863,0.5342734251027614,0.6386040328448023,True,3,False,chr22:26579131:G:A,26579131.0,G,A,B,5.9608609865491405e-06,1.0,0.0,10921.0,-,+,reduces_event,True,0.0,1.0,0.0,1.0,2.0,,,,chi2_cross_event
scotch_target,NK cells,ENSG00000128294,TPST2,chr22,178,86,8,A,70.4,0.0924,0.0042,-1,-1,TPST2_Other,TPST2_Other,TPST2_Other,junction:26544675-26590052,junction,26544675,26590052,45377,12.76,84.1,8.24,72.9,0.0,0.0,96.86,0.0,0.0,81.14,,,,insufficient_data,0.1317,0.1016,A,major,0.3863,0.5342734251027614,0.6386040328448023,True,3,True,chr22:26583360:G:C,26583360.0,G,C,B,5.9608609865491405e-06,1.0,0.0,6692.0,-,+,reduces_event,True,0.0,11.0,0.0,5.0,16.0,,,,chi2_cross_event
scotch_target,NK cells,ENSG00000128294,TPST2,chr22,178,86,8,A,70.4,0.0924,0.0042,-1,-1,TPST2_Other,TPST2_Other,TPST2_Other,exon:26536287-26536486,exon,26536287,26536486,199,32.82,64.04,30.18,50.96,26.87,0.0,69.98,22.13,0.0,59.02,,,,insufficient_data,0.3388,0.3719,B,minor,0.2127,0.644644305962303,0.6654392835739903,False,0,False,,,,,,,,,,,,,False,,,,,,,,,
scotch_target,NK cells,ENSG00000128294,TPST2,chr22,178,86,8,A,70.4,0.0924,0.0042,-1,-1,TPST2_Other,TPST2_Other,TPST2_Other,exon:26540788-26540871,exon,26540788,26540871,83,32.82,64.04,30.18,50.96,29.8,1.06,65.99,23.2,0.94,57.01,0.0077,0.9302622073899467,0.9655763496817547,chi2_hap_event,0.3388,0.3719,B,minor,0.2127,0.644644305962303,0.6654392835739903,True,1,True,chr22:26540799:G:A,26540799.0,G,A,A,0.9999940391390134,1.0,0.0,11.0,+,-,reduces_event,True,22.0,0.0,29.0,0.0,51.0,,0.4010619910279374,0.6005315895219501,binomial_intra_event
scotch_target,NK cells,ENSG00000128294,TPST2,chr22,178,86,8,A,70.4,0.0924,0.0042,-1,-1,TPST2_Other,TPST2_Other,TPST2_Other,junction:26536486-26540788,junction,26536486,26540788,4302,32.82,64.04,30.18,50.96,0.0,0.0,96.86,0.0,0.0,81.14,,,,insufficient_data,0.3388,0.3719,B,minor,0.2127,0.644644305962303,0.6654392835739903,True,2,True,chr22:26540595:G:A,26540595.0,G,A,A,0.9999940391390134,1.0,0.0,193.0,+,-,reduces_event,True,0.0,8.0,0.0,7.0,15.0,,,,chi2_cross_event
scotch_target,NK cells,ENSG00000128294,TPST2,chr22,178,86,8,A,70.4,0.0924,0.0042,-1,-1,TPST2_Other,TPST2_Other,TPST2_Other,junction:26536486-26540788,junction,26536486,26540788,4302,32.82,64.04,30.18,50.96,0.0,0.0,96.86,0.0,0.0,81.14,,,,insufficient_data,0.3388,0.3719,B,minor,0.2127,0.644644305962303,0.6654392835739903,True,2,False,chr22:26540799:G:A,26540799.0,G,A,A,0.9999940391390134,1.0,11.0,11.0,+,-,reduces_event,True,9.0,13.0,14.0,15.0,51.0,0.2742,0.6005315895219501,0.6005315895219501,chi2_cross_event
scotch_target,NK cells,ENSG00000128294,TPST2,chr22,178,86,8,A,70.4,0.0924,0.0042,-1,-1,TPST2_Other,TPST2_Other,TPST2_Other,exon:26535894-26536287,exon,26535894,26536287,393,3.08,93.78,1.92,79.22,2.01,0.0,94.84,1.98,0.0,79.16,,,,insufficient_data,0.0318,0.0237,A,major,0.1047,0.7462133763824347,0.7462133763824347,True,1,True,chr22:26535908:G:A,26535908.0,G,A,A,0.9999940391390134,1.0,0.0,14.0,+,-,promotes_event,True,2.0,0.0,2.0,0.0,4.0,,,,binomial_intra_event
scotch_target,NK cells,ENSG00000184983,NDUFA6,chr22,124,32,5,B,70.4,0.0013,0.0145,-1,-1,NDUFA6_ENST00000498737,NDUFA6_ENST00000498737,NDUFA6_ENST00000498737,exon:42085526-42086115,exon,42085526,42086115,589,43.25,15.72,46.75,18.28,20.32,0.0,38.65,20.68,0.0,44.35,,,,insufficient_data,0.7334,0.7189,A,minor,0.0334,0.8550517203741738,0.9623649498641177,True,1,True,chr22:42085844:G:A,42085844.0,G,A,A,0.9999940391390134,1.0,0.0,271.0,-,-,promotes_event,True,10.0,0.0,11.0,0.0,21.0,,1.0,1.0,binomial_intra_event
scotch_target,NK cells,ENSG00000184983,NDUFA6,chr22,124,32,5,B,70.4,0.0013,0.0145,-1,-1,NDUFA6_ENST00000498737,NDUFA6_ENST00000498737,NDUFA6_ENST00000498737,exon:42086115-42086314,exon,42086115,42086314,199,47.47,11.5,51.53,13.5,52.61,0.0,6.36,55.39,0.0,9.63,,,,insufficient_data,0.805,0.7924,A,minor,0.0298,0.8629596773275573,0.9623649498641177,False,0,False,,,,,,,,,,,,,False,,,,,,,,,
scotch_target,NK cells,ENSG00000184983,NDUFA6,chr22,124,32,5,B,70.4,0.0013,0.0145,-1,-1,NDUFA6_ENST00000498737,NDUFA6_ENST00000498737,NDUFA6_ENST00000498737,exon:42087059-42087175,exon,42087059,42087175,116,47.47,11.5,51.53,13.5,49.77,1.87,7.32,52.23,2.13,10.68,0.0062,0.9374902182971009,0.9374902182971009,chi2_hap_event,0.805,0.7924,A,minor,0.0298,0.8629596773275573,0.9623649498641177,False,0,False,,,,,,,,,,,,,False,,,,,,,,,
scotch_target,NK cells,ENSG00000184983,NDUFA6,chr22,124,32,5,B,70.4,0.0013,0.0145,-1,-1,NDUFA6_ENST00000498737,NDUFA6_ENST00000498737,NDUFA6_ENST00000498737,exon:42087175-42087335,exon,42087175,42087335,160,4.21,54.76,4.79,60.24,0.98,2.81,55.18,1.02,4.19,59.82,,,,insufficient_data,0.0714,0.0737,B,major,0.0022,0.9623649498641177,0.9623649498641177,False,0,False,,,,,,,,,,,,,False,,,,,,,,,
scotch_target,NK cells,ENSG00000184983,NDUFA6,chr22,124,32,5,B,70.4,0.0013,0.0145,-1,-1,NDUFA6_ENST00000498737,NDUFA6_ENST00000498737,NDUFA6_ENST00000498737,exon:42090605-42090772,exon,42090605,42090772,167,43.25,15.72,46.75,18.28,52.25,0.0,6.72,52.75,0.0,12.28,,,,insufficient_data,0.7334,0.7189,A,minor,0.0334,0.8550517203741738,0.9623649498641177,False,0,False,,,,,,,,,,,,,False,,,,,,,,,
scotch_target,NK cells,ENSG00000184983,NDUFA6,chr22,124,32,5,B,70.4,0.0013,0.0145,-1,-1,NDUFA6_ENST00000498737,NDUFA6_ENST00000498737,NDUFA6_ENST00000498737,exon:42090772-42090884,exon,42090772,42090884,112,3.93,55.04,2.07,62.96,0.47,0.0,58.5,0.53,0.0,64.5,,,,insufficient_data,0.0666,0.0318,A,minor,0.8079,0.36873338778842424,0.9623649498641177,False,0,False,,,,,,,,,,,,,False,,,,,,,,,
scotch_target,NK cells,ENSG00000184983,NDUFA6,chr22,124,32,5,B,70.4,0.0013,0.0145,-1,-1,NDUFA6_ENST00000498737,NDUFA6_ENST00000498737,NDUFA6_ENST00000498737,junction:42086314-42087059,junction,42086314,42087059,745,47.47,11.5,51.53,13.5,0.0,0.47,58.5,0.0,0.53,64.5,,,,insufficient_data,0.805,0.7924,A,minor,0.0298,0.8629596773275573,0.9623649498641177,False,0,False,,,,,,,,,,,,,False,,,,,,,,,
scotch_target,NK cells,ENSG00000184983,NDUFA6,chr22,124,32,5,B,70.4,0.0013,0.0145,-1,-1,NDUFA6_ENST00000498737,NDUFA6_ENST00000498737,NDUFA6_ENST00000498737,junction:42087175-42090605,junction,42087175,42090605,3430,43.25,15.72,46.75,18.28,0.0,0.0,58.97,0.0,0.0,65.03,,,,insufficient_data,0.7334,0.7189,A,minor,0.0334,0.8550517203741738,0.9623649498641177,True,4,True,chr22:42087736:C:G,42087736.0,C,G,A,0.9999940391390134,1.0,0.0,561.0,-,-,promotes_event,True,0.0,4.0,0.0,2.0,6.0,,,,chi2_cross_event
scotch_target,NK cells,ENSG00000184983,NDUFA6,chr22,124,32,5,B,70.4,0.0013,0.0145,-1,-1,NDUFA6_ENST00000498737,NDUFA6_ENST00000498737,NDUFA6_ENST00000498737,junction:42087175-42090605,junction,42087175,42090605,3430,43.25,15.72,46.75,18.28,0.0,0.0,58.97,0.0,0.0,65.03,,,,insufficient_data,0.7334,0.7189,A,minor,0.0334,0.8550517203741738,0.9623649498641177,True,4,False,chr22:42089287:T:C,42089287.0,T,C,B,5.9608609865491405e-06,1.0,0.0,1318.0,+,+,reduces_event,True,0.0,2.0,0.0,1.0,3.0,,,,chi2_cross_event
scotch_target,NK cells,ENSG00000184983,NDUFA6,chr22,124,32,5,B,70.4,0.0013,0.0145,-1,-1,NDUFA6_ENST00000498737,NDUFA6_ENST00000498737,NDUFA6_ENST00000498737,junction:42087175-42090605,junction,42087175,42090605,3430,43.25,15.72,46.75,18.28,0.0,0.0,58.97,0.0,0.0,65.03,,,,insufficient_data,0.7334,0.7189,A,minor,0.0334,0.8550517203741738,0.9623649498641177,True,4,False,chr22:42089666:T:C,42089666.0,T,C,B,5.9608609865491405e-06,1.0,0.0,939.0,+,+,reduces_event,True,0.0,2.0,0.0,2.0,4.0,,,,chi2_cross_event
scotch_target,NK cells,ENSG00000184983,NDUFA6,chr22,124,32,5,B,70.4,0.0013,0.0145,-1,-1,NDUFA6_ENST00000498737,NDUFA6_ENST00000498737,NDUFA6_ENST00000498737,junction:42087175-42090605,junction,42087175,42090605,3430,43.25,15.72,46.75,18.28,0.0,0.0,58.97,0.0,0.0,65.03,,,,insufficient_data,0.7334,0.7189,A,minor,0.0334,0.8550517203741738,0.9623649498641177,True,4,False,chr22:42090033:T:A,42090033.0,T,A,B,5.9608609865491405e-06,1.0,0.0,572.0,+,+,reduces_event,True,0.0,3.0,0.0,2.0,5.0,,,,chi2_cross_event
scotch_target,NK cells,ENSG00000185651,UBE2L3,chr22,280,31,7,B,70.4,0.0125,0.0741,-1,0,UBE2L3_Other,UBE2L3_Other,UBE2L3_Other,exon:21549446-21549650,exon,21549446,21549650,204,3.02,118.64,3.98,154.36,0.0,1.3,120.37,0.0,1.7,156.63,,,,insufficient_data,0.0248,0.0251,B,major,0.0002,0.9891409660873215,0.9891409660873215,False,0,False,,,,,,,,,,,,,False,,,,,,,,,
scotch_target,NK cells,ENSG00000185651,UBE2L3,chr22,280,31,7,B,70.4,0.0125,0.0741,-1,0,UBE2L3_Other,UBE2L3_Other,UBE2L3_Other,exon:21567546-21567729,exon,21567546,21567729,183,26.78,94.88,35.22,123.12,0.43,1.3,119.94,0.57,1.7,156.06,,,,insufficient_data,0.2201,0.2224,B,major,0.0021,0.9638460459613629,0.9891409660873215,False,0,False,,,,,,,,,,,,,False,,,,,,,,,
scotch_target,NK cells,ENSG00000185651,UBE2L3,chr22,280,31,7,B,70.4,0.0125,0.0741,-1,0,UBE2L3_Other,UBE2L3_Other,UBE2L3_Other,exon:21567729-21567771,exon,21567729,21567771,42,26.78,94.88,35.22,123.12,79.49,1.3,40.88,105.51,1.7,51.12,0.0001,0.9935632937189013,0.9965086265013587,chi2_hap_event,0.2201,0.2224,B,major,0.0021,0.9638460459613629,0.9891409660873215,False,0,False,,,,,,,,,,,,,False,,,,,,,,,
scotch_target,NK cells,ENSG00000185651,UBE2L3,chr22,280,31,7,B,70.4,0.0125,0.0741,-1,0,UBE2L3_Other,UBE2L3_Other,UBE2L3_Other,exon:21592860-21592956,exon,21592860,21592956,96,29.81,91.86,39.19,119.14,80.79,0.43,40.45,107.21,0.57,50.55,0.0,0.996323287318039,0.9965086265013587,chi2_hap_event,0.245,0.2475,B,major,0.0024,0.961234155760044,0.9891409660873215,False,0,False,,,,,,,,,,,,,False,,,,,,,,,
scotch_target,NK cells,ENSG00000185651,UBE2L3,chr22,280,31,7,B,70.4,0.0125,0.0741,-1,0,UBE2L3_Other,UBE2L3_Other,UBE2L3_Other,exon:21610856-21611043,exon,21610856,21611043,187,29.81,91.86,39.19,119.14,85.11,0.43,36.13,112.89,0.57,44.87,0.0,0.9965086265013587,0.9965086265013587,chi2_hap_event,0.245,0.2475,B,major,0.0024,0.961234155760044,0.9891409660873215,True,1,True,chr22:21611047:G:A,21611047.0,G,A,B,5.9608609865491405e-06,1.0,0.0,4.0,+,-,promotes_event,True,0.0,0.0,0.0,1.0,1.0,,,,chi2_cross_event
scotch_target,NK cells,ENSG00000185651,UBE2L3,chr22,280,31,7,B,70.4,0.0125,0.0741,-1,0,UBE2L3_Other,UBE2L3_Other,UBE2L3_Other,exon:21621514-21621870,exon,21621514,21621870,356,29.81,91.86,39.19,119.14,77.33,0.0,44.34,101.67,0.0,56.66,,,,insufficient_data,0.245,0.2475,B,major,0.0024,0.961234155760044,0.9891409660873215,False,0,False,,,,,,,,,,,,,False,,,,,,,,,
scotch_target,NK cells,ENSG00000185651,UBE2L3,chr22,280,31,7,B,70.4,0.0125,0.0741,-1,0,UBE2L3_Other,UBE2L3_Other,UBE2L3_Other,exon:21621870-21622939,exon,21621870,21622939,1069,29.81,91.86,39.19,119.14,16.85,0.0,104.82,22.15,0.0,136.18,,,,insufficient_data,0.245,0.2475,B,major,0.0024,0.961234155760044,0.9891409660873215,False,0,False,,,,,,,,,,,,,False,,,,,,,,,
scotch_target,NK cells,ENSG00000185651,UBE2L3,chr22,280,31,7,B,70.4,0.0125,0.0741,-1,0,UBE2L3_Other,UBE2L3_Other,UBE2L3_Other,exon:21622939-21624034,exon,21622939,21624034,1095,29.81,91.86,39.19,119.14,0.43,0.0,121.23,0.57,0.0,157.77,,,,insufficient_data,0.245,0.2475,B,major,0.0024,0.961234155760044,0.9891409660873215,False,0,False,,,,,,,,,,,,,False,,,,,,,,,
scotch_target,NK cells,ENSG00000185651,UBE2L3,chr22,280,31,7,B,70.4,0.0125,0.0741,-1,0,UBE2L3_Other,UBE2L3_Other,UBE2L3_Other,junction:21549650-21592860,junction,21549650,21592860,43210,3.02,118.64,3.98,154.36,0.0,0.0,121.67,0.0,0.0,158.34,,,,insufficient_data,0.0248,0.0251,B,major,0.0002,0.9891409660873215,0.9891409660873215,True,5,False,chr22:21582688:T:C,21582688.0,T,C,A,0.8902501675920234,0.5,0.0,10172.0,-,+,reduces_event,True,0.0,1.0,0.0,0.0,1.0,,,,chi2_cross_event
scotch_target,NK cells,ENSG00000185651,UBE2L3,chr22,280,31,7,B,70.4,0.0125,0.0741,-1,0,UBE2L3_Other,UBE2L3_Other,UBE2L3_Other,junction:21549650-21592860,junction,21549650,21592860,43210,3.02,118.64,3.98,154.36,0.0,0.0,121.67,0.0,0.0,158.34,,,,insufficient_data,0.0248,0.0251,B,major,0.0002,0.9891409660873215,0.9891409660873215,True,5,False,chr22:21582715:A:G,21582715.0,A,G,A,0.9999940391390134,1.0,0.0,10145.0,-,+,reduces_event,True,0.0,1.0,0.0,0.0,1.0,,,,chi2_cross_event
scotch_target,NK cells,ENSG00000185651,UBE2L3,chr22,280,31,7,B,70.4,0.0125,0.0741,-1,0,UBE2L3_Other,UBE2L3_Other,UBE2L3_Other,junction:21549650-21592860,junction,21549650,21592860,43210,3.02,118.64,3.98,154.36,0.0,0.0,121.67,0.0,0.0,158.34,,,,insufficient_data,0.0248,0.0251,B,major,0.0002,0.9891409660873215,0.9891409660873215,True,5,False,chr22:21582769:T:C,21582769.0,T,C,A,0.9905167466210992,0.92,0.0,10091.0,-,+,reduces_event,True,0.0,1.0,0.0,0.0,1.0,,,,chi2_cross_event
scotch_target,NK cells,ENSG00000185651,UBE2L3,chr22,280,31,7,B,70.4,0.0125,0.0741,-1,0,UBE2L3_Other,UBE2L3_Other,UBE2L3_Other,junction:21549650-21592860,junction,21549650,21592860,43210,3.02,118.64,3.98,154.36,0.0,0.0,121.67,0.0,0.0,158.34,,,,insufficient_data,0.0248,0.0251,B,major,0.0002,0.9891409660873215,0.9891409660873215,True,5,False,chr22:21587322:C:T,21587322.0,C,T,B,5.9608609865491405e-06,1.0,0.0,5538.0,+,-,promotes_event,True,0.0,2.0,0.0,3.0,5.0,,,,chi2_cross_event
scotch_target,NK cells,ENSG00000185651,UBE2L3,chr22,280,31,7,B,70.4,0.0125,0.0741,-1,0,UBE2L3_Other,UBE2L3_Other,UBE2L3_Other,junction:21549650-21592860,junction,21549650,21592860,43210,3.02,118.64,3.98,154.36,0.0,0.0,121.67,0.0,0.0,158.34,,,,insufficient_data,0.0248,0.0251,B,major,0.0002,0.9891409660873215,0.9891409660873215,True,5,True,chr22:21587474:C:G,21587474.0,C,G,B,5.9608609865491405e-06,1.0,0.0,5386.0,+,-,promotes_event,True,0.0,3.0,0.0,2.0,5.0,,,,chi2_cross_event
scotch_target,NK cells,ENSG00000185651,UBE2L3,chr22,280,31,7,B,70.4,0.0125,0.0741,-1,0,UBE2L3_Other,UBE2L3_Other,UBE2L3_Other,junction:21567771-21592860,junction,21567771,21592860,25089,26.78,94.88,35.22,123.12,0.43,0.0,121.23,0.57,0.0,157.77,,,,insufficient_data,0.2201,0.2224,B,major,0.0021,0.9638460459613629,0.9891409660873215,True,5,False,chr22:21582688:T:C,21582688.0,T,C,A,0.8902501675920234,0.5,0.0,10172.0,-,+,reduces_event,True,0.0,1.0,0.0,0.0,1.0,,,,chi2_cross_event
scotch_target,NK cells,ENSG00000185651,UBE2L3,chr22,280,31,7,B,70.4,0.0125,0.0741,-1,0,UBE2L3_Other,UBE2L3_Other,UBE2L3_Other,junction:21567771-21592860,junction,21567771,21592860,25089,26.78,94.88,35.22,123.12,0.43,0.0,121.23,0.57,0.0,157.77,,,,insufficient_data,0.2201,0.2224,B,major,0.0021,0.9638460459613629,0.9891409660873215,True,5,False,chr22:21582715:A:G,21582715.0,A,G,A,0.9999940391390134,1.0,0.0,10145.0,-,+,reduces_event,True,0.0,1.0,0.0,0.0,1.0,,,,chi2_cross_event
scotch_target,NK cells,ENSG00000185651,UBE2L3,chr22,280,31,7,B,70.4,0.0125,0.0741,-1,0,UBE2L3_Other,UBE2L3_Other,UBE2L3_Other,junction:21567771-21592860,junction,21567771,21592860,25089,26.78,94.88,35.22,123.12,0.43,0.0,121.23,0.57,0.0,157.77,,,,insufficient_data,0.2201,0.2224,B,major,0.0021,0.9638460459613629,0.9891409660873215,True,5,False,chr22:21582769:T:C,21582769.0,T,C,A,0.9905167466210992,0.92,0.0,10091.0,-,+,reduces_event,True,0.0,1.0,0.0,0.0,1.0,,,,chi2_cross_event
scotch_target,NK cells,ENSG00000185651,UBE2L3,chr22,280,31,7,B,70.4,0.0125,0.0741,-1,0,UBE2L3_Other,UBE2L3_Other,UBE2L3_Other,junction:21567771-21592860,junction,21567771,21592860,25089,26.78,94.88,35.22,123.12,0.43,0.0,121.23,0.57,0.0,157.77,,,,insufficient_data,0.2201,0.2224,B,major,0.0021,0.9638460459613629,0.9891409660873215,True,5,False,chr22:21587322:C:T,21587322.0,C,T,B,5.9608609865491405e-06,1.0,0.0,5538.0,+,-,promotes_event,True,0.0,2.0,0.0,3.0,5.0,,,,chi2_cross_event
scotch_target,NK cells,ENSG00000185651,UBE2L3,chr22,280,31,7,B,70.4,0.0125,0.0741,-1,0,UBE2L3_Other,UBE2L3_Other,UBE2L3_Other,junction:21567771-21592860,junction,21567771,21592860,25089,26.78,94.88,35.22,123.12,0.43,0.0,121.23,0.57,0.0,157.77,,,,insufficient_data,0.2201,0.2224,B,major,0.0021,0.9638460459613629,0.9891409660873215,True,5,True,chr22:21587474:C:G,21587474.0,C,G,B,5.9608609865491405e-06,1.0,0.0,5386.0,+,-,promotes_event,True,0.0,3.0,0.0,2.0,5.0,,,,chi2_cross_event
scotch_target,NK cells,ENSG00000185651,UBE2L3,chr22,280,31,7,B,70.4,0.0125,0.0741,-1,0,UBE2L3_Other,UBE2L3_Other,UBE2L3_Other,junction:21592956-21610856,junction,21592956,21610856,17900,29.81,91.86,39.19,119.14,0.0,0.0,121.67,0.0,0.0,158.34,,,,insufficient_data,0.245,0.2475,B,major,0.0024,0.961234155760044,0.9891409660873215,False,0,False,,,,,,,,,,,,,False,,,,,,,,,
scotch_target,NK cells,ENSG00000185651,UBE2L3,chr22,280,31,7,B,70.4,0.0125,0.0741,-1,0,UBE2L3_Other,UBE2L3_Other,UBE2L3_Other,junction:21611043-21621514,junction,21611043,21621514,10471,29.81,91.86,39.19,119.14,0.0,0.86,120.8,0.0,1.14,157.2,,,,insufficient_data,0.245,0.2475,B,major,0.0024,0.961234155760044,0.9891409660873215,True,2,True,chr22:21611047:G:A,21611047.0,G,A,B,5.9608609865491405e-06,1.0,0.0,4.0,+,-,promotes_event,True,0.0,0.0,0.0,1.0,1.0,,,,chi2_cross_event
scotch_target,NK cells,ENSG00000185651,UBE2L3,chr22,280,31,7,B,70.4,0.0125,0.0741,-1,0,UBE2L3_Other,UBE2L3_Other,UBE2L3_Other,junction:21611043-21621514,junction,21611043,21621514,10471,29.81,91.86,39.19,119.14,0.0,0.86,120.8,0.0,1.14,157.2,,,,insufficient_data,0.245,0.2475,B,major,0.0024,0.961234155760044,0.9891409660873215,True,2,False,chr22:21613105:C:T,21613105.0,C,T,B,5.9608609865491405e-06,1.0,0.0,2062.0,+,-,promotes_event,True,0.0,6.0,0.0,6.0,12.0,,,,chi2_cross_event
scotch_target,NK cells,ENSG00000198089,SFI1,chr22,121,47,10,B,70.4,0.1976,0.0254,-1,0,SFI1_Other,SFI1_Other,SFI1_Other,exon:31496537-31496557,exon,31496537,31496557,20,2.91,46.51,2.09,69.49,3.32,0.0,46.1,3.69,0.0,67.9,,,,insufficient_data,0.0589,0.0292,A,minor,0.6491,0.42041760885933366,0.6766827200144895,False,0,False,,,,,,,,,,,,,False,,,,,,,,,
scotch_target,NK cells,ENSG00000198089,SFI1,chr22,121,47,10,B,70.4,0.1976,0.0254,-1,0,SFI1_Other,SFI1_Other,SFI1_Other,exon:31496557-31496582,exon,31496557,31496582,25,2.91,46.51,2.09,69.49,4.31,0.0,45.1,3.69,0.0,67.9,,,,insufficient_data,0.0589,0.0292,A,minor,0.6491,0.42041760885933366,0.6766827200144895,False,0,False,,,,,,,,,,,,,False,,,,,,,,,
scotch_target,NK cells,ENSG00000198089,SFI1,chr22,121,47,10,B,70.4,0.1976,0.0254,-1,0,SFI1_Other,SFI1_Other,SFI1_Other,exon:31496582-31496637,exon,31496582,31496637,55,2.91,46.51,2.09,69.49,4.31,0.0,45.1,3.69,0.0,67.9,,,,insufficient_data,0.0589,0.0292,A,minor,0.6491,0.42041760885933366,0.6766827200144895,False,0,False,,,,,,,,,,,,,False,,,,,,,,,
scotch_target,NK cells,ENSG00000198089,SFI1,chr22,121,47,10,B,70.4,0.1976,0.0254,-1,0,SFI1_Other,SFI1_Other,SFI1_Other,exon:31508258-31508284,exon,31508258,31508284,26,2.91,46.51,2.09,69.49,4.31,0.0,45.1,3.69,0.0,67.9,,,,insufficient_data,0.0589,0.0292,A,minor,0.6491,0.42041760885933366,0.6766827200144895,False,0,False,,,,,,,,,,,,,False,,,,,,,,,
scotch_target,NK cells,ENSG00000198089,SFI1,chr22,121,47,10,B,70.4,0.1976,0.0254,-1,0,SFI1_Other,SFI1_Other,SFI1_Other,exon:31508284-31508376,exon,31508284,31508376,92,2.91,46.51,2.09,69.49,4.31,0.0,45.1,3.69,0.0,67.9,,,,insufficient_data,0.0589,0.0292,A,minor,0.6491,0.42041760885933366,0.6766827200144895,False,0,False,,,,,,,,,,,,,False,,,,,,,,,
scotch_target,NK cells,ENSG00000198089,SFI1,chr22,121,47,10,B,70.4,0.1976,0.0254,-1,0,SFI1_Other,SFI1_Other,SFI1_Other,exon:31546860-31546971,exon,31546860,31546971,111,2.91,46.51,2.09,69.49,2.39,1.46,45.57,2.61,0.55,68.43,,,,insufficient_data,0.0589,0.0292,A,minor,0.6491,0.42041760885933366,0.6766827200144895,False,0,False,,,,,,,,,,,,,False,,,,,,,,,
scotch_target,NK cells,ENSG00000198089,SFI1,chr22,121,47,10,B,70.4,0.1976,0.0254,-1,0,SFI1_Other,SFI1_Other,SFI1_Other,exon:31561289-31561333,exon,31561289,31561333,44,3.37,46.04,2.63,68.96,1.98,1.93,45.51,1.02,1.07,69.49,,,,insufficient_data,0.0682,0.0367,A,minor,0.6192,0.4313296762081936,0.6766827200144895,False,0,False,,,,,,,,,,,,,False,,,,,,,,,
scotch_target,NK cells,ENSG00000198089,SFI1,chr22,121,47,10,B,70.4,0.1976,0.0254,-1,0,SFI1_Other,SFI1_Other,SFI1_Other,exon:31561333-31561392,exon,31561333,31561392,59,2.91,46.51,2.09,69.49,2.45,1.93,45.04,1.56,1.07,68.96,,,,insufficient_data,0.0589,0.0292,A,minor,0.6491,0.42041760885933366,0.6766827200144895,False,0,False,,,,,,,,,,,,,False,,,,,,,,,
scotch_target,NK cells,ENSG00000198089,SFI1,chr22,121,47,10,B,70.4,0.1976,0.0254,-1,0,SFI1_Other,SFI1_Other,SFI1_Other,exon:31573057-31573173,exon,31573057,31573173,116,2.91,46.51,2.09,69.49,4.43,0.47,44.52,1.57,0.54,69.48,,,,insufficient_data,0.0589,0.0292,A,minor,0.6491,0.42041760885933366,0.6766827200144895,False,0,False,,,,,,,,,,,,,False,,,,,,,,,
scotch_target,NK cells,ENSG00000198089,SFI1,chr22,121,47,10,B,70.4,0.1976,0.0254,-1,0,SFI1_Other,SFI1_Other,SFI1_Other,exon:31573173-31573214,exon,31573173,31573214,41,2.91,46.51,2.09,69.49,3.97,0.47,44.98,1.03,0.54,70.02,,,,insufficient_data,0.0589,0.0292,A,minor,0.6491,0.42041760885933366,0.6766827200144895,False,0,False,,,,,,,,,,,,,False,,,,,,,,,
scotch_target,NK cells,ENSG00000198089,SFI1,chr22,121,47,10,B,70.4,0.1976,0.0254,-1,0,SFI1_Other,SFI1_Other,SFI1_Other,exon:31575230-31575392,exon,31575230,31575392,162,2.91,46.51,2.09,69.49,3.98,0.47,44.97,2.02,0.54,69.03,,,,insufficient_data,0.0589,0.0292,A,minor,0.6491,0.42041760885933366,0.6766827200144895,True,1,True,chr22:31575364:C:T,31575364.0,C,T,A,0.9999940391390134,1.0,0.0,28.0,-,-,promotes_event,True,2.0,0.0,4.0,0.0,6.0,,,,binomial_intra_event
scotch_target,NK cells,ENSG00000198089,SFI1,chr22,121,47,10,B,70.4,0.1976,0.0254,-1,0,SFI1_Other,SFI1_Other,SFI1_Other,exon:31578381-31578452,exon,31578381,31578452,71,3.37,46.04,2.63,68.96,1.98,0.47,46.97,1.02,0.54,70.03,,,,insufficient_data,0.0682,0.0367,A,minor,0.6192,0.4313296762081936,0.6766827200144895,False,0,False,,,,,,,,,,,,,False,,,,,,,,,
scotch_target,NK cells,ENSG00000198089,SFI1,chr22,121,47,10,B,70.4,0.1976,0.0254,-1,0,SFI1_Other,SFI1_Other,SFI1_Other,exon:31583877-31583905,exon,31583877,31583905,28,3.37,46.04,2.63,68.96,0.99,0.47,47.96,1.01,0.54,70.04,,,,insufficient_data,0.0682,0.0367,A,minor,0.6192,0.4313296762081936,0.6766827200144895,False,0,False,,,,,,,,,,,,,False,,,,,,,,,
scotch_target,NK cells,ENSG00000198089,SFI1,chr22,121,47,10,B,70.4,0.1976,0.0254,-1,0,SFI1_Other,SFI1_Other,SFI1_Other,exon:31583905-31583934,exon,31583905,31583934,29,3.84,45.58,3.16,68.42,0.99,0.47,47.96,1.01,0.54,70.04,,,,insufficient_data,0.0777,0.0441,A,minor,0.6031,0.4374059979894126,0.6766827200144895,False,0,False,,,,,,,,,,,,,False,,,,,,,,,
scotch_target,NK cells,ENSG00000198089,SFI1,chr22,121,47,10,B,70.4,0.1976,0.0254,-1,0,SFI1_Other,SFI1_Other,SFI1_Other,exon:31583934-31583969,exon,31583934,31583969,35,3.84,45.58,3.16,68.42,0.99,0.47,47.96,1.01,0.54,70.04,,,,insufficient_data,0.0777,0.0441,A,minor,0.6031,0.4374059979894126,0.6766827200144895,False,0,False,,,,,,,,,,,,,False,,,,,,,,,
scotch_target,NK cells,ENSG00000198089,SFI1,chr22,121,47,10,B,70.4,0.1976,0.0254,-1,0,SFI1_Other,SFI1_Other,SFI1_Other,exon:31585067-31585126,exon,31585067,31585126,59,3.84,45.58,3.16,68.42,0.99,0.47,47.96,1.01,0.54,70.04,,,,insufficient_data,0.0777,0.0441,A,minor,0.6031,0.4374059979894126,0.6766827200144895,False,0,False,,,,,,,,,,,,,False,,,,,,,,,
scotch_target,NK cells,ENSG00000198089,SFI1,chr22,121,47,10,B,70.4,0.1976,0.0254,-1,0,SFI1_Other,SFI1_Other,SFI1_Other,exon:31585126-31585134,exon,31585126,31585134,8,3.37,46.04,2.63,68.96,0.99,0.47,47.96,1.01,0.54,70.04,,,,insufficient_data,0.0682,0.0367,A,minor,0.6192,0.4313296762081936,0.6766827200144895,False,0,False,,,,,,,,,,,,,False,,,,,,,,,
scotch_target,NK cells,ENSG00000198089,SFI1,chr22,121,47,10,B,70.4,0.1976,0.0254,-1,0,SFI1_Other,SFI1_Other,SFI1_Other,exon:31589446-31589577,exon,31589446,31589577,131,2.91,46.51,2.09,69.49,0.99,0.0,48.43,1.01,0.0,70.57,,,,insufficient_data,0.0589,0.0292,A,minor,0.6491,0.42041760885933366,0.6766827200144895,False,0,False,,,,,,,,,,,,,False,,,,,,,,,
scotch_target,NK cells,ENSG00000198089,SFI1,chr22,121,47,10,B,70.4,0.1976,0.0254,-1,0,SFI1_Other,SFI1_Other,SFI1_Other,exon:31602211-31602293,exon,31602211,31602293,82,2.91,46.51,2.09,69.49,0.0,0.0,49.42,1.0,0.0,70.58,,,,insufficient_data,0.0589,0.0292,A,minor,0.6491,0.42041760885933366,0.6766827200144895,False,0,False,,,,,,,,,,,,,False,,,,,,,,,
scotch_target,NK cells,ENSG00000198089,SFI1,chr22,121,47,10,B,70.4,0.1976,0.0254,-1,0,SFI1_Other,SFI1_Other,SFI1_Other,exon:31602606-31602785,exon,31602606,31602785,179,2.91,46.51,2.09,69.49,0.0,0.0,49.42,2.0,0.0,69.58,,,,insufficient_data,0.0589,0.0292,A,minor,0.6491,0.42041760885933366,0.6766827200144895,False,0,False,,,,,,,,,,,,,False,,,,,,,,,
scotch_target,NK cells,ENSG00000198089,SFI1,chr22,121,47,10,B,70.4,0.1976,0.0254,-1,0,SFI1_Other,SFI1_Other,SFI1_Other,exon:31603743-31603819,exon,31603743,31603819,76,2.91,46.51,2.09,69.49,0.0,0.0,49.42,1.0,1.0,69.58,,,,insufficient_data,0.0589,0.0292,A,minor,0.6491,0.42041760885933366,0.6766827200144895,False,0,False,,,,,,,,,,,,,False,,,,,,,,,
scotch_target,NK cells,ENSG00000198089,SFI1,chr22,121,47,10,B,70.4,0.1976,0.0254,-1,0,SFI1_Other,SFI1_Other,SFI1_Other,exon:31604308-31604313,exon,31604308,31604313,5,2.91,46.51,2.09,69.49,0.0,0.0,49.42,2.0,0.0,69.58,,,,insufficient_data,0.0589,0.0292,A,minor,0.6491,0.42041760885933366,0.6766827200144895,False,0,False,,,,,,,,,,,,,False,,,,,,,,,
scotch_target,NK cells,ENSG00000198089,SFI1,chr22,121,47,10,B,70.4,0.1976,0.0254,-1,0,SFI1_Other,SFI1_Other,SFI1_Other,exon:31604313-31604404,exon,31604313,31604404,91,3.37,46.04,2.63,68.96,0.0,0.0,49.42,2.0,0.0,69.58,,,,insufficient_data,0.0682,0.0367,A,minor,0.6192,0.4313296762081936,0.6766827200144895,False,0,False,,,,,,,,,,,,,False,,,,,,,,,
scotch_target,NK cells,ENSG00000198089,SFI1,chr22,121,47,10,B,70.4,0.1976,0.0254,-1,0,SFI1_Other,SFI1_Other,SFI1_Other,exon:31604868-31604945,exon,31604868,31604945,77,3.37,46.04,2.63,68.96,0.0,0.0,49.42,2.0,0.0,69.58,,,,insufficient_data,0.0682,0.0367,A,minor,0.6192,0.4313296762081936,0.6766827200144895,False,0,False,,,,,,,,,,,,,False,,,,,,,,,
scotch_target,NK cells,ENSG00000198089,SFI1,chr22,121,47,10,B,70.4,0.1976,0.0254,-1,0,SFI1_Other,SFI1_Other,SFI1_Other,exon:31606327-31606430,exon,31606327,31606430,103,3.37,46.04,2.63,68.96,0.01,0.0,49.41,3.0,0.0,68.59,,,,insufficient_data,0.0682,0.0367,A,minor,0.6192,0.4313296762081936,0.6766827200144895,False,0,False,,,,,,,,,,,,,False,,,,,,,,,
scotch_target,NK cells,ENSG00000198089,SFI1,chr22,121,47,10,B,70.4,0.1976,0.0254,-1,0,SFI1_Other,SFI1_Other,SFI1_Other,exon:31607936-31608033,exon,31607936,31608033,97,2.91,46.51,2.09,69.49,0.47,0.0,48.94,5.53,0.0,66.06,,,,insufficient_data,0.0589,0.0292,A,minor,0.6491,0.42041760885933366,0.6766827200144895,False,0,False,,,,,,,,,,,,,False,,,,,,,,,
scotch_target,NK cells,ENSG00000198089,SFI1,chr22,121,47,10,B,70.4,0.1976,0.0254,-1,0,SFI1_Other,SFI1_Other,SFI1_Other,exon:31611142-31611303,exon,31611142,31611303,161,2.91,46.51,2.09,69.49,0.47,0.0,48.94,6.53,0.0,65.06,,,,insufficient_data,0.0589,0.0292,A,minor,0.6491,0.42041760885933366,0.6766827200144895,False,0,False,,,,,,,,,,,,,False,,,,,,,,,
scotch_target,NK cells,ENSG00000198089,SFI1,chr22,121,47,10,B,70.4,0.1976,0.0254,-1,0,SFI1_Other,SFI1_Other,SFI1_Other,exon:31611769-31611801,exon,31611769,31611801,32,2.91,46.51,2.09,69.49,1.47,0.0,47.95,6.54,0.0,65.05,,,,insufficient_data,0.0589,0.0292,A,minor,0.6491,0.42041760885933366,0.6766827200144895,False,0,False,,,,,,,,,,,,,False,,,,,,,,,
scotch_target,NK cells,ENSG00000198089,SFI1,chr22,121,47,10,B,70.4,0.1976,0.0254,-1,0,SFI1_Other,SFI1_Other,SFI1_Other,exon:31611801-31611840,exon,31611801,31611840,39,2.91,46.51,2.09,69.49,1.47,0.0,47.95,7.53,0.0,64.05,,,,insufficient_data,0.0589,0.0292,A,minor,0.6491,0.42041760885933366,0.6766827200144895,False,0,False,,,,,,,,,,,,,False,,,,,,,,,
scotch_target,NK cells,ENSG00000198089,SFI1,chr22,121,47,10,B,70.4,0.1976,0.0254,-1,0,SFI1_Other,SFI1_Other,SFI1_Other,exon:31613141-31613216,exon,31613141,31613216,75,2.91,46.51,2.09,69.49,0.0,0.0,49.41,1.0,1.0,69.59,,,,insufficient_data,0.0589,0.0292,A,minor,0.6491,0.42041760885933366,0.6766827200144895,False,0,False,,,,,,,,,,,,,False,,,,,,,,,
scotch_target,NK cells,ENSG00000198089,SFI1,chr22,121,47,10,B,70.4,0.1976,0.0254,-1,0,SFI1_Other,SFI1_Other,SFI1_Other,exon:31613353-31613453,exon,31613353,31613453,100,2.91,46.51,2.09,69.49,0.0,0.0,49.41,1.0,1.0,69.59,,,,insufficient_data,0.0589,0.0292,A,minor,0.6491,0.42041760885933366,0.6766827200144895,False,0,False,,,,,,,,,,,,,False,,,,,,,,,
scotch_target,NK cells,ENSG00000198089,SFI1,chr22,121,47,10,B,70.4,0.1976,0.0254,-1,0,SFI1_Other,SFI1_Other,SFI1_Other,exon:31613453-31613530,exon,31613453,31613530,77,2.91,46.51,2.09,69.49,0.0,0.0,49.41,1.0,1.0,69.59,,,,insufficient_data,0.0589,0.0292,A,minor,0.6491,0.42041760885933366,0.6766827200144895,False,0,False,,,,,,,,,,,,,False,,,,,,,,,
scotch_target,NK cells,ENSG00000198089,SFI1,chr22,121,47,10,B,70.4,0.1976,0.0254,-1,0,SFI1_Other,SFI1_Other,SFI1_Other,exon:31613601-31613715,exon,31613601,31613715,114,2.91,46.51,2.09,69.49,0.0,0.0,49.41,1.0,1.0,69.59,,,,insufficient_data,0.0589,0.0292,A,minor,0.6491,0.42041760885933366,0.6766827200144895,False,0,False,,,,,,,,,,,,,False,,,,,,,,,
scotch_target,NK cells,ENSG00000198089,SFI1,chr22,121,47,10,B,70.4,0.1976,0.0254,-1,0,SFI1_Other,SFI1_Other,SFI1_Other,exon:31613715-31613834,exon,31613715,31613834,119,2.91,46.51,2.09,69.49,0.0,0.0,49.41,1.0,1.0,69.59,,,,insufficient_data,0.0589,0.0292,A,minor,0.6491,0.42041760885933366,0.6766827200144895,False,0,False,,,,,,,,,,,,,False,,,,,,,,,
scotch_target,NK cells,ENSG00000198089,SFI1,chr22,121,47,10,B,70.4,0.1976,0.0254,-1,0,SFI1_Other,SFI1_Other,SFI1_Other,exon:31613834-31613855,exon,31613834,31613855,21,4.3,45.11,3.7,67.89,0.0,0.0,49.41,1.0,1.0,69.59,,,,insufficient_data,0.087,0.0517,A,minor,0.5956,0.440251408202198,0.6766827200144895,False,0,False,,,,,,,,,,,,,False,,,,,,,,,
scotch_target,NK cells,ENSG00000198089,SFI1,chr22,121,47,10,B,70.4,0.1976,0.0254,-1,0,SFI1_Other,SFI1_Other,SFI1_Other,junction:31561392-31573057,junction,31561392,31573057,11665,2.91,46.51,2.09,69.49,0.0,0.0,49.42,0.0,0.0,71.58,,,,insufficient_data,0.0589,0.0292,A,minor,0.6491,0.42041760885933366,0.6766827200144895,False,0,False,,,,,,,,,,,,,False,,,,,,,,,
scotch_target,NK cells,ENSG00000198089,SFI1,chr22,121,47,10,B,70.4,0.1976,0.0254,-1,0,SFI1_Other,SFI1_Other,SFI1_Other,junction:31573214-31575230,junction,31573214,31575230,2016,2.91,46.51,2.09,69.49,0.0,0.0,49.42,0.0,0.0,71.58,,,,insufficient_data,0.0589,0.0292,A,minor,0.6491,0.42041760885933366,0.6766827200144895,False,0,False,,,,,,,,,,,,,False,,,,,,,,,
scotch_target,NK cells,ENSG00000198089,SFI1,chr22,121,47,10,B,70.4,0.1976,0.0254,-1,0,SFI1_Other,SFI1_Other,SFI1_Other,junction:31575392-31578381,junction,31575392,31578381,2989,2.91,46.51,2.09,69.49,0.0,0.0,49.42,0.0,0.0,71.58,,,,insufficient_data,0.0589,0.0292,A,minor,0.6491,0.42041760885933366,0.6766827200144895,True,1,True,chr22:31575364:C:T,31575364.0,C,T,A,0.9999940391390134,1.0,28.0,28.0,-,-,promotes_event,True,0.0,2.0,2.0,2.0,6.0,,,,chi2_cross_event
scotch_target,NK cells,ENSG00000198089,SFI1,chr22,121,47,10,B,70.4,0.1976,0.0254,-1,0,SFI1_Other,SFI1_Other,SFI1_Other,junction:31583972-31585067,junction,31583972,31585067,1095,3.84,45.58,3.16,68.42,0.0,0.0,49.42,0.0,0.0,71.58,,,,insufficient_data,0.0777,0.0441,A,minor,0.6031,0.4374059979894126,0.6766827200144895,False,0,False,,,,,,,,,,,,,False,,,,,,,,,
scotch_target,NK cells,ENSG00000198089,SFI1,chr22,121,47,10,B,70.4,0.1976,0.0254,-1,0,SFI1_Other,SFI1_Other,SFI1_Other,junction:31585134-31589446,junction,31585134,31589446,4312,2.91,46.51,2.09,69.49,0.0,0.0,49.42,0.0,0.0,71.58,,,,insufficient_data,0.0589,0.0292,A,minor,0.6491,0.42041760885933366,0.6766827200144895,False,0,False,,,,,,,,,,,,,False,,,,,,,,,
scotch_target,NK cells,ENSG00000198089,SFI1,chr22,121,47,10,B,70.4,0.1976,0.0254,-1,0,SFI1_Other,SFI1_Other,SFI1_Other,junction:31589577-31602211,junction,31589577,31602211,12634,2.91,46.51,2.09,69.49,0.0,0.0,49.42,0.0,0.0,71.58,,,,insufficient_data,0.0589,0.0292,A,minor,0.6491,0.42041760885933366,0.6766827200144895,False,0,False,,,,,,,,,,,,,False,,,,,,,,,
scotch_target,NK cells,ENSG00000198089,SFI1,chr22,121,47,10,B,70.4,0.1976,0.0254,-1,0,SFI1_Other,SFI1_Other,SFI1_Other,junction:31602293-31602606,junction,31602293,31602606,313,2.91,46.51,2.09,69.49,0.0,0.0,49.42,0.0,0.0,71.58,,,,insufficient_data,0.0589,0.0292,A,minor,0.6491,0.42041760885933366,0.6766827200144895,False,0,False,,,,,,,,,,,,,False,,,,,,,,,
scotch_target,NK cells,ENSG00000198089,SFI1,chr22,121,47,10,B,70.4,0.1976,0.0254,-1,0,SFI1_Other,SFI1_Other,SFI1_Other,junction:31602785-31603743,junction,31602785,31603743,958,2.91,46.51,2.09,69.49,0.0,0.0,49.42,0.0,0.0,71.58,,,,insufficient_data,0.0589,0.0292,A,minor,0.6491,0.42041760885933366,0.6766827200144895,False,0,False,,,,,,,,,,,,,False,,,,,,,,,
scotch_target,NK cells,ENSG00000198089,SFI1,chr22,121,47,10,B,70.4,0.1976,0.0254,-1,0,SFI1_Other,SFI1_Other,SFI1_Other,junction:31603819-31604308,junction,31603819,31604308,489,2.91,46.51,2.09,69.49,0.0,0.0,49.42,0.0,0.0,71.58,,,,insufficient_data,0.0589,0.0292,A,minor,0.6491,0.42041760885933366,0.6766827200144895,False,0,False,,,,,,,,,,,,,False,,,,,,,,,
scotch_target,NK cells,ENSG00000198089,SFI1,chr22,121,47,10,B,70.4,0.1976,0.0254,-1,0,SFI1_Other,SFI1_Other,SFI1_Other,junction:31604404-31604868,junction,31604404,31604868,464,3.37,46.04,2.63,68.96,0.0,0.0,49.42,0.0,0.0,71.58,,,,insufficient_data,0.0682,0.0367,A,minor,0.6192,0.4313296762081936,0.6766827200144895,False,0,False,,,,,,,,,,,,,False,,,,,,,,,
scotch_target,NK cells,ENSG00000198089,SFI1,chr22,121,47,10,B,70.4,0.1976,0.0254,-1,0,SFI1_Other,SFI1_Other,SFI1_Other,junction:31604945-31606327,junction,31604945,31606327,1382,3.37,46.04,2.63,68.96,0.0,0.0,49.42,0.0,0.0,71.58,,,,insufficient_data,0.0682,0.0367,A,minor,0.6192,0.4313296762081936,0.6766827200144895,False,0,False,,,,,,,,,,,,,False,,,,,,,,,
scotch_target,NK cells,ENSG00000198089,SFI1,chr22,121,47,10,B,70.4,0.1976,0.0254,-1,0,SFI1_Other,SFI1_Other,SFI1_Other,junction:31606430-31607936,junction,31606430,31607936,1506,2.91,46.51,2.09,69.49,0.0,0.0,49.42,0.0,0.0,71.58,,,,insufficient_data,0.0589,0.0292,A,minor,0.6491,0.42041760885933366,0.6766827200144895,False,0,False,,,,,,,,,,,,,False,,,,,,,,,
scotch_target,NK cells,ENSG00000198089,SFI1,chr22,121,47,10,B,70.4,0.1976,0.0254,-1,0,SFI1_Other,SFI1_Other,SFI1_Other,junction:31608033-31611142,junction,31608033,31611142,3109,2.91,46.51,2.09,69.49,0.0,0.0,49.42,0.0,0.0,71.58,,,,insufficient_data,0.0589,0.0292,A,minor,0.6491,0.42041760885933366,0.6766827200144895,False,0,False,,,,,,,,,,,,,False,,,,,,,,,
scotch_target,NK cells,ENSG00000198089,SFI1,chr22,121,47,10,B,70.4,0.1976,0.0254,-1,0,SFI1_Other,SFI1_Other,SFI1_Other,junction:31611303-31611765,junction,31611303,31611765,462,2.91,46.51,2.09,69.49,0.0,0.47,48.95,0.0,1.54,70.05,,,,insufficient_data,0.0589,0.0292,A,minor,0.6491,0.42041760885933366,0.6766827200144895,False,0,False,,,,,,,,,,,,,False,,,,,,,,,
scotch_target,NK cells,ENSG00000198089,SFI1,chr22,121,47,10,B,70.4,0.1976,0.0254,-1,0,SFI1_Other,SFI1_Other,SFI1_Other,junction:31611840-31613141,junction,31611840,31613141,1301,2.91,46.51,2.09,69.49,0.0,0.0,49.42,0.0,0.0,71.58,,,,insufficient_data,0.0589,0.0292,A,minor,0.6491,0.42041760885933366,0.6766827200144895,True,1,True,chr22:31612204:C:T,31612204.0,C,T,A,0.9999940391390134,1.0,0.0,364.0,-,-,promotes_event,True,0.0,7.0,0.0,1.0,8.0,,,,chi2_cross_event
scotch_target,NK cells,ENSG00000198089,SFI1,chr22,121,47,10,B,70.4,0.1976,0.0254,-1,0,SFI1_Other,SFI1_Other,SFI1_Other,junction:31613216-31613353,junction,31613216,31613353,137,2.91,46.51,2.09,69.49,0.0,0.0,49.42,0.0,0.0,71.58,,,,insufficient_data,0.0589,0.0292,A,minor,0.6491,0.42041760885933366,0.6766827200144895,False,0,False,,,,,,,,,,,,,False,,,,,,,,,
scotch_target,NK cells,ENSG00000198089,SFI1,chr22,121,47,10,B,70.4,0.1976,0.0254,-1,0,SFI1_Other,SFI1_Other,SFI1_Other,junction:31613530-31613601,junction,31613530,31613601,71,2.91,46.51,2.09,69.49,0.0,0.0,49.42,0.0,0.0,71.58,,,,insufficient_data,0.0589,0.0292,A,minor,0.6491,0.42041760885933366,0.6766827200144895,False,0,False,,,,,,,,,,,,,False,,,,,,,,,
scotch_target,NK cells,ENSG00000198089,SFI1,chr22,121,47,10,B,70.4,0.1976,0.0254,-1,0,SFI1_Other,SFI1_Other,SFI1_Other,junction:31613855-31614788,junction,31613855,31614788,933,4.3,45.11,3.7,67.89,0.0,0.0,49.42,0.0,0.0,71.58,,,,insufficient_data,0.087,0.0517,A,minor,0.5956,0.440251408202198,0.6766827200144895,False,0,False,,,,,,,,,,,,,False,,,,,,,,,
scotch_target,NK cells,ENSG00000198089,SFI1,chr22,121,47,10,B,70.4,0.1976,0.0254,-1,0,SFI1_Other,SFI1_Other,SFI1_Other,junction:31614860-31615047,junction,31614860,31615047,187,4.3,45.11,3.7,67.89,0.0,0.0,49.42,0.0,0.0,71.58,,,,insufficient_data,0.087,0.0517,A,minor,0.5956,0.440251408202198,0.6766827200144895,False,0,False,,,,,,,,,,,,,False,,,,,,,,,
scotch_target,NK cells,ENSG00000198089,SFI1,chr22,121,47,10,B,70.4,0.1976,0.0254,-1,0,SFI1_Other,SFI1_Other,SFI1_Other,exon:31496386-31496463,exon,31496386,31496463,77,1.45,47.96,1.55,70.04,0.0,0.0,49.42,0.0,0.0,71.58,,,,insufficient_data,0.0293,0.0217,A,minor,0.0741,0.7854827994579161,0.9108191715353686,False,0,False,,,,,,,,,,,,,False,,,,,,,,,
scotch_target,NK cells,ENSG00000198089,SFI1,chr22,121,47,10,B,70.4,0.1976,0.0254,-1,0,SFI1_Other,SFI1_Other,SFI1_Other,exon:31496463-31496518,exon,31496463,31496518,55,1.45,47.96,1.55,70.04,0.47,0.0,48.95,0.54,0.0,71.05,,,,insufficient_data,0.0293,0.0217,A,minor,0.0741,0.7854827994579161,0.9108191715353686,False,0,False,,,,,,,,,,,,,False,,,,,,,,,
scotch_target,NK cells,ENSG00000198089,SFI1,chr22,121,47,10,B,70.4,0.1976,0.0254,-1,0,SFI1_Other,SFI1_Other,SFI1_Other,exon:31496518-31496535,exon,31496518,31496535,17,1.45,47.96,1.55,70.04,1.4,0.0,48.02,1.6,0.0,69.98,,,,insufficient_data,0.0293,0.0217,A,minor,0.0741,0.7854827994579161,0.9108191715353686,False,0,False,,,,,,,,,,,,,False,,,,,,,,,
scotch_target,NK cells,ENSG00000198089,SFI1,chr22,121,47,10,B,70.4,0.1976,0.0254,-1,0,SFI1_Other,SFI1_Other,SFI1_Other,exon:31550253-31550348,exon,31550253,31550348,95,2.39,47.03,2.61,68.97,4.37,0.47,44.58,2.63,0.54,68.42,,,,insufficient_data,0.0484,0.0365,A,minor,0.1022,0.7491887943859628,0.9108191715353686,False,0,False,,,,,,,,,,,,,False,,,,,,,,,
scotch_target,NK cells,ENSG00000198089,SFI1,chr22,121,47,10,B,70.4,0.1976,0.0254,-1,0,SFI1_Other,SFI1_Other,SFI1_Other,exon:31556941-31557059,exon,31556941,31557059,118,2.39,47.03,2.61,68.97,3.91,0.47,45.04,2.09,0.54,68.96,,,,insufficient_data,0.0484,0.0365,A,minor,0.1022,0.7491887943859628,0.9108191715353686,False,0,False,,,,,,,,,,,,,False,,,,,,,,,
scotch_target,NK cells,ENSG00000198089,SFI1,chr22,121,47,10,B,70.4,0.1976,0.0254,-1,0,SFI1_Other,SFI1_Other,SFI1_Other,exon:31614370-31614385,exon,31614370,31614385,15,1.94,47.48,2.06,69.52,0.0,0.0,49.41,0.0,2.0,69.59,,,,insufficient_data,0.0393,0.0288,A,minor,0.0979,0.7543799556492462,0.9108191715353686,False,0,False,,,,,,,,,,,,,False,,,,,,,,,
scotch_target,NK cells,ENSG00000198089,SFI1,chr22,121,47,10,B,70.4,0.1976,0.0254,-1,0,SFI1_Other,SFI1_Other,SFI1_Other,exon:31614385-31614788,exon,31614385,31614788,403,3.95,45.46,7.05,64.54,0.0,0.0,49.42,0.0,1.0,70.58,,,,insufficient_data,0.0799,0.0985,B,major,0.1213,0.7276705192539228,0.9108191715353686,False,0,False,,,,,,,,,,,,,False,,,,,,,,,
scotch_target,NK cells,ENSG00000198089,SFI1,chr22,121,47,10,B,70.4,0.1976,0.0254,-1,0,SFI1_Other,SFI1_Other,SFI1_Other,exon:31614788-31614860,exon,31614788,31614860,72,8.26,41.16,10.74,60.84,0.0,0.0,49.41,1.0,1.0,69.59,,,,insufficient_data,0.1671,0.15,A,minor,0.0635,0.801081921952794,0.9108191715353686,False,0,False,,,,,,,,,,,,,False,,,,,,,,,
scotch_target,NK cells,ENSG00000198089,SFI1,chr22,121,47,10,B,70.4,0.1976,0.0254,-1,0,SFI1_Other,SFI1_Other,SFI1_Other,exon:31614860-31615047,exon,31614860,31615047,187,3.95,45.46,7.05,64.54,0.0,0.0,49.42,0.0,1.0,70.58,,,,insufficient_data,0.0799,0.0985,B,major,0.1213,0.7276705192539228,0.9108191715353686,False,0,False,,,,,,,,,,,,,False,,,,,,,,,
scotch_target,NK cells,ENSG00000198089,SFI1,chr22,121,47,10,B,70.4,0.1976,0.0254,-1,0,SFI1_Other,SFI1_Other,SFI1_Other,exon:31615047-31615279,exon,31615047,31615279,232,8.26,41.16,10.74,60.84,0.01,0.0,49.4,3.99,1.0,66.6,,,,insufficient_data,0.1671,0.15,A,minor,0.0635,0.801081921952794,0.9108191715353686,False,0,False,,,,,,,,,,,,,False,,,,,,,,,
scotch_target,NK cells,ENSG00000198089,SFI1,chr22,121,47,10,B,70.4,0.1976,0.0254,-1,0,SFI1_Other,SFI1_Other,SFI1_Other,exon:31615279-31616744,exon,31615279,31616744,1465,1.94,47.48,2.06,69.52,0.0,0.0,49.42,0.0,1.0,70.58,,,,insufficient_data,0.0393,0.0288,A,minor,0.0979,0.7543799556492462,0.9108191715353686,False,0,False,,,,,,,,,,,,,False,,,,,,,,,
scotch_target,NK cells,ENSG00000198089,SFI1,chr22,121,47,10,B,70.4,0.1976,0.0254,-1,0,SFI1_Other,SFI1_Other,SFI1_Other,exon:31616744-31616877,exon,31616744,31616877,133,8.26,41.16,10.74,60.84,2.02,0.0,47.4,6.98,1.0,63.6,0.2813,0.5958774030646354,0.618778005033024,chi2_hap_event,0.1671,0.15,A,minor,0.0635,0.801081921952794,0.9108191715353686,False,0,False,,,,,,,,,,,,,False,,,,,,,,,
scotch_target,NK cells,ENSG00000198089,SFI1,chr22,121,47,10,B,70.4,0.1976,0.0254,-1,0,SFI1_Other,SFI1_Other,SFI1_Other,exon:31618211-31618226,exon,31618211,31618226,15,8.26,41.16,10.74,60.84,5.52,0.0,43.89,14.48,1.0,56.11,0.3747,0.5404563050461177,0.618778005033024,chi2_hap_event,0.1671,0.15,A,minor,0.0635,0.801081921952794,0.9108191715353686,True,1,True,chr22:31618174:G:A,31618174.0,G,A,A,0.9999940391390134,1.0,37.0,37.0,-,-,promotes_event,True,7.0,6.0,3.0,1.0,17.0,0.5651,0.4522086857136781,0.4522086857136781,chi2_cross_event
scotch_target,NK cells,ENSG00000198089,SFI1,chr22,121,47,10,B,70.4,0.1976,0.0254,-1,0,SFI1_Other,SFI1_Other,SFI1_Other,exon:31618226-31618313,exon,31618226,31618313,87,1.94,47.48,2.06,69.52,3.04,0.0,46.37,6.96,1.0,63.63,0.4203,0.5167916303119826,0.618778005033024,chi2_hap_event,0.0393,0.0288,A,minor,0.0979,0.7543799556492462,0.9108191715353686,False,0,False,,,,,,,,,,,,,False,,,,,,,,,
scotch_target,NK cells,ENSG00000198089,SFI1,chr22,121,47,10,B,70.4,0.1976,0.0254,-1,0,SFI1_Other,SFI1_Other,SFI1_Other,exon:31618313-31618446,exon,31618313,31618446,133,8.26,41.16,10.74,60.84,5.99,0.0,43.43,15.01,1.0,55.57,0.3918,0.5313664991305027,0.618778005033024,chi2_hap_event,0.1671,0.15,A,minor,0.0635,0.801081921952794,0.9108191715353686,False,0,False,,,,,,,,,,,,,False,,,,,,,,,
scotch_target,NK cells,ENSG00000198089,SFI1,chr22,121,47,10,B,70.4,0.1976,0.0254,-1,0,SFI1_Other,SFI1_Other,SFI1_Other,junction:31496637-31508254,junction,31496637,31508254,11617,1.45,47.96,1.55,70.04,0.0,0.0,49.42,0.0,0.0,71.58,,,,insufficient_data,0.0293,0.0217,A,minor,0.0741,0.7854827994579161,0.9108191715353686,False,0,False,,,,,,,,,,,,,False,,,,,,,,,
scotch_target,NK cells,ENSG00000198089,SFI1,chr22,121,47,10,B,70.4,0.1976,0.0254,-1,0,SFI1_Other,SFI1_Other,SFI1_Other,junction:31546971-31550253,junction,31546971,31550253,3282,1.92,47.49,2.08,69.51,0.0,0.0,49.42,0.0,0.0,71.58,,,,insufficient_data,0.0389,0.0291,A,minor,0.0884,0.7661975009802852,0.9108191715353686,False,0,False,,,,,,,,,,,,,False,,,,,,,,,
scotch_target,NK cells,ENSG00000198089,SFI1,chr22,121,47,10,B,70.4,0.1976,0.0254,-1,0,SFI1_Other,SFI1_Other,SFI1_Other,junction:31550348-31556941,junction,31550348,31556941,6593,2.39,47.03,2.61,68.97,0.0,0.0,49.42,0.0,0.0,71.58,,,,insufficient_data,0.0484,0.0365,A,minor,0.1022,0.7491887943859628,0.9108191715353686,True,2,False,chr22:31553940:G:A,31553940.0,G,A,B,5.9608609865491405e-06,1.0,0.0,3001.0,+,+,reduces_event,True,0.0,3.0,0.0,3.0,6.0,,,,chi2_cross_event
scotch_target,NK cells,ENSG00000198089,SFI1,chr22,121,47,10,B,70.4,0.1976,0.0254,-1,0,SFI1_Other,SFI1_Other,SFI1_Other,junction:31550348-31556941,junction,31550348,31556941,6593,2.39,47.03,2.61,68.97,0.0,0.0,49.42,0.0,0.0,71.58,,,,insufficient_data,0.0484,0.0365,A,minor,0.1022,0.7491887943859628,0.9108191715353686,True,2,True,chr22:31554018:C:T,31554018.0,C,T,A,0.9999940391390134,1.0,0.0,2923.0,-,-,promotes_event,True,0.0,3.0,0.0,1.0,4.0,,,,chi2_cross_event
scotch_target,NK cells,ENSG00000198089,SFI1,chr22,121,47,10,B,70.4,0.1976,0.0254,-1,0,SFI1_Other,SFI1_Other,SFI1_Other,junction:31557059-31561289,junction,31557059,31561289,4230,2.39,47.03,2.61,68.97,0.0,0.0,49.42,0.0,0.0,71.58,,,,insufficient_data,0.0484,0.0365,A,minor,0.1022,0.7491887943859628,0.9108191715353686,False,0,False,,,,,,,,,,,,,False,,,,,,,,,
scotch_target,NK cells,ENSG00000198089,SFI1,chr22,121,47,10,B,70.4,0.1976,0.0254,-1,0,SFI1_Other,SFI1_Other,SFI1_Other,exon:31616999-31617078,exon,31616999,31617078,79,6.86,42.56,9.14,62.44,2.02,0.0,47.39,7.98,1.0,62.61,0.2476,0.618778005033024,0.618778005033024,chi2_hap_event,0.1388,0.1277,A,minor,0.0316,0.8588213582158613,0.9138740093835447,False,0,False,,,,,,,,,,,,,False,,,,,,,,,
scotch_target,NK cells,ENSG00000198089,SFI1,chr22,121,47,10,B,70.4,0.1976,0.0254,-1,0,SFI1_Other,SFI1_Other,SFI1_Other,exon:31618114-31618211,exon,31618114,31618211,97,6.86,42.56,9.14,62.44,4.13,0.0,45.29,12.87,1.0,57.71,0.3151,0.5745780182587359,0.618778005033024,chi2_hap_event,0.1388,0.1277,A,minor,0.0316,0.8588213582158613,0.9138740093835447,True,1,True,chr22:31618174:G:A,31618174.0,G,A,A,0.9999940391390134,1.0,0.0,37.0,-,-,promotes_event,True,13.0,0.0,4.0,0.0,17.0,,0.049041748046875,0.09808349609375,binomial_intra_event
scotch_target,NK cells,ENSG00000198089,SFI1,chr22,121,47,10,B,70.4,0.1976,0.0254,-1,0,SFI1_Other,SFI1_Other,SFI1_Other,junction:31616877-31616999,junction,31616877,31616999,122,6.86,42.56,9.14,62.44,0.0,0.0,49.42,0.0,0.0,71.58,,,,insufficient_data,0.1388,0.1277,A,minor,0.0316,0.8588213582158613,0.9138740093835447,False,0,False,,,,,,,,,,,,,False,,,,,,,,,
scotch_target,NK cells,ENSG00000198089,SFI1,chr22,121,47,10,B,70.4,0.1976,0.0254,-1,0,SFI1_Other,SFI1_Other,SFI1_Other,junction:31616877-31618211,junction,31616877,31618211,1334,1.4,48.02,1.6,69.98,0.0,0.0,49.42,0.0,0.0,71.58,,,,insufficient_data,0.0283,0.0224,A,minor,0.0408,0.839912689264178,0.9138740093835447,True,1,True,chr22:31618174:G:A,31618174.0,G,A,A,0.9999940391390134,1.0,0.0,37.0,-,-,promotes_event,True,0.0,13.0,0.0,4.0,17.0,,,,chi2_cross_event
scotch_target,NK cells,ENSG00000198089,SFI1,chr22,121,47,10,B,70.4,0.1976,0.0254,-1,0,SFI1_Other,SFI1_Other,SFI1_Other,junction:31617078-31618114,junction,31617078,31618114,1036,6.86,42.56,9.14,62.44,0.0,0.0,49.41,0.0,1.0,70.59,,,,insufficient_data,0.1388,0.1277,A,minor,0.0316,0.8588213582158613,0.9138740093835447,False,0,False,,,,,,,,,,,,,False,,,,,,,,,
scotch_target,NK cells,ENSG00000198089,SFI1,chr22,121,47,10,B,70.4,0.1976,0.0254,-1,0,SFI1_Other,SFI1_Other,SFI1_Other,junction:31615279-31616744,junction,31615279,31616744,1465,6.32,43.1,8.68,62.9,0.0,0.0,49.42,0.0,0.0,71.58,,,,insufficient_data,0.1279,0.1213,A,minor,0.0118,0.9136670229561386,0.9479295363169937,False,0,False,,,,,,,,,,,,,False,,,,,,,,,
scotch_target,NK cells,ENSG00000198089,SFI1,chr22,121,47,10,B,70.4,0.1976,0.0254,-1,0,SFI1_Other,SFI1_Other,SFI1_Other,junction:31618226-31618313,junction,31618226,31618313,87,6.32,43.1,8.68,62.9,0.0,2.11,47.3,0.0,5.89,65.7,,,,insufficient_data,0.1279,0.1213,A,minor,0.0118,0.9136670229561386,0.9479295363169937,False,0,False,,,,,,,,,,,,,False,,,,,,,,,
scotch_target,NK cells,ENSG00000198089,SFI1,chr22,121,47,10,B,70.4,0.1976,0.0254,-1,0,SFI1_Other,SFI1_Other,SFI1_Other,exon:31618446-31618490,exon,31618446,31618490,44,7.27,42.15,10.73,60.85,6.45,0.0,42.96,15.55,1.0,55.04,0.4077,0.5231359359422101,0.618778005033024,chi2_hap_event,0.1471,0.1499,B,major,0.0019,0.9651805845234661,0.9651805845234661,False,0,False,,,,,,,,,,,,,False,,,,,,,,,
scotch_target,NK cells,ENSG00000198089,SFI1,chr22,121,47,10,B,70.4,0.1976,0.0254,-1,0,SFI1_Other,SFI1_Other,SFI1_Other,exon:31618490-31618510,exon,31618490,31618510,20,7.27,42.15,10.73,60.85,6.45,0.0,42.96,15.55,1.0,55.04,0.4077,0.5231359359422101,0.618778005033024,chi2_hap_event,0.1471,0.1499,B,major,0.0019,0.9651805845234661,0.9651805845234661,False,0,False,,,,,,,,,,,,,False,,,,,,,,,
scotch_target,NK cells,ENSG00000198089,SFI1,chr22,121,47,10,B,70.4,0.1976,0.0254,-1,0,SFI1_Other,SFI1_Other,SFI1_Other,exon:31618514-31618547,exon,31618514,31618547,33,7.27,42.15,10.73,60.85,6.45,0.0,42.96,15.55,1.0,55.04,0.4077,0.5231359359422101,0.618778005033024,chi2_hap_event,0.1471,0.1499,B,major,0.0019,0.9651805845234661,0.9651805845234661,False,0,False,,,,,,,,,,,,,False,,,,,,,,,
scotch_target,NK cells,ENSG00000198832,SELENOM,chr22,14,14,2,B,70.4,0.0878,0.0713,-1,-1,SELENOM_ENST00000400299,SELENOM_ENST00000400299,SELENOM_ENST00000400299,exon:31107533-31107541,exon,31107533,31107541,8,2.45,2.0,8.55,1.0,3.45,0.0,1.0,8.55,0.0,1.0,,,,insufficient_data,0.5506,0.8953,B,major,2.1471,0.14284243044323353,0.14284243044323353,False,0,False,,,,,,,,,,,,,False,,,,,,,,,
scotch_target,NK cells,ENSG00000198832,SELENOM,chr22,14,14,2,B,70.4,0.0878,0.0713,-1,-1,SELENOM_ENST00000400299,SELENOM_ENST00000400299,SELENOM_ENST00000400299,exon:31107541-31107553,exon,31107541,31107553,12,2.45,2.0,8.55,1.0,3.45,0.0,1.0,8.55,0.0,1.0,,,,insufficient_data,0.5506,0.8953,B,major,2.1471,0.14284243044323353,0.14284243044323353,False,0,False,,,,,,,,,,,,,False,,,,,,,,,
scotch_target,NK cells,ENSG00000198832,SELENOM,chr22,14,14,2,B,70.4,0.0878,0.0713,-1,-1,SELENOM_ENST00000400299,SELENOM_ENST00000400299,SELENOM_ENST00000400299,exon:31107556-31107568,exon,31107556,31107568,12,2.45,2.0,8.55,1.0,3.45,0.0,1.0,8.55,0.0,1.0,,,,insufficient_data,0.5506,0.8953,B,major,2.1471,0.14284243044323353,0.14284243044323353,False,0,False,,,,,,,,,,,,,False,,,,,,,,,
scotch_target,NK cells,ENSG00000239713,APOBEC3G,chr22,137,83,3,A,70.4,0.3787,0.2101,0,1,APOBEC3G_ENST00000407997,APOBEC3G_ENST00000407997,APOBEC3G_ENST00000407997,exon:39077274-39077378,exon,39077274,39077378,104,56.16,42.8,12.84,25.2,64.75,0.0,34.22,25.25,0.0,12.78,,,,insufficient_data,0.5675,0.3375,A,major,5.8084,0.015950226088995694,0.03786839989884302,True,3,True,chr22:39077378:G:A,39077378.0,G,A,A,0.9999940391390134,1.0,0.0,0.0,+,+,promotes_event,True,25.0,0.0,56.0,0.0,81.0,,0.000752126064634077,0.004512756387804463,binomial_intra_event
scotch_target,NK cells,ENSG00000239713,APOBEC3G,chr22,137,83,3,A,70.4,0.3787,0.2101,0,1,APOBEC3G_ENST00000407997,APOBEC3G_ENST00000407997,APOBEC3G_ENST00000407997,exon:39077274-39077378,exon,39077274,39077378,104,56.16,42.8,12.84,25.2,64.75,0.0,34.22,25.25,0.0,12.78,,,,insufficient_data,0.5675,0.3375,A,major,5.8084,0.015950226088995694,0.03786839989884302,True,3,False,chr22:39077379:T:A,39077379.0,T,A,A,0.9999940391390134,1.0,1.0,1.0,+,+,promotes_event,True,5.0,16.0,35.0,23.0,79.0,8.2333,0.004112812565338993,0.004935375078406791,chi2_cross_event
scotch_target,NK cells,ENSG00000239713,APOBEC3G,chr22,137,83,3,A,70.4,0.3787,0.2101,0,1,APOBEC3G_ENST00000407997,APOBEC3G_ENST00000407997,APOBEC3G_ENST00000407997,exon:39077274-39077378,exon,39077274,39077378,104,56.16,42.8,12.84,25.2,64.75,0.0,34.22,25.25,0.0,12.78,,,,insufficient_data,0.5675,0.3375,A,major,5.8084,0.015950226088995694,0.03786839989884302,True,3,False,chr22:39077383:G:C,39077383.0,G,C,A,0.9999940391390134,1.0,5.0,5.0,+,+,promotes_event,True,6.0,18.0,35.0,22.0,81.0,8.9539,0.0027687310670640214,0.004935375078406791,chi2_cross_event
scotch_target,NK cells,ENSG00000239713,APOBEC3G,chr22,137,83,3,A,70.4,0.3787,0.2101,0,1,APOBEC3G_ENST00000407997,APOBEC3G_ENST00000407997,APOBEC3G_ENST00000407997,exon:39078931-39079085,exon,39078931,39079085,154,56.16,42.8,12.84,25.2,65.32,2.19,31.45,2.68,15.81,19.55,59.3374,1.3282850191081185e-14,1.4611135210189304e-13,chi2_hap_event,0.5675,0.3375,A,major,5.8084,0.015950226088995694,0.03786839989884302,False,0,False,,,,,,,,,,,,,False,,,,,,,,,
scotch_target,NK cells,ENSG00000239713,APOBEC3G,chr22,137,83,3,A,70.4,0.3787,0.2101,0,1,APOBEC3G_ENST00000407997,APOBEC3G_ENST00000407997,APOBEC3G_ENST00000407997,exon:39080932-39081194,exon,39080932,39081194,262,57.07,41.89,13.93,24.11,61.42,0.01,37.54,17.58,0.99,19.46,3.2709,0.07051854201483873,0.25856798738774206,chi2_hap_event,0.5767,0.3662,A,major,4.8762,0.027230179859791835,0.03786839989884302,False,0,False,,,,,,,,,,,,,False,,,,,,,,,
scotch_target,NK cells,ENSG00000239713,APOBEC3G,chr22,137,83,3,A,70.4,0.3787,0.2101,0,1,APOBEC3G_ENST00000407997,APOBEC3G_ENST00000407997,APOBEC3G_ENST00000407997,exon:39081194-39081227,exon,39081194,39081227,33,57.07,41.89,13.93,24.11,60.42,1.01,37.54,17.58,0.99,19.46,0.7979,0.37173111867481723,0.8367590498595912,chi2_hap_event,0.5767,0.3662,A,major,4.8762,0.027230179859791835,0.03786839989884302,False,0,False,,,,,,,,,,,,,False,,,,,,,,,
scotch_target,NK cells,ENSG00000239713,APOBEC3G,chr22,137,83,3,A,70.4,0.3787,0.2101,0,1,APOBEC3G_ENST00000407997,APOBEC3G_ENST00000407997,APOBEC3G_ENST00000407997,exon:39081470-39081585,exon,39081470,39081585,115,57.07,41.89,13.93,24.11,60.15,1.01,37.81,17.86,0.99,19.19,0.7696,0.3803450226634505,0.8367590498595912,chi2_hap_event,0.5767,0.3662,A,major,4.8762,0.027230179859791835,0.03786839989884302,False,0,False,,,,,,,,,,,,,False,,,,,,,,,
scotch_target,NK cells,ENSG00000239713,APOBEC3G,chr22,137,83,3,A,70.4,0.3787,0.2101,0,1,APOBEC3G_ENST00000407997,APOBEC3G_ENST00000407997,APOBEC3G_ENST00000407997,exon:39083730-39083884,exon,39083730,39083884,154,53.43,45.53,12.57,25.47,60.33,2.0,36.63,18.67,1.0,18.37,0.1453,0.7030890314753324,0.9362073917609068,chi2_hap_event,0.5399,0.3304,A,major,4.8287,0.02798968688175353,0.03786839989884302,False,0,False,,,,,,,,,,,,,False,,,,,,,,,
scotch_target,NK cells,ENSG00000239713,APOBEC3G,chr22,137,83,3,A,70.4,0.3787,0.2101,0,1,APOBEC3G_ENST00000407997,APOBEC3G_ENST00000407997,APOBEC3G_ENST00000407997,exon:39086278-39086461,exon,39086278,39086461,183,53.43,45.53,12.57,25.47,62.07,1.0,35.9,19.93,0.0,18.1,0.3199,0.5716459777680323,0.9362073917609068,chi2_hap_event,0.5399,0.3304,A,major,4.8287,0.02798968688175353,0.03786839989884302,False,0,False,,,,,,,,,,,,,False,,,,,,,,,
scotch_target,NK cells,ENSG00000239713,APOBEC3G,chr22,137,83,3,A,70.4,0.3787,0.2101,0,1,APOBEC3G_ENST00000407997,APOBEC3G_ENST00000407997,APOBEC3G_ENST00000407997,exon:39086461-39086567,exon,39086461,39086567,106,53.43,45.53,12.57,25.47,60.34,0.0,38.63,16.66,0.0,21.37,,,,insufficient_data,0.5399,0.3304,A,major,4.8287,0.02798968688175353,0.03786839989884302,False,0,False,,,,,,,,,,,,,False,,,,,,,,,
scotch_target,NK cells,ENSG00000239713,APOBEC3G,chr22,137,83,3,A,70.4,0.3787,0.2101,0,1,APOBEC3G_ENST00000407997,APOBEC3G_ENST00000407997,APOBEC3G_ENST00000407997,exon:39087010-39087126,exon,39087010,39087126,116,53.43,45.53,12.57,25.47,61.51,1.0,36.45,16.49,0.0,21.55,0.2671,0.6052713649662991,0.9362073917609068,chi2_hap_event,0.5399,0.3304,A,major,4.8287,0.02798968688175353,0.03786839989884302,False,0,False,,,,,,,,,,,,,False,,,,,,,,,
scotch_target,NK cells,ENSG00000239713,APOBEC3G,chr22,137,83,3,A,70.4,0.3787,0.2101,0,1,APOBEC3G_ENST00000407997,APOBEC3G_ENST00000407997,APOBEC3G_ENST00000407997,exon:39087406-39087743,exon,39087406,39087743,337,53.43,45.53,12.57,25.47,71.25,0.0,27.71,19.75,0.0,18.29,,,,insufficient_data,0.5399,0.3304,A,major,4.8287,0.02798968688175353,0.03786839989884302,False,0,False,,,,,,,,,,,,,False,,,,,,,,,
scotch_target,NK cells,ENSG00000239713,APOBEC3G,chr22,137,83,3,A,70.4,0.3787,0.2101,0,1,APOBEC3G_ENST00000407997,APOBEC3G_ENST00000407997,APOBEC3G_ENST00000407997,junction:39077378-39078931,junction,39077378,39078931,1553,56.16,42.8,12.84,25.2,0.0,0.0,98.96,0.0,0.0,38.04,,,,insufficient_data,0.5675,0.3375,A,major,5.8084,0.015950226088995694,0.03786839989884302,True,3,True,chr22:39077378:G:A,39077378.0,G,A,A,0.9999940391390134,1.0,0.0,0.0,+,+,promotes_event,True,7.0,18.0,34.0,22.0,81.0,7.4002,0.00652162342712532,0.00652162342712532,chi2_cross_event
scotch_target,NK cells,ENSG00000239713,APOBEC3G,chr22,137,83,3,A,70.4,0.3787,0.2101,0,1,APOBEC3G_ENST00000407997,APOBEC3G_ENST00000407997,APOBEC3G_ENST00000407997,junction:39077378-39078931,junction,39077378,39078931,1553,56.16,42.8,12.84,25.2,0.0,0.0,98.96,0.0,0.0,38.04,,,,insufficient_data,0.5675,0.3375,A,major,5.8084,0.015950226088995694,0.03786839989884302,True,3,False,chr22:39077379:T:A,39077379.0,T,A,A,0.9999940391390134,1.0,0.0,1.0,+,+,promotes_event,True,5.0,16.0,35.0,23.0,79.0,8.2333,0.004112812565338993,0.004935375078406791,chi2_cross_event
scotch_target,NK cells,ENSG00000239713,APOBEC3G,chr22,137,83,3,A,70.4,0.3787,0.2101,0,1,APOBEC3G_ENST00000407997,APOBEC3G_ENST00000407997,APOBEC3G_ENST00000407997,junction:39077378-39078931,junction,39077378,39078931,1553,56.16,42.8,12.84,25.2,0.0,0.0,98.96,0.0,0.0,38.04,,,,insufficient_data,0.5675,0.3375,A,major,5.8084,0.015950226088995694,0.03786839989884302,True,3,False,chr22:39077383:G:C,39077383.0,G,C,A,0.9999940391390134,1.0,0.0,5.0,+,+,promotes_event,True,6.0,18.0,35.0,22.0,81.0,8.9539,0.0027687310670640214,0.004935375078406791,chi2_cross_event
scotch_target,NK cells,ENSG00000239713,APOBEC3G,chr22,137,83,3,A,70.4,0.3787,0.2101,0,1,APOBEC3G_ENST00000407997,APOBEC3G_ENST00000407997,APOBEC3G_ENST00000407997,junction:39079085-39080932,junction,39079085,39080932,1847,53.43,45.53,12.57,25.47,0.0,1.0,97.96,0.0,0.0,38.04,,,,insufficient_data,0.5399,0.3304,A,major,4.8287,0.02798968688175353,0.03786839989884302,False,0,False,,,,,,,,,,,,,False,,,,,,,,,
scotch_target,NK cells,ENSG00000239713,APOBEC3G,chr22,137,83,3,A,70.4,0.3787,0.2101,0,1,APOBEC3G_ENST00000407997,APOBEC3G_ENST00000407997,APOBEC3G_ENST00000407997,junction:39081227-39081470,junction,39081227,39081470,243,57.07,41.89,13.93,24.11,0.0,0.0,98.96,0.0,0.0,38.04,,,,insufficient_data,0.5767,0.3662,A,major,4.8762,0.027230179859791835,0.03786839989884302,False,0,False,,,,,,,,,,,,,False,,,,,,,,,
scotch_target,NK cells,ENSG00000239713,APOBEC3G,chr22,137,83,3,A,70.4,0.3787,0.2101,0,1,APOBEC3G_ENST00000407997,APOBEC3G_ENST00000407997,APOBEC3G_ENST00000407997,junction:39081585-39083730,junction,39081585,39083730,2145,53.43,45.53,12.57,25.47,0.0,0.0,98.96,0.0,0.0,38.04,,,,insufficient_data,0.5399,0.3304,A,major,4.8287,0.02798968688175353,0.03786839989884302,False,0,False,,,,,,,,,,,,,False,,,,,,,,,
scotch_target,NK cells,ENSG00000239713,APOBEC3G,chr22,137,83,3,A,70.4,0.3787,0.2101,0,1,APOBEC3G_ENST00000407997,APOBEC3G_ENST00000407997,APOBEC3G_ENST00000407997,junction:39083884-39086278,junction,39083884,39086278,2394,53.43,45.53,12.57,25.47,0.73,0.0,98.23,0.27,0.0,37.76,,,,insufficient_data,0.5399,0.3304,A,major,4.8287,0.02798968688175353,0.03786839989884302,False,0,False,,,,,,,,,,,,,False,,,,,,,,,
scotch_target,NK cells,ENSG00000239713,APOBEC3G,chr22,137,83,3,A,70.4,0.3787,0.2101,0,1,APOBEC3G_ENST00000407997,APOBEC3G_ENST00000407997,APOBEC3G_ENST00000407997,junction:39086567-39087010,junction,39086567,39087010,443,53.43,45.53,12.57,25.47,0.0,1.73,97.23,0.0,0.27,37.76,,,,insufficient_data,0.5399,0.3304,A,major,4.8287,0.02798968688175353,0.03786839989884302,False,0,False,,,,,,,,,,,,,False,,,,,,,,,
scotch_target,NK cells,ENSG00000239713,APOBEC3G,chr22,137,83,3,A,70.4,0.3787,0.2101,0,1,APOBEC3G_ENST00000407997,APOBEC3G_ENST00000407997,APOBEC3G_ENST00000407997,junction:39087126-39087406,junction,39087126,39087406,280,53.43,45.53,12.57,25.47,2.0,0.73,96.23,0.0,0.27,37.76,,,,insufficient_data,0.5399,0.3304,A,major,4.8287,0.02798968688175353,0.03786839989884302,False,0,False,,,,,,,,,,,,,False,,,,,,,,,
scotch_target,NK cells,ENSG00000239713,APOBEC3G,chr22,137,83,3,A,70.4,0.3787,0.2101,0,1,APOBEC3G_ENST00000407997,APOBEC3G_ENST00000407997,APOBEC3G_ENST00000407997,exon:39080634-39080696,exon,39080634,39080696,62,3.64,95.32,1.36,36.68,1.46,55.6,41.91,0.54,16.4,21.09,0.0216,0.8831981427213134,0.9362073917609068,chi2_hap_event,0.0368,0.0358,A,major,0.0008,0.9771029939291361,0.9771029939291361,False,0,False,,,,,,,,,,,,,False,,,,,,,,,
scotch_target,NK cells,ENSG00000239713,APOBEC3G,chr22,137,83,3,A,70.4,0.3787,0.2101,0,1,APOBEC3G_ENST00000407997,APOBEC3G_ENST00000407997,APOBEC3G_ENST00000407997,exon:39080696-39080932,exon,39080696,39080932,236,3.64,95.32,1.36,36.68,2.91,3.01,93.04,1.09,13.99,22.96,4.8558,0.027552795258396726,0.151540373921182,chi2_hap_event,0.0368,0.0358,A,major,0.0008,0.9771029939291361,0.9771029939291361,False,0,False,,,,,,,,,,,,,False,,,,,,,,,
scotch_target,NK cells,ENSG00000239713,APOBEC3G,chr22,137,83,3,A,70.4,0.3787,0.2101,0,1,APOBEC3G_ENST00000407997,APOBEC3G_ENST00000407997,APOBEC3G_ENST00000407997,exon:39081585-39081687,exon,39081585,39081687,102,3.64,95.32,1.36,36.68,0.73,58.7,39.54,0.27,18.3,19.46,0.0064,0.9362073917609068,0.9362073917609068,chi2_hap_event,0.0368,0.0358,A,major,0.0008,0.9771029939291361,0.9771029939291361,False,0,False,,,,,,,,,,,,,False,,,,,,,,,
scotch_target,NK cells,ENSG00000239713,APOBEC3G,chr22,137,83,3,A,70.4,0.3787,0.2101,0,1,APOBEC3G_ENST00000407997,APOBEC3G_ENST00000407997,APOBEC3G_ENST00000407997,exon:39081687-39082623,exon,39081687,39082623,936,3.64,95.32,1.36,36.68,1.46,59.43,38.08,0.54,18.57,18.92,0.0123,0.9116858699528751,0.9362073917609068,chi2_hap_event,0.0368,0.0358,A,major,0.0008,0.9771029939291361,0.9771029939291361,False,0,False,,,,,,,,,,,,,False,,,,,,,,,
scotch_target,NK cells,ENSG00000239713,APOBEC3G,chr22,137,83,3,A,70.4,0.3787,0.2101,0,1,APOBEC3G_ENST00000407997,APOBEC3G_ENST00000407997,APOBEC3G_ENST00000407997,exon:39082623-39082645,exon,39082623,39082645,22,3.64,95.32,1.36,36.68,0.0,59.43,39.54,0.0,18.57,19.46,,,,insufficient_data,0.0368,0.0358,A,major,0.0008,0.9771029939291361,0.9771029939291361,False,0,False,,,,,,,,,,,,,False,,,,,,,,,
scotch_target,NK cells,ENSG00000239713,APOBEC3G,chr22,137,83,3,A,70.4,0.3787,0.2101,0,1,APOBEC3G_ENST00000407997,APOBEC3G_ENST00000407997,APOBEC3G_ENST00000407997,exon:39082645-39082679,exon,39082645,39082679,34,3.64,95.32,1.36,36.68,0.0,59.43,39.54,0.0,18.57,19.46,,,,insufficient_data,0.0368,0.0358,A,major,0.0008,0.9771029939291361,0.9771029939291361,False,0,False,,,,,,,,,,,,,False,,,,,,,,,
scotch_target,"T cells, CD4+",ENSG00000025770,NCAPH2,chr22,64,18,4,B,70.4,0.0564,0.0104,-1,0,NCAPH2_Other,NCAPH2_Other,NCAPH2_ENST00000420993,exon:50508223-50508242,exon,50508223,50508242,19,4.97,24.34,3.03,31.66,2.48,0.0,26.82,0.52,0.0,34.18,,,,insufficient_data,0.1696,0.0873,A,minor,0.982,0.3217150584262678,0.4778091556785051,False,0,False,,,,,,,,,,,,,False,,,,,,,,,
scotch_target,"T cells, CD4+",ENSG00000025770,NCAPH2,chr22,64,18,4,B,70.4,0.0564,0.0104,-1,0,NCAPH2_Other,NCAPH2_Other,NCAPH2_ENST00000420993,exon:50508259-50508428,exon,50508259,50508428,169,14.24,15.06,12.76,21.94,5.94,0.0,23.37,2.06,0.0,32.63,,,,insufficient_data,0.486,0.3677,A,minor,0.912,0.3395826577685757,0.4778091556785051,False,0,False,,,,,,,,,,,,,False,,,,,,,,,
scotch_target,"T cells, CD4+",ENSG00000025770,NCAPH2,chr22,64,18,4,B,70.4,0.0564,0.0104,-1,0,NCAPH2_Other,NCAPH2_Other,NCAPH2_ENST00000420993,exon:50508428-50508445,exon,50508428,50508445,17,14.24,15.06,12.76,21.94,5.94,0.0,23.37,2.06,0.0,32.63,,,,insufficient_data,0.486,0.3677,A,minor,0.912,0.3395826577685757,0.4778091556785051,False,0,False,,,,,,,,,,,,,False,,,,,,,,,
scotch_target,"T cells, CD4+",ENSG00000025770,NCAPH2,chr22,64,18,4,B,70.4,0.0564,0.0104,-1,0,NCAPH2_Other,NCAPH2_Other,NCAPH2_ENST00000420993,exon:50516446-50516548,exon,50516446,50516548,102,14.24,15.06,12.76,21.94,4.97,0.48,23.85,1.03,0.52,33.15,,,,insufficient_data,0.486,0.3677,A,minor,0.912,0.3395826577685757,0.4778091556785051,False,0,False,,,,,,,,,,,,,False,,,,,,,,,
scotch_target,"T cells, CD4+",ENSG00000025770,NCAPH2,chr22,64,18,4,B,70.4,0.0564,0.0104,-1,0,NCAPH2_Other,NCAPH2_Other,NCAPH2_ENST00000420993,exon:50517426-50517482,exon,50517426,50517482,56,14.24,15.06,12.76,21.94,4.97,0.48,23.85,1.03,0.52,33.15,,,,insufficient_data,0.486,0.3677,A,minor,0.912,0.3395826577685757,0.4778091556785051,False,0,False,,,,,,,,,,,,,False,,,,,,,,,
scotch_target,"T cells, CD4+",ENSG00000025770,NCAPH2,chr22,64,18,4,B,70.4,0.0564,0.0104,-1,0,NCAPH2_Other,NCAPH2_Other,NCAPH2_ENST00000420993,exon:50517576-50517661,exon,50517576,50517661,85,14.24,15.06,12.76,21.94,4.97,0.48,23.85,1.03,0.52,33.15,,,,insufficient_data,0.486,0.3677,A,minor,0.912,0.3395826577685757,0.4778091556785051,False,0,False,,,,,,,,,,,,,False,,,,,,,,,
scotch_target,"T cells, CD4+",ENSG00000025770,NCAPH2,chr22,64,18,4,B,70.4,0.0564,0.0104,-1,0,NCAPH2_Other,NCAPH2_Other,NCAPH2_ENST00000420993,exon:50517740-50517809,exon,50517740,50517809,69,14.24,15.06,12.76,21.94,4.97,0.48,23.85,1.03,0.52,33.15,,,,insufficient_data,0.486,0.3677,A,minor,0.912,0.3395826577685757,0.4778091556785051,False,0,False,,,,,,,,,,,,,False,,,,,,,,,
scotch_target,"T cells, CD4+",ENSG00000025770,NCAPH2,chr22,64,18,4,B,70.4,0.0564,0.0104,-1,0,NCAPH2_Other,NCAPH2_Other,NCAPH2_ENST00000420993,exon:50517972-50518052,exon,50517972,50518052,80,14.24,15.06,12.76,21.94,4.97,0.48,23.85,1.03,0.52,33.15,,,,insufficient_data,0.486,0.3677,A,minor,0.912,0.3395826577685757,0.4778091556785051,False,0,False,,,,,,,,,,,,,False,,,,,,,,,
scotch_target,"T cells, CD4+",ENSG00000025770,NCAPH2,chr22,64,18,4,B,70.4,0.0564,0.0104,-1,0,NCAPH2_Other,NCAPH2_Other,NCAPH2_ENST00000420993,exon:50518132-50518276,exon,50518132,50518276,144,13.76,15.55,12.24,22.45,4.97,0.48,23.85,1.03,0.52,33.15,,,,insufficient_data,0.4695,0.3528,A,minor,0.8958,0.3439021961051414,0.4778091556785051,False,0,False,,,,,,,,,,,,,False,,,,,,,,,
scotch_target,"T cells, CD4+",ENSG00000025770,NCAPH2,chr22,64,18,4,B,70.4,0.0564,0.0104,-1,0,NCAPH2_Other,NCAPH2_Other,NCAPH2_ENST00000420993,exon:50518648-50518732,exon,50518648,50518732,84,13.76,15.55,12.24,22.45,4.97,0.48,23.85,1.03,0.52,33.15,,,,insufficient_data,0.4695,0.3528,A,minor,0.8958,0.3439021961051414,0.4778091556785051,False,0,False,,,,,,,,,,,,,False,,,,,,,,,
scotch_target,"T cells, CD4+",ENSG00000025770,NCAPH2,chr22,64,18,4,B,70.4,0.0564,0.0104,-1,0,NCAPH2_Other,NCAPH2_Other,NCAPH2_ENST00000420993,exon:50519189-50519320,exon,50519189,50519320,131,13.76,15.55,12.24,22.45,4.97,0.48,23.85,1.03,0.52,33.15,,,,insufficient_data,0.4695,0.3528,A,minor,0.8958,0.3439021961051414,0.4778091556785051,False,0,False,,,,,,,,,,,,,False,,,,,,,,,
scotch_target,"T cells, CD4+",ENSG00000025770,NCAPH2,chr22,64,18,4,B,70.4,0.0564,0.0104,-1,0,NCAPH2_Other,NCAPH2_Other,NCAPH2_ENST00000420993,exon:50520964-50521036,exon,50520964,50521036,72,12.3,17.0,10.7,24.0,5.94,0.48,22.88,3.06,0.52,31.12,0.12,0.7290380309566216,0.9771804345687438,chi2_hap_event,0.4198,0.3084,A,minor,0.8582,0.35423782231337453,0.4778091556785051,False,0,False,,,,,,,,,,,,,False,,,,,,,,,
scotch_target,"T cells, CD4+",ENSG00000025770,NCAPH2,chr22,64,18,4,B,70.4,0.0564,0.0104,-1,0,NCAPH2_Other,NCAPH2_Other,NCAPH2_ENST00000420993,exon:50521542-50521589,exon,50521542,50521589,47,12.3,17.0,10.7,24.0,5.48,0.48,23.34,3.52,0.52,30.66,0.0579,0.8097958056607493,0.9771804345687438,chi2_hap_event,0.4198,0.3084,A,minor,0.8582,0.35423782231337453,0.4778091556785051,False,0,False,,,,,,,,,,,,,False,,,,,,,,,
scotch_target,"T cells, CD4+",ENSG00000025770,NCAPH2,chr22,64,18,4,B,70.4,0.0564,0.0104,-1,0,NCAPH2_Other,NCAPH2_Other,NCAPH2_ENST00000420993,exon:50521589-50521609,exon,50521589,50521609,20,12.3,17.0,10.7,24.0,5.0,0.48,23.82,3.0,0.52,31.18,,,,insufficient_data,0.4198,0.3084,A,minor,0.8582,0.35423782231337453,0.4778091556785051,False,0,False,,,,,,,,,,,,,False,,,,,,,,,
scotch_target,"T cells, CD4+",ENSG00000025770,NCAPH2,chr22,64,18,4,B,70.4,0.0564,0.0104,-1,0,NCAPH2_Other,NCAPH2_Other,NCAPH2_ENST00000420993,exon:50521740-50521848,exon,50521740,50521848,108,12.3,17.0,10.7,24.0,5.0,0.48,23.82,4.0,0.52,30.18,0.0181,0.8930040293541306,0.9771804345687438,chi2_hap_event,0.4198,0.3084,A,minor,0.8582,0.35423782231337453,0.4778091556785051,False,0,False,,,,,,,,,,,,,False,,,,,,,,,
scotch_target,"T cells, CD4+",ENSG00000025770,NCAPH2,chr22,64,18,4,B,70.4,0.0564,0.0104,-1,0,NCAPH2_Other,NCAPH2_Other,NCAPH2_ENST00000420993,exon:50521985-50522039,exon,50521985,50522039,54,12.3,17.0,10.7,24.0,5.0,0.48,23.82,5.0,0.52,29.18,0.0008,0.9771804345687438,0.9771804345687438,chi2_hap_event,0.4198,0.3084,A,minor,0.8582,0.35423782231337453,0.4778091556785051,False,0,False,,,,,,,,,,,,,False,,,,,,,,,
scotch_target,"T cells, CD4+",ENSG00000025770,NCAPH2,chr22,64,18,4,B,70.4,0.0564,0.0104,-1,0,NCAPH2_Other,NCAPH2_Other,NCAPH2_ENST00000420993,exon:50522180-50522251,exon,50522180,50522251,71,12.3,17.0,10.7,24.0,5.0,0.48,23.82,5.0,0.52,29.18,0.0008,0.9771804345687438,0.9771804345687438,chi2_hap_event,0.4198,0.3084,A,minor,0.8582,0.35423782231337453,0.4778091556785051,False,0,False,,,,,,,,,,,,,False,,,,,,,,,
scotch_target,"T cells, CD4+",ENSG00000025770,NCAPH2,chr22,64,18,4,B,70.4,0.0564,0.0104,-1,0,NCAPH2_Other,NCAPH2_Other,NCAPH2_ENST00000420993,exon:50522342-50522415,exon,50522342,50522415,73,12.3,17.0,10.7,24.0,5.0,0.48,23.82,8.0,0.52,26.18,0.0393,0.8429176626315291,0.9771804345687438,chi2_hap_event,0.4198,0.3084,A,minor,0.8582,0.35423782231337453,0.4778091556785051,False,0,False,,,,,,,,,,,,,False,,,,,,,,,
scotch_target,"T cells, CD4+",ENSG00000025770,NCAPH2,chr22,64,18,4,B,70.4,0.0564,0.0104,-1,0,NCAPH2_Other,NCAPH2_Other,NCAPH2_ENST00000420993,exon:50522500-50522524,exon,50522500,50522524,24,12.3,17.0,10.7,24.0,5.0,0.48,23.82,9.0,0.52,25.18,0.0658,0.7975854992343248,0.9771804345687438,chi2_hap_event,0.4198,0.3084,A,minor,0.8582,0.35423782231337453,0.4778091556785051,True,2,False,chr22:50522492:C:G,50522492.0,C,G,A,0.9999940391390134,1.0,8.0,8.0,-,+,promotes_event,True,2.0,7.0,4.0,1.0,14.0,4.3815,0.03633140618194633,0.08084795867381715,chi2_cross_event
scotch_target,"T cells, CD4+",ENSG00000025770,NCAPH2,chr22,64,18,4,B,70.4,0.0564,0.0104,-1,0,NCAPH2_Other,NCAPH2_Other,NCAPH2_ENST00000420993,exon:50522500-50522524,exon,50522500,50522524,24,12.3,17.0,10.7,24.0,5.0,0.48,23.82,9.0,0.52,25.18,0.0658,0.7975854992343248,0.9771804345687438,chi2_hap_event,0.4198,0.3084,A,minor,0.8582,0.35423782231337453,0.4778091556785051,True,2,True,chr22:50522493:C:G,50522493.0,C,G,A,0.9999940391390134,1.0,7.0,7.0,-,+,promotes_event,True,2.0,7.0,4.0,1.0,14.0,4.3815,0.03633140618194633,0.08084795867381715,chi2_cross_event
scotch_target,"T cells, CD4+",ENSG00000025770,NCAPH2,chr22,64,18,4,B,70.4,0.0564,0.0104,-1,0,NCAPH2_Other,NCAPH2_Other,NCAPH2_ENST00000420993,exon:50523016-50523079,exon,50523016,50523079,63,12.3,17.0,10.7,24.0,9.37,0.48,19.46,13.64,0.52,20.54,0.024,0.8769150611023041,0.9771804345687438,chi2_hap_event,0.4198,0.3084,A,minor,0.8582,0.35423782231337453,0.4778091556785051,False,0,False,,,,,,,,,,,,,False,,,,,,,,,
scotch_target,"T cells, CD4+",ENSG00000025770,NCAPH2,chr22,64,18,4,B,70.4,0.0564,0.0104,-1,0,NCAPH2_Other,NCAPH2_Other,NCAPH2_ENST00000420993,exon:50523472-50523567,exon,50523472,50523567,95,4.97,24.34,3.03,31.66,0.0,0.0,29.31,0.0,0.0,34.69,,,,insufficient_data,0.1696,0.0873,A,minor,0.982,0.3217150584262678,0.4778091556785051,False,0,False,,,,,,,,,,,,,False,,,,,,,,,
scotch_target,"T cells, CD4+",ENSG00000025770,NCAPH2,chr22,64,18,4,B,70.4,0.0564,0.0104,-1,0,NCAPH2_Other,NCAPH2_Other,NCAPH2_ENST00000420993,exon:50523567-50523572,exon,50523567,50523572,5,4.97,24.34,3.03,31.66,2.42,0.0,26.88,2.58,1.0,31.12,,,,insufficient_data,0.1696,0.0873,A,minor,0.982,0.3217150584262678,0.4778091556785051,False,0,False,,,,,,,,,,,,,False,,,,,,,,,
scotch_target,"T cells, CD4+",ENSG00000025770,NCAPH2,chr22,64,18,4,B,70.4,0.0564,0.0104,-1,0,NCAPH2_Other,NCAPH2_Other,NCAPH2_ENST00000420993,exon:50523572-50523595,exon,50523572,50523595,23,4.97,24.34,3.03,31.66,2.91,0.0,26.4,4.09,1.0,29.6,,,,insufficient_data,0.1696,0.0873,A,minor,0.982,0.3217150584262678,0.4778091556785051,False,0,False,,,,,,,,,,,,,False,,,,,,,,,
scotch_target,"T cells, CD4+",ENSG00000025770,NCAPH2,chr22,64,18,4,B,70.4,0.0564,0.0104,-1,0,NCAPH2_Other,NCAPH2_Other,NCAPH2_ENST00000420993,exon:50523595-50523905,exon,50523595,50523905,310,4.97,24.34,3.03,31.66,2.91,0.0,26.4,4.09,1.0,29.6,,,,insufficient_data,0.1696,0.0873,A,minor,0.982,0.3217150584262678,0.4778091556785051,False,0,False,,,,,,,,,,,,,False,,,,,,,,,
scotch_target,"T cells, CD4+",ENSG00000025770,NCAPH2,chr22,64,18,4,B,70.4,0.0564,0.0104,-1,0,NCAPH2_Other,NCAPH2_Other,NCAPH2_ENST00000420993,exon:50523905-50523925,exon,50523905,50523925,20,4.97,24.34,3.03,31.66,2.91,0.0,26.4,4.09,1.0,29.6,,,,insufficient_data,0.1696,0.0873,A,minor,0.982,0.3217150584262678,0.4778091556785051,False,0,False,,,,,,,,,,,,,False,,,,,,,,,
scotch_target,"T cells, CD4+",ENSG00000025770,NCAPH2,chr22,64,18,4,B,70.4,0.0564,0.0104,-1,0,NCAPH2_Other,NCAPH2_Other,NCAPH2_ENST00000420993,exon:50523925-50524424,exon,50523925,50524424,499,4.97,24.34,3.03,31.66,3.91,0.0,25.4,4.09,1.0,29.6,,,,insufficient_data,0.1696,0.0873,A,minor,0.982,0.3217150584262678,0.4778091556785051,False,0,False,,,,,,,,,,,,,False,,,,,,,,,
scotch_target,"T cells, CD4+",ENSG00000025770,NCAPH2,chr22,64,18,4,B,70.4,0.0564,0.0104,-1,0,NCAPH2_Other,NCAPH2_Other,NCAPH2_ENST00000420993,exon:50524424-50524754,exon,50524424,50524754,330,4.97,24.34,3.03,31.66,2.0,1.46,25.85,2.0,2.55,30.15,,,,insufficient_data,0.1696,0.0873,A,minor,0.982,0.3217150584262678,0.4778091556785051,True,2,True,chr22:50524518:G:T,50524518.0,G,T,A,0.9999940391390134,1.0,0.0,94.0,-,+,promotes_event,True,2.0,0.0,2.0,0.0,4.0,,,,binomial_intra_event
scotch_target,"T cells, CD4+",ENSG00000025770,NCAPH2,chr22,64,18,4,B,70.4,0.0564,0.0104,-1,0,NCAPH2_Other,NCAPH2_Other,NCAPH2_ENST00000420993,exon:50524424-50524754,exon,50524424,50524754,330,4.97,24.34,3.03,31.66,2.0,1.46,25.85,2.0,2.55,30.15,,,,insufficient_data,0.1696,0.0873,A,minor,0.982,0.3217150584262678,0.4778091556785051,True,2,False,chr22:50524600:C:T,50524600.0,C,T,B,5.9608609865491405e-06,1.0,0.0,154.0,+,-,reduces_event,True,2.0,0.0,2.0,0.0,4.0,,,,binomial_intra_event
scotch_target,"T cells, CD4+",ENSG00000025770,NCAPH2,chr22,64,18,4,B,70.4,0.0564,0.0104,-1,0,NCAPH2_Other,NCAPH2_Other,NCAPH2_ENST00000420993,exon:50524754-50524780,exon,50524754,50524780,26,4.97,24.34,3.03,31.66,2.0,1.46,25.85,2.0,2.55,30.15,,,,insufficient_data,0.1696,0.0873,A,minor,0.982,0.3217150584262678,0.4778091556785051,False,0,False,,,,,,,,,,,,,False,,,,,,,,,
scotch_target,"T cells, CD4+",ENSG00000025770,NCAPH2,chr22,64,18,4,B,70.4,0.0564,0.0104,-1,0,NCAPH2_Other,NCAPH2_Other,NCAPH2_ENST00000420993,junction:50508445-50516446,junction,50508445,50516446,8001,13.76,15.55,12.24,22.45,0.0,0.0,29.31,0.0,0.0,34.69,,,,insufficient_data,0.4695,0.3528,A,minor,0.8958,0.3439021961051414,0.4778091556785051,False,0,False,,,,,,,,,,,,,False,,,,,,,,,
scotch_target,"T cells, CD4+",ENSG00000025770,NCAPH2,chr22,64,18,4,B,70.4,0.0564,0.0104,-1,0,NCAPH2_Other,NCAPH2_Other,NCAPH2_ENST00000420993,junction:50516548-50517426,junction,50516548,50517426,878,14.24,15.06,12.76,21.94,0.0,0.0,29.31,0.0,0.0,34.69,,,,insufficient_data,0.486,0.3677,A,minor,0.912,0.3395826577685757,0.4778091556785051,False,0,False,,,,,,,,,,,,,False,,,,,,,,,
scotch_target,"T cells, CD4+",ENSG00000025770,NCAPH2,chr22,64,18,4,B,70.4,0.0564,0.0104,-1,0,NCAPH2_Other,NCAPH2_Other,NCAPH2_ENST00000420993,junction:50517482-50517576,junction,50517482,50517576,94,14.24,15.06,12.76,21.94,0.0,0.0,29.31,0.0,0.0,34.69,,,,insufficient_data,0.486,0.3677,A,minor,0.912,0.3395826577685757,0.4778091556785051,False,0,False,,,,,,,,,,,,,False,,,,,,,,,
scotch_target,"T cells, CD4+",ENSG00000025770,NCAPH2,chr22,64,18,4,B,70.4,0.0564,0.0104,-1,0,NCAPH2_Other,NCAPH2_Other,NCAPH2_ENST00000420993,junction:50517661-50517740,junction,50517661,50517740,79,14.24,15.06,12.76,21.94,0.0,0.0,29.31,0.0,0.0,34.69,,,,insufficient_data,0.486,0.3677,A,minor,0.912,0.3395826577685757,0.4778091556785051,False,0,False,,,,,,,,,,,,,False,,,,,,,,,
scotch_target,"T cells, CD4+",ENSG00000025770,NCAPH2,chr22,64,18,4,B,70.4,0.0564,0.0104,-1,0,NCAPH2_Other,NCAPH2_Other,NCAPH2_ENST00000420993,junction:50517809-50517972,junction,50517809,50517972,163,14.24,15.06,12.76,21.94,0.0,0.0,29.31,0.0,0.0,34.69,,,,insufficient_data,0.486,0.3677,A,minor,0.912,0.3395826577685757,0.4778091556785051,False,0,False,,,,,,,,,,,,,False,,,,,,,,,
scotch_target,"T cells, CD4+",ENSG00000025770,NCAPH2,chr22,64,18,4,B,70.4,0.0564,0.0104,-1,0,NCAPH2_Other,NCAPH2_Other,NCAPH2_ENST00000420993,junction:50518052-50518132,junction,50518052,50518132,80,13.76,15.55,12.24,22.45,0.0,0.0,29.31,0.0,0.0,34.69,,,,insufficient_data,0.4695,0.3528,A,minor,0.8958,0.3439021961051414,0.4778091556785051,False,0,False,,,,,,,,,,,,,False,,,,,,,,,
scotch_target,"T cells, CD4+",ENSG00000025770,NCAPH2,chr22,64,18,4,B,70.4,0.0564,0.0104,-1,0,NCAPH2_Other,NCAPH2_Other,NCAPH2_ENST00000420993,junction:50518278-50518648,junction,50518278,50518648,370,13.76,15.55,12.24,22.45,0.0,0.48,28.82,0.0,0.52,34.18,,,,insufficient_data,0.4695,0.3528,A,minor,0.8958,0.3439021961051414,0.4778091556785051,False,0,False,,,,,,,,,,,,,False,,,,,,,,,
scotch_target,"T cells, CD4+",ENSG00000025770,NCAPH2,chr22,64,18,4,B,70.4,0.0564,0.0104,-1,0,NCAPH2_Other,NCAPH2_Other,NCAPH2_ENST00000420993,junction:50518732-50519189,junction,50518732,50519189,457,13.76,15.55,12.24,22.45,0.0,0.0,29.31,0.0,0.0,34.69,,,,insufficient_data,0.4695,0.3528,A,minor,0.8958,0.3439021961051414,0.4778091556785051,False,0,False,,,,,,,,,,,,,False,,,,,,,,,
scotch_target,"T cells, CD4+",ENSG00000025770,NCAPH2,chr22,64,18,4,B,70.4,0.0564,0.0104,-1,0,NCAPH2_Other,NCAPH2_Other,NCAPH2_ENST00000420993,junction:50519320-50520964,junction,50519320,50520964,1644,12.3,17.0,10.7,24.0,0.0,1.0,28.31,0.0,0.0,34.69,,,,insufficient_data,0.4198,0.3084,A,minor,0.8582,0.35423782231337453,0.4778091556785051,False,0,False,,,,,,,,,,,,,False,,,,,,,,,
scotch_target,"T cells, CD4+",ENSG00000025770,NCAPH2,chr22,64,18,4,B,70.4,0.0564,0.0104,-1,0,NCAPH2_Other,NCAPH2_Other,NCAPH2_ENST00000420993,junction:50521036-50521542,junction,50521036,50521542,506,12.3,17.0,10.7,24.0,0.0,1.48,27.82,0.0,0.52,34.18,,,,insufficient_data,0.4198,0.3084,A,minor,0.8582,0.35423782231337453,0.4778091556785051,False,0,False,,,,,,,,,,,,,False,,,,,,,,,
scotch_target,"T cells, CD4+",ENSG00000025770,NCAPH2,chr22,64,18,4,B,70.4,0.0564,0.0104,-1,0,NCAPH2_Other,NCAPH2_Other,NCAPH2_ENST00000420993,junction:50521609-50521740,junction,50521609,50521740,131,12.3,17.0,10.7,24.0,0.0,0.0,29.31,0.0,0.0,34.69,,,,insufficient_data,0.4198,0.3084,A,minor,0.8582,0.35423782231337453,0.4778091556785051,False,0,False,,,,,,,,,,,,,False,,,,,,,,,
scotch_target,"T cells, CD4+",ENSG00000025770,NCAPH2,chr22,64,18,4,B,70.4,0.0564,0.0104,-1,0,NCAPH2_Other,NCAPH2_Other,NCAPH2_ENST00000420993,junction:50521848-50521985,junction,50521848,50521985,137,12.3,17.0,10.7,24.0,0.0,0.0,29.31,0.0,0.0,34.69,,,,insufficient_data,0.4198,0.3084,A,minor,0.8582,0.35423782231337453,0.4778091556785051,False,0,False,,,,,,,,,,,,,False,,,,,,,,,
scotch_target,"T cells, CD4+",ENSG00000025770,NCAPH2,chr22,64,18,4,B,70.4,0.0564,0.0104,-1,0,NCAPH2_Other,NCAPH2_Other,NCAPH2_ENST00000420993,junction:50522039-50522180,junction,50522039,50522180,141,12.3,17.0,10.7,24.0,0.0,0.0,29.31,0.0,0.0,34.69,,,,insufficient_data,0.4198,0.3084,A,minor,0.8582,0.35423782231337453,0.4778091556785051,False,0,False,,,,,,,,,,,,,False,,,,,,,,,
scotch_target,"T cells, CD4+",ENSG00000025770,NCAPH2,chr22,64,18,4,B,70.4,0.0564,0.0104,-1,0,NCAPH2_Other,NCAPH2_Other,NCAPH2_ENST00000420993,junction:50522251-50522342,junction,50522251,50522342,91,12.3,17.0,10.7,24.0,0.0,0.0,29.31,0.0,0.0,34.69,,,,insufficient_data,0.4198,0.3084,A,minor,0.8582,0.35423782231337453,0.4778091556785051,False,0,False,,,,,,,,,,,,,False,,,,,,,,,
scotch_target,"T cells, CD4+",ENSG00000025770,NCAPH2,chr22,64,18,4,B,70.4,0.0564,0.0104,-1,0,NCAPH2_Other,NCAPH2_Other,NCAPH2_ENST00000420993,junction:50522922-50523016,junction,50522922,50523016,94,12.3,17.0,10.7,24.0,0.0,1.48,27.82,0.0,2.52,32.18,,,,insufficient_data,0.4198,0.3084,A,minor,0.8582,0.35423782231337453,0.4778091556785051,False,0,False,,,,,,,,,,,,,False,,,,,,,,,
scotch_target,"T cells, CD4+",ENSG00000025770,NCAPH2,chr22,64,18,4,B,70.4,0.0564,0.0104,-1,0,NCAPH2_Other,NCAPH2_Other,NCAPH2_ENST00000420993,junction:50522415-50522500,junction,50522415,50522500,85,7.4,21.91,5.6,29.09,0.0,0.0,29.31,0.0,7.0,27.69,,,,insufficient_data,0.2525,0.1614,A,minor,0.8079,0.3687300102237039,0.48605319529488245,True,2,False,chr22:50522492:C:G,50522492.0,C,G,A,0.9999940391390134,1.0,0.0,8.0,-,+,promotes_event,True,0.0,9.0,2.0,3.0,14.0,4.2,0.040423979336908576,0.08084795867381715,chi2_cross_event
scotch_target,"T cells, CD4+",ENSG00000025770,NCAPH2,chr22,64,18,4,B,70.4,0.0564,0.0104,-1,0,NCAPH2_Other,NCAPH2_Other,NCAPH2_ENST00000420993,junction:50522415-50522500,junction,50522415,50522500,85,7.4,21.91,5.6,29.09,0.0,0.0,29.31,0.0,7.0,27.69,,,,insufficient_data,0.2525,0.1614,A,minor,0.8079,0.3687300102237039,0.48605319529488245,True,2,True,chr22:50522493:C:G,50522493.0,C,G,A,0.9999940391390134,1.0,0.0,7.0,-,+,promotes_event,True,0.0,9.0,2.0,3.0,14.0,4.2,0.040423979336908576,0.08084795867381715,chi2_cross_event
scotch_target,"T cells, CD4+",ENSG00000025770,NCAPH2,chr22,64,18,4,B,70.4,0.0564,0.0104,-1,0,NCAPH2_Other,NCAPH2_Other,NCAPH2_ENST00000420993,exon:50508245-50508258,exon,50508245,50508258,13,8.85,20.46,7.15,27.54,3.97,0.0,25.34,1.03,0.0,33.66,,,,insufficient_data,0.3019,0.2061,A,minor,0.7782,0.3777021163526011,0.48681606107668585,False,0,False,,,,,,,,,,,,,False,,,,,,,,,
scotch_target,"T cells, CD4+",ENSG00000025770,NCAPH2,chr22,64,18,4,B,70.4,0.0564,0.0104,-1,0,NCAPH2_Other,NCAPH2_Other,NCAPH2_ENST00000420993,exon:50522524-50522569,exon,50522524,50522569,45,13.27,16.03,14.73,19.97,5.48,0.48,23.34,9.52,0.52,24.66,0.0571,0.8111773196048839,0.9771804345687438,chi2_hap_event,0.4529,0.4245,A,minor,0.0522,0.8192323014109338,0.8967688487782585,True,2,False,chr22:50522492:C:G,50522492.0,C,G,A,0.9999940391390134,1.0,32.0,32.0,-,+,promotes_event,True,5.0,4.0,4.0,1.0,14.0,0.8365,0.36038728967840783,0.48047817807440873,chi2_cross_event
scotch_target,"T cells, CD4+",ENSG00000025770,NCAPH2,chr22,64,18,4,B,70.4,0.0564,0.0104,-1,0,NCAPH2_Other,NCAPH2_Other,NCAPH2_ENST00000420993,exon:50522524-50522569,exon,50522524,50522569,45,13.27,16.03,14.73,19.97,5.48,0.48,23.34,9.52,0.52,24.66,0.0571,0.8111773196048839,0.9771804345687438,chi2_hap_event,0.4529,0.4245,A,minor,0.0522,0.8192323014109338,0.8967688487782585,True,2,True,chr22:50522493:C:G,50522493.0,C,G,A,0.9999940391390134,1.0,31.0,31.0,-,+,promotes_event,True,5.0,4.0,4.0,1.0,14.0,0.8365,0.36038728967840783,0.48047817807440873,chi2_cross_event
scotch_target,"T cells, CD4+",ENSG00000025770,NCAPH2,chr22,64,18,4,B,70.4,0.0564,0.0104,-1,0,NCAPH2_Other,NCAPH2_Other,NCAPH2_ENST00000420993,exon:50522670-50522720,exon,50522670,50522720,50,13.27,16.03,14.73,19.97,5.97,0.48,22.85,10.03,0.52,24.15,0.05,0.823038798257488,0.9771804345687438,chi2_hap_event,0.4529,0.4245,A,minor,0.0522,0.8192323014109338,0.8967688487782585,False,0,False,,,,,,,,,,,,,False,,,,,,,,,
scotch_target,"T cells, CD4+",ENSG00000025770,NCAPH2,chr22,64,18,4,B,70.4,0.0564,0.0104,-1,0,NCAPH2_Other,NCAPH2_Other,NCAPH2_ENST00000420993,exon:50522820-50522922,exon,50522820,50522922,102,13.27,16.03,14.73,19.97,8.88,0.48,19.94,13.12,0.52,21.06,0.0262,0.8713325432499199,0.9771804345687438,chi2_hap_event,0.4529,0.4245,A,minor,0.0522,0.8192323014109338,0.8967688487782585,False,0,False,,,,,,,,,,,,,False,,,,,,,,,
scotch_target,"T cells, CD4+",ENSG00000025770,NCAPH2,chr22,64,18,4,B,70.4,0.0564,0.0104,-1,0,NCAPH2_Other,NCAPH2_Other,NCAPH2_ENST00000420993,exon:50523079-50523166,exon,50523079,50523166,87,13.27,16.03,14.73,19.97,9.37,0.48,19.46,13.64,0.52,20.54,0.024,0.8769150611023041,0.9771804345687438,chi2_hap_event,0.4529,0.4245,A,minor,0.0522,0.8192323014109338,0.8967688487782585,False,0,False,,,,,,,,,,,,,False,,,,,,,,,
scotch_target,"T cells, CD4+",ENSG00000025770,NCAPH2,chr22,64,18,4,B,70.4,0.0564,0.0104,-1,0,NCAPH2_Other,NCAPH2_Other,NCAPH2_ENST00000420993,exon:50523234-50523471,exon,50523234,50523471,237,13.27,16.03,14.73,19.97,12.76,0.0,16.55,17.24,0.0,17.45,,,,insufficient_data,0.4529,0.4245,A,minor,0.0522,0.8192323014109338,0.8967688487782585,False,0,False,,,,,,,,,,,,,False,,,,,,,,,
scotch_target,"T cells, CD4+",ENSG00000025770,NCAPH2,chr22,64,18,4,B,70.4,0.0564,0.0104,-1,0,NCAPH2_Other,NCAPH2_Other,NCAPH2_ENST00000420993,junction:50522415-50522497,junction,50522415,50522497,82,4.91,24.4,5.09,29.6,0.0,0.0,29.31,0.0,7.0,27.69,,,,insufficient_data,0.1675,0.1467,A,minor,0.0521,0.8194611894008225,0.8967688487782585,True,2,False,chr22:50522492:C:G,50522492.0,C,G,A,0.9999940391390134,1.0,0.0,5.0,-,+,promotes_event,True,2.0,7.0,2.0,3.0,14.0,0.4978,0.48047817807440873,0.48047817807440873,chi2_cross_event
scotch_target,"T cells, CD4+",ENSG00000025770,NCAPH2,chr22,64,18,4,B,70.4,0.0564,0.0104,-1,0,NCAPH2_Other,NCAPH2_Other,NCAPH2_ENST00000420993,junction:50522415-50522497,junction,50522415,50522497,82,4.91,24.4,5.09,29.6,0.0,0.0,29.31,0.0,7.0,27.69,,,,insufficient_data,0.1675,0.1467,A,minor,0.0521,0.8194611894008225,0.8967688487782585,True,2,True,chr22:50522493:C:G,50522493.0,C,G,A,0.9999940391390134,1.0,0.0,4.0,-,+,promotes_event,True,2.0,7.0,2.0,3.0,14.0,0.4978,0.48047817807440873,0.48047817807440873,chi2_cross_event
scotch_target,"T cells, CD4+",ENSG00000025770,NCAPH2,chr22,64,18,4,B,70.4,0.0564,0.0104,-1,0,NCAPH2_Other,NCAPH2_Other,NCAPH2_ENST00000420993,junction:50522569-50522670,junction,50522569,50522670,101,13.27,16.03,14.73,19.97,0.0,0.0,29.31,0.0,2.0,32.69,,,,insufficient_data,0.4529,0.4245,A,minor,0.0522,0.8192323014109338,0.8967688487782585,False,0,False,,,,,,,,,,,,,False,,,,,,,,,
scotch_target,"T cells, CD4+",ENSG00000025770,NCAPH2,chr22,64,18,4,B,70.4,0.0564,0.0104,-1,0,NCAPH2_Other,NCAPH2_Other,NCAPH2_ENST00000420993,junction:50522720-50522820,junction,50522720,50522820,100,13.27,16.03,14.73,19.97,0.0,1.0,28.31,0.0,4.0,30.69,,,,insufficient_data,0.4529,0.4245,A,minor,0.0522,0.8192323014109338,0.8967688487782585,False,0,False,,,,,,,,,,,,,False,,,,,,,,,
scotch_target,"T cells, CD4+",ENSG00000025770,NCAPH2,chr22,64,18,4,B,70.4,0.0564,0.0104,-1,0,NCAPH2_Other,NCAPH2_Other,NCAPH2_ENST00000420993,exon:50519320-50519546,exon,50519320,50519546,226,1.46,27.85,1.54,33.15,2.94,3.48,22.88,2.06,0.52,32.12,,,,insufficient_data,0.0498,0.0444,A,minor,0.0093,0.9233183240272627,0.9233183240272627,False,0,False,,,,,,,,,,,,,False,,,,,,,,,
scotch_target,"T cells, CD4+",ENSG00000025770,NCAPH2,chr22,64,18,4,B,70.4,0.0564,0.0104,-1,0,NCAPH2_Other,NCAPH2_Other,NCAPH2_ENST00000420993,exon:50519546-50519637,exon,50519546,50519637,91,1.46,27.85,1.54,33.15,2.46,3.97,22.88,1.54,1.03,32.12,,,,insufficient_data,0.0498,0.0444,A,minor,0.0093,0.9233183240272627,0.9233183240272627,False,0,False,,,,,,,,,,,,,False,,,,,,,,,
scotch_target,"T cells, CD4+",ENSG00000025770,NCAPH2,chr22,64,18,4,B,70.4,0.0564,0.0104,-1,0,NCAPH2_Other,NCAPH2_Other,NCAPH2_ENST00000420993,exon:50519637-50519752,exon,50519637,50519752,115,1.46,27.85,1.54,33.15,1.46,4.97,22.88,1.54,1.03,32.12,,,,insufficient_data,0.0498,0.0444,A,minor,0.0093,0.9233183240272627,0.9233183240272627,False,0,False,,,,,,,,,,,,,False,,,,,,,,,
scotch_target,"T cells, CD4+",ENSG00000025770,NCAPH2,chr22,64,18,4,B,70.4,0.0564,0.0104,-1,0,NCAPH2_Other,NCAPH2_Other,NCAPH2_ENST00000420993,exon:50523166-50523234,exon,50523166,50523234,68,2.42,26.88,2.58,32.12,2.91,0.48,25.91,7.09,0.52,27.09,0.1603,0.6888384962133329,0.9771804345687438,chi2_hap_event,0.0826,0.0744,A,minor,0.016,0.8994526266288586,0.9233183240272627,False,0,False,,,,,,,,,,,,,False,,,,,,,,,
scotch_target,"T cells, CD4+",ENSG00000025770,NCAPH2,chr22,64,18,4,B,70.4,0.0564,0.0104,-1,0,NCAPH2_Other,NCAPH2_Other,NCAPH2_ENST00000420993,junction:50523166-50523234,junction,50523166,50523234,68,10.85,18.46,12.15,22.54,0.0,1.94,27.37,0.0,6.06,28.63,,,,insufficient_data,0.3702,0.3502,A,minor,0.0274,0.8684664961797413,0.9233183240272627,False,0,False,,,,,,,,,,,,,False,,,,,,,,,
scotch_target,"T cells, CD4+",ENSG00000099940,SNAP29,chr22,45,24,5,A,70.4,0.0857,0.0882,-1,-1,SNAP29_ENST00000215730,SNAP29_ENST00000215730,SNAP29_ENST00000215730,exon:20859006-20859080,exon,20859006,20859080,74,16.44,8.49,8.56,11.51,5.03,0.0,19.9,5.97,0.0,14.1,,,,insufficient_data,0.6594,0.4265,A,major,2.447,0.11774755671900711,0.16680903868526006,True,1,True,chr22:20859091:C:T,20859091.0,C,T,A,0.9999940391390134,1.0,11.0,11.0,+,+,promotes_event,True,5.0,3.0,10.0,1.0,19.0,2.2491,0.1336961966650398,0.40108858999511937,chi2_cross_event
scotch_target,"T cells, CD4+",ENSG00000099940,SNAP29,chr22,45,24,5,A,70.4,0.0857,0.0882,-1,-1,SNAP29_ENST00000215730,SNAP29_ENST00000215730,SNAP29_ENST00000215730,exon:20881048-20881134,exon,20881048,20881134,86,16.44,8.49,8.56,11.51,11.98,1.06,11.9,8.02,0.94,11.1,0.0367,0.8479927759786008,0.8479927759786008,chi2_hap_event,0.6594,0.4265,A,major,2.447,0.11774755671900711,0.16680903868526006,False,0,False,,,,,,,,,,,,,False,,,,,,,,,
scotch_target,"T cells, CD4+",ENSG00000099940,SNAP29,chr22,45,24,5,A,70.4,0.0857,0.0882,-1,-1,SNAP29_ENST00000215730,SNAP29_ENST00000215730,SNAP29_ENST00000215730,exon:20883470-20883569,exon,20883470,20883569,99,16.44,8.49,8.56,11.51,11.96,1.55,11.42,7.04,1.45,11.58,0.137,0.7113238631227718,0.8479927759786008,chi2_hap_event,0.6594,0.4265,A,major,2.447,0.11774755671900711,0.16680903868526006,False,0,False,,,,,,,,,,,,,False,,,,,,,,,
scotch_target,"T cells, CD4+",ENSG00000099940,SNAP29,chr22,45,24,5,A,70.4,0.0857,0.0882,-1,-1,SNAP29_ENST00000215730,SNAP29_ENST00000215730,SNAP29_ENST00000215730,exon:20887678-20887819,exon,20887678,20887819,141,16.44,8.49,8.56,11.51,12.45,1.06,11.42,7.55,0.94,11.58,0.0671,0.7956570204624358,0.8479927759786008,chi2_hap_event,0.6594,0.4265,A,major,2.447,0.11774755671900711,0.16680903868526006,False,0,False,,,,,,,,,,,,,False,,,,,,,,,
scotch_target,"T cells, CD4+",ENSG00000099940,SNAP29,chr22,45,24,5,A,70.4,0.0857,0.0882,-1,-1,SNAP29_ENST00000215730,SNAP29_ENST00000215730,SNAP29_ENST00000215730,exon:20887819-20887975,exon,20887819,20887975,156,16.44,8.49,8.56,11.51,11.96,1.06,11.92,5.04,0.94,14.08,0.2519,0.6157313322729481,0.8479927759786008,chi2_hap_event,0.6594,0.4265,A,major,2.447,0.11774755671900711,0.16680903868526006,False,0,False,,,,,,,,,,,,,False,,,,,,,,,
scotch_target,"T cells, CD4+",ENSG00000099940,SNAP29,chr22,45,24,5,A,70.4,0.0857,0.0882,-1,-1,SNAP29_ENST00000215730,SNAP29_ENST00000215730,SNAP29_ENST00000215730,exon:20887975-20889205,exon,20887975,20889205,1230,16.44,8.49,8.56,11.51,1.55,0.0,23.38,1.45,0.0,18.62,,,,insufficient_data,0.6594,0.4265,A,major,2.447,0.11774755671900711,0.16680903868526006,True,1,True,chr22:20888964:T:C,20888964.0,T,C,B,5.9608609865491405e-06,1.0,0.0,241.0,-,-,reduces_event,True,0.0,0.0,0.0,0.0,0.0,,,,binomial_intra_event
scotch_target,"T cells, CD4+",ENSG00000099940,SNAP29,chr22,45,24,5,A,70.4,0.0857,0.0882,-1,-1,SNAP29_ENST00000215730,SNAP29_ENST00000215730,SNAP29_ENST00000215730,exon:20889205-20889263,exon,20889205,20889263,58,16.44,8.49,8.56,11.51,1.06,0.0,23.87,0.94,0.0,19.13,,,,insufficient_data,0.6594,0.4265,A,major,2.447,0.11774755671900711,0.16680903868526006,False,0,False,,,,,,,,,,,,,False,,,,,,,,,
scotch_target,"T cells, CD4+",ENSG00000099940,SNAP29,chr22,45,24,5,A,70.4,0.0857,0.0882,-1,-1,SNAP29_ENST00000215730,SNAP29_ENST00000215730,SNAP29_ENST00000215730,exon:20889263-20890899,exon,20889263,20890899,1636,16.44,8.49,8.56,11.51,5.03,0.0,19.9,1.97,0.0,18.1,,,,insufficient_data,0.6594,0.4265,A,major,2.447,0.11774755671900711,0.16680903868526006,True,3,False,chr22:20889398:T:G,20889398.0,T,G,B,5.9608609865491405e-06,1.0,0.0,135.0,-,-,reduces_event,True,1.0,0.0,1.0,0.0,2.0,,,,binomial_intra_event
scotch_target,"T cells, CD4+",ENSG00000099940,SNAP29,chr22,45,24,5,A,70.4,0.0857,0.0882,-1,-1,SNAP29_ENST00000215730,SNAP29_ENST00000215730,SNAP29_ENST00000215730,exon:20889263-20890899,exon,20889263,20890899,1636,16.44,8.49,8.56,11.51,5.03,0.0,19.9,1.97,0.0,18.1,,,,insufficient_data,0.6594,0.4265,A,major,2.447,0.11774755671900711,0.16680903868526006,True,3,False,chr22:20890096:G:T,20890096.0,G,T,A,0.9999940391390134,1.0,0.0,803.0,+,+,promotes_event,True,0.0,0.0,2.0,0.0,2.0,,,,binomial_intra_event
scotch_target,"T cells, CD4+",ENSG00000099940,SNAP29,chr22,45,24,5,A,70.4,0.0857,0.0882,-1,-1,SNAP29_ENST00000215730,SNAP29_ENST00000215730,SNAP29_ENST00000215730,exon:20889263-20890899,exon,20889263,20890899,1636,16.44,8.49,8.56,11.51,5.03,0.0,19.9,1.97,0.0,18.1,,,,insufficient_data,0.6594,0.4265,A,major,2.447,0.11774755671900711,0.16680903868526006,True,3,True,chr22:20890796:T:C,20890796.0,T,C,A,0.9999940391390134,1.0,0.0,103.0,+,+,promotes_event,True,0.0,0.0,2.0,0.0,2.0,,,,binomial_intra_event
scotch_target,"T cells, CD4+",ENSG00000099940,SNAP29,chr22,45,24,5,A,70.4,0.0857,0.0882,-1,-1,SNAP29_ENST00000215730,SNAP29_ENST00000215730,SNAP29_ENST00000215730,exon:20890899-20891214,exon,20890899,20891214,315,16.44,8.49,8.56,11.51,2.49,0.0,22.44,0.51,0.0,19.56,,,,insufficient_data,0.6594,0.4265,A,major,2.447,0.11774755671900711,0.16680903868526006,False,0,False,,,,,,,,,,,,,False,,,,,,,,,
scotch_target,"T cells, CD4+",ENSG00000099940,SNAP29,chr22,45,24,5,A,70.4,0.0857,0.0882,-1,-1,SNAP29_ENST00000215730,SNAP29_ENST00000215730,SNAP29_ENST00000215730,junction:20870533-20881048,junction,20870533,20881048,10515,16.44,8.49,8.56,11.51,0.0,0.0,24.93,0.0,0.0,20.07,,,,insufficient_data,0.6594,0.4265,A,major,2.447,0.11774755671900711,0.16680903868526006,False,0,False,,,,,,,,,,,,,False,,,,,,,,,
scotch_target,"T cells, CD4+",ENSG00000099940,SNAP29,chr22,45,24,5,A,70.4,0.0857,0.0882,-1,-1,SNAP29_ENST00000215730,SNAP29_ENST00000215730,SNAP29_ENST00000215730,junction:20881134-20883470,junction,20881134,20883470,2336,16.44,8.49,8.56,11.51,0.0,0.0,24.93,0.0,0.0,20.07,,,,insufficient_data,0.6594,0.4265,A,major,2.447,0.11774755671900711,0.16680903868526006,False,0,False,,,,,,,,,,,,,False,,,,,,,,,
scotch_target,"T cells, CD4+",ENSG00000099940,SNAP29,chr22,45,24,5,A,70.4,0.0857,0.0882,-1,-1,SNAP29_ENST00000215730,SNAP29_ENST00000215730,SNAP29_ENST00000215730,junction:20883569-20887678,junction,20883569,20887678,4109,16.44,8.49,8.56,11.51,0.0,0.0,24.93,0.0,0.0,20.07,,,,insufficient_data,0.6594,0.4265,A,major,2.447,0.11774755671900711,0.16680903868526006,False,0,False,,,,,,,,,,,,,False,,,,,,,,,
scotch_target,"T cells, CD4+",ENSG00000099940,SNAP29,chr22,45,24,5,A,70.4,0.0857,0.0882,-1,-1,SNAP29_ENST00000215730,SNAP29_ENST00000215730,SNAP29_ENST00000215730,exon:20859080-20859122,exon,20859080,20859122,42,17.95,6.99,11.05,9.01,11.52,0.0,13.42,8.48,0.0,11.58,,,,insufficient_data,0.7197,0.5508,A,major,1.3854,0.2391817511162912,0.2541306105610594,True,1,True,chr22:20859091:C:T,20859091.0,C,T,A,0.9999940391390134,1.0,0.0,11.0,+,+,promotes_event,True,8.0,0.0,11.0,0.0,19.0,,0.6476058959960938,0.6476058959960938,binomial_intra_event
scotch_target,"T cells, CD4+",ENSG00000099940,SNAP29,chr22,45,24,5,A,70.4,0.0857,0.0882,-1,-1,SNAP29_ENST00000215730,SNAP29_ENST00000215730,SNAP29_ENST00000215730,exon:20859122-20859347,exon,20859122,20859347,225,17.95,6.99,11.05,9.01,13.06,0.0,11.88,10.94,0.0,9.12,,,,insufficient_data,0.7197,0.5508,A,major,1.3854,0.2391817511162912,0.2541306105610594,True,1,True,chr22:20859091:C:T,20859091.0,C,T,A,0.9999940391390134,1.0,31.0,31.0,+,+,promotes_event,True,6.0,2.0,10.0,1.0,19.0,0.8816,0.34775595536805626,0.5216339330520844,chi2_cross_event
scotch_target,"T cells, CD4+",ENSG00000099940,SNAP29,chr22,45,24,5,A,70.4,0.0857,0.0882,-1,-1,SNAP29_ENST00000215730,SNAP29_ENST00000215730,SNAP29_ENST00000215730,exon:20870336-20870533,exon,20870336,20870533,197,17.95,6.99,11.05,9.01,13.04,1.0,10.89,11.96,0.0,8.11,0.8854,0.34673307455217184,0.8479927759786008,chi2_hap_event,0.7197,0.5508,A,major,1.3854,0.2391817511162912,0.2541306105610594,False,0,False,,,,,,,,,,,,,False,,,,,,,,,
scotch_target,"T cells, CD4+",ENSG00000099940,SNAP29,chr22,45,24,5,A,70.4,0.0857,0.0882,-1,-1,SNAP29_ENST00000215730,SNAP29_ENST00000215730,SNAP29_ENST00000215730,junction:20859347-20870336,junction,20859347,20870336,10989,17.95,6.99,11.05,9.01,0.0,0.0,24.93,0.0,0.0,20.07,,,,insufficient_data,0.7197,0.5508,A,major,1.3854,0.2391817511162912,0.2541306105610594,False,0,False,,,,,,,,,,,,,False,,,,,,,,,
scotch_target,"T cells, CD4+",ENSG00000099940,SNAP29,chr22,45,24,5,A,70.4,0.0857,0.0882,-1,-1,SNAP29_ENST00000215730,SNAP29_ENST00000215730,SNAP29_ENST00000215730,exon:20870533-20871041,exon,20870533,20871041,508,1.5,23.43,2.5,17.57,0.99,13.04,10.91,2.01,8.96,9.09,0.7424,0.3889023608779326,0.8479927759786008,chi2_hap_event,0.0602,0.1246,B,minor,0.5648,0.4523153039881441,0.4523153039881441,False,0,False,,,,,,,,,,,,,False,,,,,,,,,
scotch_target,"T cells, CD4+",ENSG00000100207,TCF20,chr22,210,35,8,B,70.4,0.0773,0.0279,-1,-1,TCF20_Other,TCF20_Other,TCF20_Other,exon:42160012-42160052,exon,42160012,42160052,40,3.27,91.68,3.73,111.33,0.93,0.0,94.01,1.07,0.0,113.99,,,,insufficient_data,0.0344,0.0324,A,minor,0.0065,0.9358520747150281,0.9518404180414518,False,0,False,,,,,,,,,,,,,False,,,,,,,,,
scotch_target,"T cells, CD4+",ENSG00000100207,TCF20,chr22,210,35,8,B,70.4,0.0773,0.0279,-1,-1,TCF20_Other,TCF20_Other,TCF20_Other,exon:42160052-42160165,exon,42160052,42160165,113,3.27,91.68,3.73,111.33,0.93,0.0,94.01,1.07,0.0,113.99,,,,insufficient_data,0.0344,0.0324,A,minor,0.0065,0.9358520747150281,0.9518404180414518,False,0,False,,,,,,,,,,,,,False,,,,,,,,,
scotch_target,"T cells, CD4+",ENSG00000100207,TCF20,chr22,210,35,8,B,70.4,0.0773,0.0279,-1,-1,TCF20_Other,TCF20_Other,TCF20_Other,exon:42160165-42161055,exon,42160165,42161055,890,3.27,91.68,3.73,111.33,3.27,0.0,91.67,3.73,0.0,111.33,,,,insufficient_data,0.0344,0.0324,A,minor,0.0065,0.9358520747150281,0.9518404180414518,False,0,False,,,,,,,,,,,,,False,,,,,,,,,
scotch_target,"T cells, CD4+",ENSG00000100207,TCF20,chr22,210,35,8,B,70.4,0.0773,0.0279,-1,-1,TCF20_Other,TCF20_Other,TCF20_Other,exon:42161055-42161097,exon,42161055,42161097,42,5.14,89.81,5.86,109.19,1.4,0.0,93.54,1.6,0.0,113.46,,,,insufficient_data,0.0541,0.0509,A,minor,0.0104,0.9188349616771253,0.9518404180414518,False,0,False,,,,,,,,,,,,,False,,,,,,,,,
scotch_target,"T cells, CD4+",ENSG00000100207,TCF20,chr22,210,35,8,B,70.4,0.0773,0.0279,-1,-1,TCF20_Other,TCF20_Other,TCF20_Other,exon:42161097-42161358,exon,42161097,42161358,261,6.07,88.87,6.93,108.13,1.4,0.0,93.54,1.6,0.0,113.46,,,,insufficient_data,0.0639,0.0602,A,minor,0.0124,0.911347231332083,0.9518404180414518,False,0,False,,,,,,,,,,,,,False,,,,,,,,,
scotch_target,"T cells, CD4+",ENSG00000100207,TCF20,chr22,210,35,8,B,70.4,0.0773,0.0279,-1,-1,TCF20_Other,TCF20_Other,TCF20_Other,exon:42168608-42168703,exon,42168608,42168703,95,4.2,90.74,4.8,110.26,0.93,0.47,93.54,1.07,0.53,113.46,,,,insufficient_data,0.0442,0.0417,A,minor,0.0084,0.9269256406824398,0.9518404180414518,False,0,False,,,,,,,,,,,,,False,,,,,,,,,
scotch_target,"T cells, CD4+",ENSG00000100207,TCF20,chr22,210,35,8,B,70.4,0.0773,0.0279,-1,-1,TCF20_Other,TCF20_Other,TCF20_Other,exon:42168703-42168736,exon,42168703,42168736,33,3.27,91.68,3.73,111.33,0.47,0.47,94.01,0.53,0.53,113.99,,,,insufficient_data,0.0344,0.0324,A,minor,0.0065,0.9358520747150281,0.9518404180414518,False,0,False,,,,,,,,,,,,,False,,,,,,,,,
scotch_target,"T cells, CD4+",ENSG00000100207,TCF20,chr22,210,35,8,B,70.4,0.0773,0.0279,-1,-1,TCF20_Other,TCF20_Other,TCF20_Other,exon:42169846-42169896,exon,42169846,42169896,50,6.07,88.87,6.93,108.13,0.47,0.0,94.48,0.53,0.0,114.52,,,,insufficient_data,0.0639,0.0602,A,minor,0.0124,0.911347231332083,0.9518404180414518,False,0,False,,,,,,,,,,,,,False,,,,,,,,,
scotch_target,"T cells, CD4+",ENSG00000100207,TCF20,chr22,210,35,8,B,70.4,0.0773,0.0279,-1,-1,TCF20_Other,TCF20_Other,TCF20_Other,exon:42179608-42179702,exon,42179608,42179702,94,6.07,88.87,6.93,108.13,0.47,0.0,94.48,0.53,0.0,114.52,,,,insufficient_data,0.0639,0.0602,A,minor,0.0124,0.911347231332083,0.9518404180414518,False,0,False,,,,,,,,,,,,,False,,,,,,,,,
scotch_target,"T cells, CD4+",ENSG00000100207,TCF20,chr22,210,35,8,B,70.4,0.0773,0.0279,-1,-1,TCF20_Other,TCF20_Other,TCF20_Other,exon:42209650-42210046,exon,42209650,42210046,396,6.07,88.87,6.93,108.13,0.47,0.0,94.48,0.53,0.0,114.52,,,,insufficient_data,0.0639,0.0602,A,minor,0.0124,0.911347231332083,0.9518404180414518,False,0,False,,,,,,,,,,,,,False,,,,,,,,,
scotch_target,"T cells, CD4+",ENSG00000100207,TCF20,chr22,210,35,8,B,70.4,0.0773,0.0279,-1,-1,TCF20_Other,TCF20_Other,TCF20_Other,exon:42210046-42210125,exon,42210046,42210125,79,6.07,88.87,6.93,108.13,0.47,0.0,94.48,0.53,0.0,114.52,,,,insufficient_data,0.0639,0.0602,A,minor,0.0124,0.911347231332083,0.9518404180414518,False,0,False,,,,,,,,,,,,,False,,,,,,,,,
scotch_target,"T cells, CD4+",ENSG00000100207,TCF20,chr22,210,35,8,B,70.4,0.0773,0.0279,-1,-1,TCF20_Other,TCF20_Other,TCF20_Other,exon:42210125-42210159,exon,42210125,42210159,34,6.07,88.87,6.93,108.13,0.93,0.0,94.01,1.07,0.0,113.99,,,,insufficient_data,0.0639,0.0602,A,minor,0.0124,0.911347231332083,0.9518404180414518,False,0,False,,,,,,,,,,,,,False,,,,,,,,,
scotch_target,"T cells, CD4+",ENSG00000100207,TCF20,chr22,210,35,8,B,70.4,0.0773,0.0279,-1,-1,TCF20_Other,TCF20_Other,TCF20_Other,exon:42210159-42210208,exon,42210159,42210208,49,6.07,88.87,6.93,108.13,0.93,0.0,94.01,1.07,0.0,113.99,,,,insufficient_data,0.0639,0.0602,A,minor,0.0124,0.911347231332083,0.9518404180414518,False,0,False,,,,,,,,,,,,,False,,,,,,,,,
scotch_target,"T cells, CD4+",ENSG00000100207,TCF20,chr22,210,35,8,B,70.4,0.0773,0.0279,-1,-1,TCF20_Other,TCF20_Other,TCF20_Other,exon:42210208-42210350,exon,42210208,42210350,142,5.14,89.81,5.86,109.19,0.47,0.0,94.48,0.53,0.0,114.52,,,,insufficient_data,0.0541,0.0509,A,minor,0.0104,0.9188349616771253,0.9518404180414518,False,0,False,,,,,,,,,,,,,False,,,,,,,,,
scotch_target,"T cells, CD4+",ENSG00000100207,TCF20,chr22,210,35,8,B,70.4,0.0773,0.0279,-1,-1,TCF20_Other,TCF20_Other,TCF20_Other,exon:42210350-42210568,exon,42210350,42210568,218,5.14,89.81,5.86,109.19,0.47,0.0,94.48,0.53,0.0,114.52,,,,insufficient_data,0.0541,0.0509,A,minor,0.0104,0.9188349616771253,0.9518404180414518,False,0,False,,,,,,,,,,,,,False,,,,,,,,,
scotch_target,"T cells, CD4+",ENSG00000100207,TCF20,chr22,210,35,8,B,70.4,0.0773,0.0279,-1,-1,TCF20_Other,TCF20_Other,TCF20_Other,exon:42210568-42212148,exon,42210568,42212148,1580,5.14,89.81,5.86,109.19,1.4,0.0,93.54,1.6,0.0,113.46,,,,insufficient_data,0.0541,0.0509,A,minor,0.0104,0.9188349616771253,0.9518404180414518,False,0,False,,,,,,,,,,,,,False,,,,,,,,,
scotch_target,"T cells, CD4+",ENSG00000100207,TCF20,chr22,210,35,8,B,70.4,0.0773,0.0279,-1,-1,TCF20_Other,TCF20_Other,TCF20_Other,exon:42212148-42212260,exon,42212148,42212260,112,5.14,89.81,5.86,109.19,0.93,0.0,94.01,1.07,0.0,113.99,,,,insufficient_data,0.0541,0.0509,A,minor,0.0104,0.9188349616771253,0.9518404180414518,False,0,False,,,,,,,,,,,,,False,,,,,,,,,
scotch_target,"T cells, CD4+",ENSG00000100207,TCF20,chr22,210,35,8,B,70.4,0.0773,0.0279,-1,-1,TCF20_Other,TCF20_Other,TCF20_Other,exon:42212260-42213166,exon,42212260,42213166,906,5.14,89.81,5.86,109.19,1.4,0.0,93.54,1.6,0.0,113.46,,,,insufficient_data,0.0541,0.0509,A,minor,0.0104,0.9188349616771253,0.9518404180414518,False,0,False,,,,,,,,,,,,,False,,,,,,,,,
scotch_target,"T cells, CD4+",ENSG00000100207,TCF20,chr22,210,35,8,B,70.4,0.0773,0.0279,-1,-1,TCF20_Other,TCF20_Other,TCF20_Other,exon:42213166-42214846,exon,42213166,42214846,1680,5.14,89.81,5.86,109.19,0.47,0.0,94.48,0.53,0.0,114.52,,,,insufficient_data,0.0541,0.0509,A,minor,0.0104,0.9188349616771253,0.9518404180414518,False,0,False,,,,,,,,,,,,,False,,,,,,,,,
scotch_target,"T cells, CD4+",ENSG00000100207,TCF20,chr22,210,35,8,B,70.4,0.0773,0.0279,-1,-1,TCF20_Other,TCF20_Other,TCF20_Other,exon:42214846-42215341,exon,42214846,42215341,495,5.6,89.34,6.4,108.66,0.0,0.0,94.94,0.0,0.0,115.06,,,,insufficient_data,0.059,0.0556,A,minor,0.0114,0.9150262357838896,0.9518404180414518,False,0,False,,,,,,,,,,,,,False,,,,,,,,,
scotch_target,"T cells, CD4+",ENSG00000100207,TCF20,chr22,210,35,8,B,70.4,0.0773,0.0279,-1,-1,TCF20_Other,TCF20_Other,TCF20_Other,exon:42215341-42215440,exon,42215341,42215440,99,5.14,89.81,5.86,109.19,0.0,0.0,94.94,0.0,0.0,115.06,,,,insufficient_data,0.0541,0.0509,A,minor,0.0104,0.9188349616771253,0.9518404180414518,False,0,False,,,,,,,,,,,,,False,,,,,,,,,
scotch_target,"T cells, CD4+",ENSG00000100207,TCF20,chr22,210,35,8,B,70.4,0.0773,0.0279,-1,-1,TCF20_Other,TCF20_Other,TCF20_Other,junction:42161358-42168608,junction,42161358,42168608,7250,4.2,90.74,4.8,110.26,0.0,0.0,94.94,0.0,0.0,115.06,,,,insufficient_data,0.0442,0.0417,A,minor,0.0084,0.9269256406824398,0.9518404180414518,False,0,False,,,,,,,,,,,,,False,,,,,,,,,
scotch_target,"T cells, CD4+",ENSG00000100207,TCF20,chr22,210,35,8,B,70.4,0.0773,0.0279,-1,-1,TCF20_Other,TCF20_Other,TCF20_Other,junction:42161358-42169846,junction,42161358,42169846,8488,1.87,93.08,2.13,112.92,0.47,0.0,94.48,0.53,0.0,114.52,,,,insufficient_data,0.0197,0.0185,A,minor,0.0036,0.9518404180414518,0.9518404180414518,False,0,False,,,,,,,,,,,,,False,,,,,,,,,
scotch_target,"T cells, CD4+",ENSG00000100207,TCF20,chr22,210,35,8,B,70.4,0.0773,0.0279,-1,-1,TCF20_Other,TCF20_Other,TCF20_Other,junction:42168736-42169846,junction,42168736,42169846,1110,3.27,91.68,3.73,111.33,0.0,0.0,94.94,0.0,0.0,115.06,,,,insufficient_data,0.0344,0.0324,A,minor,0.0065,0.9358520747150281,0.9518404180414518,False,0,False,,,,,,,,,,,,,False,,,,,,,,,
scotch_target,"T cells, CD4+",ENSG00000100207,TCF20,chr22,210,35,8,B,70.4,0.0773,0.0279,-1,-1,TCF20_Other,TCF20_Other,TCF20_Other,junction:42169896-42179608,junction,42169896,42179608,9712,6.07,88.87,6.93,108.13,0.0,0.0,94.94,0.0,0.0,115.06,,,,insufficient_data,0.0639,0.0602,A,minor,0.0124,0.911347231332083,0.9518404180414518,False,0,False,,,,,,,,,,,,,False,,,,,,,,,
scotch_target,"T cells, CD4+",ENSG00000100207,TCF20,chr22,210,35,8,B,70.4,0.0773,0.0279,-1,-1,TCF20_Other,TCF20_Other,TCF20_Other,junction:42179702-42209650,junction,42179702,42209650,29948,6.07,88.87,6.93,108.13,0.0,0.0,94.94,0.0,0.0,115.06,,,,insufficient_data,0.0639,0.0602,A,minor,0.0124,0.911347231332083,0.9518404180414518,False,0,False,,,,,,,,,,,,,False,,,,,,,,,
scotch_target,"T cells, CD4+",ENSG00000100347,SAMM50,chr22,53,30,2,A,70.4,0.1535,0.0928,-1,0,SAMM50_ENST00000350028,SAMM50_ENST00000350028,SAMM50_ENST00000350028,exon:43955441-43955598,exon,43955441,43955598,157,18.53,13.73,7.47,13.27,19.0,0.0,13.25,9.0,0.0,11.75,,,,insufficient_data,0.5744,0.3602,A,major,2.3185,0.12784377430145524,0.18920878596615376,False,0,False,,,,,,,,,,,,,False,,,,,,,,,
scotch_target,"T cells, CD4+",ENSG00000100347,SAMM50,chr22,53,30,2,A,70.4,0.1535,0.0928,-1,0,SAMM50_ENST00000350028,SAMM50_ENST00000350028,SAMM50_ENST00000350028,exon:43963285-43963396,exon,43963285,43963396,111,18.53,13.73,7.47,13.27,19.53,0.0,12.72,9.47,0.0,11.28,,,,insufficient_data,0.5744,0.3602,A,major,2.3185,0.12784377430145524,0.18920878596615376,False,0,False,,,,,,,,,,,,,False,,,,,,,,,
scotch_target,"T cells, CD4+",ENSG00000100347,SAMM50,chr22,53,30,2,A,70.4,0.1535,0.0928,-1,0,SAMM50_ENST00000350028,SAMM50_ENST00000350028,SAMM50_ENST00000350028,exon:43964451-43964488,exon,43964451,43964488,37,18.53,13.73,7.47,13.27,19.53,0.0,12.72,9.47,0.0,11.28,,,,insufficient_data,0.5744,0.3602,A,major,2.3185,0.12784377430145524,0.18920878596615376,False,0,False,,,,,,,,,,,,,False,,,,,,,,,
scotch_target,"T cells, CD4+",ENSG00000100347,SAMM50,chr22,53,30,2,A,70.4,0.1535,0.0928,-1,0,SAMM50_ENST00000350028,SAMM50_ENST00000350028,SAMM50_ENST00000350028,exon:43964488-43964553,exon,43964488,43964553,65,18.53,13.73,7.47,13.27,20.06,0.0,12.19,9.94,0.0,10.81,,,,insufficient_data,0.5744,0.3602,A,major,2.3185,0.12784377430145524,0.18920878596615376,False,0,False,,,,,,,,,,,,,False,,,,,,,,,
scotch_target,"T cells, CD4+",ENSG00000100347,SAMM50,chr22,53,30,2,A,70.4,0.1535,0.0928,-1,0,SAMM50_ENST00000350028,SAMM50_ENST00000350028,SAMM50_ENST00000350028,exon:43968730-43968818,exon,43968730,43968818,88,18.53,13.73,7.47,13.27,19.53,0.0,12.72,9.47,0.0,11.28,,,,insufficient_data,0.5744,0.3602,A,major,2.3185,0.12784377430145524,0.18920878596615376,False,0,False,,,,,,,,,,,,,False,,,,,,,,,
scotch_target,"T cells, CD4+",ENSG00000100347,SAMM50,chr22,53,30,2,A,70.4,0.1535,0.0928,-1,0,SAMM50_ENST00000350028,SAMM50_ENST00000350028,SAMM50_ENST00000350028,exon:43972235-43972342,exon,43972235,43972342,107,18.53,13.73,7.47,13.27,19.0,0.0,13.25,9.0,0.0,11.75,,,,insufficient_data,0.5744,0.3602,A,major,2.3185,0.12784377430145524,0.18920878596615376,True,1,True,chr22:43972323:A:G,43972323.0,A,G,A,0.9999940391390134,1.0,0.0,19.0,+,+,promotes_event,True,9.0,0.0,18.0,0.0,27.0,,0.12207812070846558,0.19393085228240695,binomial_intra_event
scotch_target,"T cells, CD4+",ENSG00000100347,SAMM50,chr22,53,30,2,A,70.4,0.1535,0.0928,-1,0,SAMM50_ENST00000350028,SAMM50_ENST00000350028,SAMM50_ENST00000350028,exon:43972870-43973001,exon,43972870,43973001,131,18.53,13.73,7.47,13.27,19.53,0.0,12.72,9.47,0.0,11.28,,,,insufficient_data,0.5744,0.3602,A,major,2.3185,0.12784377430145524,0.18920878596615376,True,1,True,chr22:43972323:A:G,43972323.0,A,G,A,0.9999940391390134,1.0,19.0,547.0,+,+,promotes_event,True,7.0,2.0,17.0,1.0,27.0,1.6875,0.19393085228240695,0.19393085228240695,chi2_cross_event
scotch_target,"T cells, CD4+",ENSG00000100347,SAMM50,chr22,53,30,2,A,70.4,0.1535,0.0928,-1,0,SAMM50_ENST00000350028,SAMM50_ENST00000350028,SAMM50_ENST00000350028,exon:43973235-43973322,exon,43973235,43973322,87,18.53,13.73,7.47,13.27,18.53,0.0,13.73,7.47,0.0,13.27,,,,insufficient_data,0.5744,0.3602,A,major,2.3185,0.12784377430145524,0.18920878596615376,False,0,False,,,,,,,,,,,,,False,,,,,,,,,
scotch_target,"T cells, CD4+",ENSG00000100347,SAMM50,chr22,53,30,2,A,70.4,0.1535,0.0928,-1,0,SAMM50_ENST00000350028,SAMM50_ENST00000350028,SAMM50_ENST00000350028,exon:43976054-43976183,exon,43976054,43976183,129,20.05,12.2,7.95,12.8,19.52,0.0,12.73,7.47,0.0,13.27,,,,insufficient_data,0.6217,0.3831,A,major,2.8905,0.08910222464814438,0.18920878596615376,False,0,False,,,,,,,,,,,,,False,,,,,,,,,
scotch_target,"T cells, CD4+",ENSG00000100347,SAMM50,chr22,53,30,2,A,70.4,0.1535,0.0928,-1,0,SAMM50_ENST00000350028,SAMM50_ENST00000350028,SAMM50_ENST00000350028,exon:43976749-43976821,exon,43976749,43976821,72,20.05,12.2,7.95,12.8,19.52,0.0,12.73,7.47,0.0,13.27,,,,insufficient_data,0.6217,0.3831,A,major,2.8905,0.08910222464814438,0.18920878596615376,False,0,False,,,,,,,,,,,,,False,,,,,,,,,
scotch_target,"T cells, CD4+",ENSG00000100347,SAMM50,chr22,53,30,2,A,70.4,0.1535,0.0928,-1,0,SAMM50_ENST00000350028,SAMM50_ENST00000350028,SAMM50_ENST00000350028,exon:43977871-43977958,exon,43977871,43977958,87,20.05,12.2,7.95,12.8,19.52,0.0,12.73,7.47,0.0,13.27,,,,insufficient_data,0.6217,0.3831,A,major,2.8905,0.08910222464814438,0.18920878596615376,False,0,False,,,,,,,,,,,,,False,,,,,,,,,
scotch_target,"T cells, CD4+",ENSG00000100347,SAMM50,chr22,53,30,2,A,70.4,0.1535,0.0928,-1,0,SAMM50_ENST00000350028,SAMM50_ENST00000350028,SAMM50_ENST00000350028,exon:43981390-43981461,exon,43981390,43981461,71,20.05,12.2,7.95,12.8,19.52,0.0,12.73,7.47,0.0,13.27,,,,insufficient_data,0.6217,0.3831,A,major,2.8905,0.08910222464814438,0.18920878596615376,False,0,False,,,,,,,,,,,,,False,,,,,,,,,
scotch_target,"T cells, CD4+",ENSG00000100347,SAMM50,chr22,53,30,2,A,70.4,0.1535,0.0928,-1,0,SAMM50_ENST00000350028,SAMM50_ENST00000350028,SAMM50_ENST00000350028,exon:43983932-43984000,exon,43983932,43984000,68,20.05,12.2,7.95,12.8,19.52,0.0,12.73,7.47,0.0,13.27,,,,insufficient_data,0.6217,0.3831,A,major,2.8905,0.08910222464814438,0.18920878596615376,False,0,False,,,,,,,,,,,,,False,,,,,,,,,
scotch_target,"T cells, CD4+",ENSG00000100347,SAMM50,chr22,53,30,2,A,70.4,0.1535,0.0928,-1,0,SAMM50_ENST00000350028,SAMM50_ENST00000350028,SAMM50_ENST00000350028,junction:43955598-43963285,junction,43955598,43963285,7687,18.53,13.73,7.47,13.27,1.0,0.0,31.25,0.0,0.0,20.75,,,,insufficient_data,0.5744,0.3602,A,major,2.3185,0.12784377430145524,0.18920878596615376,False,0,False,,,,,,,,,,,,,False,,,,,,,,,
scotch_target,"T cells, CD4+",ENSG00000100347,SAMM50,chr22,53,30,2,A,70.4,0.1535,0.0928,-1,0,SAMM50_ENST00000350028,SAMM50_ENST00000350028,SAMM50_ENST00000350028,junction:43963396-43964451,junction,43963396,43964451,1055,18.53,13.73,7.47,13.27,0.53,0.0,31.72,0.47,0.0,20.28,,,,insufficient_data,0.5744,0.3602,A,major,2.3185,0.12784377430145524,0.18920878596615376,False,0,False,,,,,,,,,,,,,False,,,,,,,,,
scotch_target,"T cells, CD4+",ENSG00000100347,SAMM50,chr22,53,30,2,A,70.4,0.1535,0.0928,-1,0,SAMM50_ENST00000350028,SAMM50_ENST00000350028,SAMM50_ENST00000350028,junction:43964553-43968730,junction,43964553,43968730,4177,18.53,13.73,7.47,13.27,0.0,0.0,32.25,0.0,0.0,20.75,,,,insufficient_data,0.5744,0.3602,A,major,2.3185,0.12784377430145524,0.18920878596615376,False,0,False,,,,,,,,,,,,,False,,,,,,,,,
scotch_target,"T cells, CD4+",ENSG00000100347,SAMM50,chr22,53,30,2,A,70.4,0.1535,0.0928,-1,0,SAMM50_ENST00000350028,SAMM50_ENST00000350028,SAMM50_ENST00000350028,junction:43968818-43972235,junction,43968818,43972235,3417,18.53,13.73,7.47,13.27,1.0,0.0,31.25,0.0,0.0,20.75,,,,insufficient_data,0.5744,0.3602,A,major,2.3185,0.12784377430145524,0.18920878596615376,False,0,False,,,,,,,,,,,,,False,,,,,,,,,
scotch_target,"T cells, CD4+",ENSG00000100347,SAMM50,chr22,53,30,2,A,70.4,0.1535,0.0928,-1,0,SAMM50_ENST00000350028,SAMM50_ENST00000350028,SAMM50_ENST00000350028,junction:43972342-43972870,junction,43972342,43972870,528,18.53,13.73,7.47,13.27,0.0,0.0,32.25,0.0,0.0,20.75,,,,insufficient_data,0.5744,0.3602,A,major,2.3185,0.12784377430145524,0.18920878596615376,True,1,True,chr22:43972323:A:G,43972323.0,A,G,A,0.9999940391390134,1.0,19.0,19.0,+,+,promotes_event,True,7.0,2.0,17.0,1.0,27.0,1.6875,0.19393085228240695,0.19393085228240695,chi2_cross_event
scotch_target,"T cells, CD4+",ENSG00000100347,SAMM50,chr22,53,30,2,A,70.4,0.1535,0.0928,-1,0,SAMM50_ENST00000350028,SAMM50_ENST00000350028,SAMM50_ENST00000350028,junction:43973001-43973235,junction,43973001,43973235,234,18.53,13.73,7.47,13.27,15.53,0.0,16.73,7.47,0.0,13.27,,,,insufficient_data,0.5744,0.3602,A,major,2.3185,0.12784377430145524,0.18920878596615376,False,0,False,,,,,,,,,,,,,False,,,,,,,,,
scotch_target,"T cells, CD4+",ENSG00000100347,SAMM50,chr22,53,30,2,A,70.4,0.1535,0.0928,-1,0,SAMM50_ENST00000350028,SAMM50_ENST00000350028,SAMM50_ENST00000350028,junction:43973323-43976054,junction,43973323,43976054,2731,18.53,13.73,7.47,13.27,18.0,0.0,14.25,5.0,0.0,15.75,,,,insufficient_data,0.5744,0.3602,A,major,2.3185,0.12784377430145524,0.18920878596615376,False,0,False,,,,,,,,,,,,,False,,,,,,,,,
scotch_target,"T cells, CD4+",ENSG00000100347,SAMM50,chr22,53,30,2,A,70.4,0.1535,0.0928,-1,0,SAMM50_ENST00000350028,SAMM50_ENST00000350028,SAMM50_ENST00000350028,junction:43976183-43976749,junction,43976183,43976749,566,20.05,12.2,7.95,12.8,0.0,0.0,32.25,0.0,0.0,20.75,,,,insufficient_data,0.6217,0.3831,A,major,2.8905,0.08910222464814438,0.18920878596615376,False,0,False,,,,,,,,,,,,,False,,,,,,,,,
scotch_target,"T cells, CD4+",ENSG00000100347,SAMM50,chr22,53,30,2,A,70.4,0.1535,0.0928,-1,0,SAMM50_ENST00000350028,SAMM50_ENST00000350028,SAMM50_ENST00000350028,junction:43976821-43977871,junction,43976821,43977871,1050,20.05,12.2,7.95,12.8,0.0,0.0,32.25,0.0,0.0,20.75,,,,insufficient_data,0.6217,0.3831,A,major,2.8905,0.08910222464814438,0.18920878596615376,False,0,False,,,,,,,,,,,,,False,,,,,,,,,
scotch_target,"T cells, CD4+",ENSG00000100347,SAMM50,chr22,53,30,2,A,70.4,0.1535,0.0928,-1,0,SAMM50_ENST00000350028,SAMM50_ENST00000350028,SAMM50_ENST00000350028,junction:43977958-43981390,junction,43977958,43981390,3432,20.05,12.2,7.95,12.8,0.0,0.0,32.25,0.0,0.0,20.75,,,,insufficient_data,0.6217,0.3831,A,major,2.8905,0.08910222464814438,0.18920878596615376,False,0,False,,,,,,,,,,,,,False,,,,,,,,,
scotch_target,"T cells, CD4+",ENSG00000100347,SAMM50,chr22,53,30,2,A,70.4,0.1535,0.0928,-1,0,SAMM50_ENST00000350028,SAMM50_ENST00000350028,SAMM50_ENST00000350028,junction:43981461-43983932,junction,43981461,43983932,2471,20.05,12.2,7.95,12.8,0.0,0.0,32.25,0.0,0.0,20.75,,,,insufficient_data,0.6217,0.3831,A,major,2.8905,0.08910222464814438,0.18920878596615376,False,0,False,,,,,,,,,,,,,False,,,,,,,,,
scotch_target,"T cells, CD4+",ENSG00000100347,SAMM50,chr22,53,30,2,A,70.4,0.1535,0.0928,-1,0,SAMM50_ENST00000350028,SAMM50_ENST00000350028,SAMM50_ENST00000350028,junction:43984000-43989110,junction,43984000,43989110,5110,20.05,12.2,7.95,12.8,0.0,0.0,32.25,0.0,0.0,20.75,,,,insufficient_data,0.6217,0.3831,A,major,2.8905,0.08910222464814438,0.18920878596615376,False,0,False,,,,,,,,,,,,,False,,,,,,,,,
scotch_target,"T cells, CD4+",ENSG00000100347,SAMM50,chr22,53,30,2,A,70.4,0.1535,0.0928,-1,0,SAMM50_ENST00000350028,SAMM50_ENST00000350028,SAMM50_ENST00000350028,exon:43989110-43989257,exon,43989110,43989257,147,22.78,9.47,11.22,9.53,18.08,1.0,13.17,7.92,0.0,12.83,0.431,0.5115072479849884,0.5115072479849884,chi2_hap_event,0.7064,0.5407,A,major,1.5111,0.21897312245673198,0.25318767284059635,False,0,False,,,,,,,,,,,,,False,,,,,,,,,
scotch_target,"T cells, CD4+",ENSG00000100347,SAMM50,chr22,53,30,2,A,70.4,0.1535,0.0928,-1,0,SAMM50_ENST00000350028,SAMM50_ENST00000350028,SAMM50_ENST00000350028,exon:43990264-43990327,exon,43990264,43990327,63,22.78,9.47,11.22,9.53,17.08,1.0,14.17,7.92,0.0,12.83,0.4555,0.4997381256367006,0.5115072479849884,chi2_hap_event,0.7064,0.5407,A,major,1.5111,0.21897312245673198,0.25318767284059635,False,0,False,,,,,,,,,,,,,False,,,,,,,,,
scotch_target,"T cells, CD4+",ENSG00000100347,SAMM50,chr22,53,30,2,A,70.4,0.1535,0.0928,-1,0,SAMM50_ENST00000350028,SAMM50_ENST00000350028,SAMM50_ENST00000350028,exon:43990327-43990406,exon,43990327,43990406,79,22.78,9.47,11.22,9.53,17.08,1.0,14.17,7.92,0.0,12.83,0.4555,0.4997381256367006,0.5115072479849884,chi2_hap_event,0.7064,0.5407,A,major,1.5111,0.21897312245673198,0.25318767284059635,True,1,True,chr22:43990400:C:T,43990400.0,C,T,A,0.9999940391390134,1.0,0.0,6.0,+,+,promotes_event,True,8.0,0.0,17.0,0.0,25.0,,0.10775214433670044,0.19393085228240695,binomial_intra_event
scotch_target,"T cells, CD4+",ENSG00000100347,SAMM50,chr22,53,30,2,A,70.4,0.1535,0.0928,-1,0,SAMM50_ENST00000350028,SAMM50_ENST00000350028,SAMM50_ENST00000350028,exon:43996337-43996376,exon,43996337,43996376,39,22.78,9.47,11.22,9.53,18.61,0.0,13.64,8.39,0.0,12.36,,,,insufficient_data,0.7064,0.5407,A,major,1.5111,0.21897312245673198,0.25318767284059635,False,0,False,,,,,,,,,,,,,False,,,,,,,,,
scotch_target,"T cells, CD4+",ENSG00000100347,SAMM50,chr22,53,30,2,A,70.4,0.1535,0.0928,-1,0,SAMM50_ENST00000350028,SAMM50_ENST00000350028,SAMM50_ENST00000350028,exon:43996376-43996529,exon,43996376,43996529,153,22.78,9.47,11.22,9.53,18.61,0.0,13.64,8.39,0.0,12.36,,,,insufficient_data,0.7064,0.5407,A,major,1.5111,0.21897312245673198,0.25318767284059635,False,0,False,,,,,,,,,,,,,False,,,,,,,,,
scotch_target,"T cells, CD4+",ENSG00000100347,SAMM50,chr22,53,30,2,A,70.4,0.1535,0.0928,-1,0,SAMM50_ENST00000350028,SAMM50_ENST00000350028,SAMM50_ENST00000350028,junction:43989257-43990264,junction,43989257,43990264,1007,22.78,9.47,11.22,9.53,0.0,0.0,32.25,0.0,0.0,20.75,,,,insufficient_data,0.7064,0.5407,A,major,1.5111,0.21897312245673198,0.25318767284059635,False,0,False,,,,,,,,,,,,,False,,,,,,,,,
scotch_target,"T cells, CD4+",ENSG00000100347,SAMM50,chr22,53,30,2,A,70.4,0.1535,0.0928,-1,0,SAMM50_ENST00000350028,SAMM50_ENST00000350028,SAMM50_ENST00000350028,junction:43990406-43996337,junction,43990406,43996337,5931,22.78,9.47,11.22,9.53,0.0,0.0,32.25,0.0,0.0,20.75,,,,insufficient_data,0.7064,0.5407,A,major,1.5111,0.21897312245673198,0.25318767284059635,True,1,True,chr22:43990400:C:T,43990400.0,C,T,A,0.9999940391390134,1.0,6.0,6.0,+,+,promotes_event,True,8.0,0.0,17.0,0.0,25.0,,,,chi2_cross_event
scotch_target,"T cells, CD4+",ENSG00000100347,SAMM50,chr22,53,30,2,A,70.4,0.1535,0.0928,-1,0,SAMM50_ENST00000350028,SAMM50_ENST00000350028,SAMM50_ENST00000350028,exon:43986343-43987587,exon,43986343,43987587,1244,2.73,29.52,3.27,17.48,1.59,19.0,11.67,1.41,7.0,12.33,0.5307,0.46629996027875986,0.5115072479849884,chi2_hap_event,0.0847,0.1576,B,minor,0.6693,0.4133011641009411,0.4133011641009411,False,0,False,,,,,,,,,,,,,False,,,,,,,,,
scotch_target,"T cells, CD4+",ENSG00000100347,SAMM50,chr22,53,30,2,A,70.4,0.1535,0.0928,-1,0,SAMM50_ENST00000350028,SAMM50_ENST00000350028,SAMM50_ENST00000350028,exon:43987587-43987676,exon,43987587,43987676,89,2.73,29.52,3.27,17.48,1.59,19.0,11.67,1.41,7.0,12.33,0.5307,0.46629996027875986,0.5115072479849884,chi2_hap_event,0.0847,0.1576,B,minor,0.6693,0.4133011641009411,0.4133011641009411,False,0,False,,,,,,,,,,,,,False,,,,,,,,,
scotch_target,"T cells, CD4+",ENSG00000100347,SAMM50,chr22,53,30,2,A,70.4,0.1535,0.0928,-1,0,SAMM50_ENST00000350028,SAMM50_ENST00000350028,SAMM50_ENST00000350028,exon:43987676-43988741,exon,43987676,43988741,1065,2.73,29.52,3.27,17.48,1.59,19.0,11.67,1.41,7.0,12.33,0.5307,0.46629996027875986,0.5115072479849884,chi2_hap_event,0.0847,0.1576,B,minor,0.6693,0.4133011641009411,0.4133011641009411,False,0,False,,,,,,,,,,,,,False,,,,,,,,,
scotch_target,"T cells, CD4+",ENSG00000100347,SAMM50,chr22,53,30,2,A,70.4,0.1535,0.0928,-1,0,SAMM50_ENST00000350028,SAMM50_ENST00000350028,SAMM50_ENST00000350028,exon:43988741-43988934,exon,43988741,43988934,193,2.73,29.52,3.27,17.48,1.59,19.0,11.67,1.41,7.0,12.33,0.5307,0.46629996027875986,0.5115072479849884,chi2_hap_event,0.0847,0.1576,B,minor,0.6693,0.4133011641009411,0.4133011641009411,False,0,False,,,,,,,,,,,,,False,,,,,,,,,
scotch_target,"T cells, CD4+",ENSG00000100347,SAMM50,chr22,53,30,2,A,70.4,0.1535,0.0928,-1,0,SAMM50_ENST00000350028,SAMM50_ENST00000350028,SAMM50_ENST00000350028,exon:43988934-43989110,exon,43988934,43989110,176,2.73,29.52,3.27,17.48,0.0,19.0,13.26,0.0,7.0,13.75,,,,insufficient_data,0.0847,0.1576,B,minor,0.6693,0.4133011641009411,0.4133011641009411,False,0,False,,,,,,,,,,,,,False,,,,,,,,,
scotch_target,"T cells, CD4+",ENSG00000128294,TPST2,chr22,28,16,8,B,70.4,0.0703,0.051,-1,-1,TPST2_novelIsoform_129127208517307208960,TPST2_novelIsoform_129127208517307208960,TPST2_Other,exon:26525745-26525771,exon,26525745,26525771,26,2.07,10.28,4.93,10.72,0.01,0.0,12.34,5.99,0.0,9.66,,,,insufficient_data,0.1676,0.315,B,major,0.7995,0.3712483200172827,0.3712483200172827,True,1,True,chr22:26525758:A:G,26525758.0,A,G,B,5.9608609865491405e-06,1.0,0.0,13.0,+,+,promotes_event,True,0.0,0.0,6.0,0.0,6.0,,,,binomial_intra_event
scotch_target,"T cells, CD4+",ENSG00000128294,TPST2,chr22,28,16,8,B,70.4,0.0703,0.051,-1,-1,TPST2_novelIsoform_129127208517307208960,TPST2_novelIsoform_129127208517307208960,TPST2_Other,exon:26525771-26526267,exon,26525771,26526267,496,2.07,10.28,4.93,10.72,3.53,0.0,8.83,10.47,0.0,5.17,,,,insufficient_data,0.1676,0.315,B,major,0.7995,0.3712483200172827,0.3712483200172827,True,1,True,chr22:26525758:A:G,26525758.0,A,G,B,5.9608609865491405e-06,1.0,13.0,13.0,+,+,promotes_event,True,0.0,0.0,3.0,3.0,6.0,,,,chi2_cross_event
scotch_target,"T cells, CD4+",ENSG00000128294,TPST2,chr22,28,16,8,B,70.4,0.0703,0.051,-1,-1,TPST2_novelIsoform_129127208517307208960,TPST2_novelIsoform_129127208517307208960,TPST2_Other,exon:26528213-26528262,exon,26528213,26528262,49,2.07,10.28,4.93,10.72,3.52,0.01,8.83,7.48,1.99,6.17,0.859,0.3540251179344738,0.3540251179344738,chi2_hap_event,0.1676,0.315,B,major,0.7995,0.3712483200172827,0.3712483200172827,False,0,False,,,,,,,,,,,,,False,,,,,,,,,
scotch_target,"T cells, CD4+",ENSG00000128294,TPST2,chr22,28,16,8,B,70.4,0.0703,0.051,-1,-1,TPST2_novelIsoform_129127208517307208960,TPST2_novelIsoform_129127208517307208960,TPST2_Other,exon:26532694-26532745,exon,26532694,26532745,51,2.07,10.28,4.93,10.72,3.52,0.0,8.83,9.48,0.0,6.17,,,,insufficient_data,0.1676,0.315,B,major,0.7995,0.3712483200172827,0.3712483200172827,False,0,False,,,,,,,,,,,,,False,,,,,,,,,
scotch_target,"T cells, CD4+",ENSG00000128294,TPST2,chr22,28,16,8,B,70.4,0.0703,0.051,-1,-1,TPST2_novelIsoform_129127208517307208960,TPST2_novelIsoform_129127208517307208960,TPST2_Other,exon:26536287-26536486,exon,26536287,26536486,199,2.07,10.28,4.93,10.72,3.52,0.0,8.83,9.48,0.0,6.17,,,,insufficient_data,0.1676,0.315,B,major,0.7995,0.3712483200172827,0.3712483200172827,False,0,False,,,,,,,,,,,,,False,,,,,,,,,
scotch_target,"T cells, CD4+",ENSG00000128294,TPST2,chr22,28,16,8,B,70.4,0.0703,0.051,-1,-1,TPST2_novelIsoform_129127208517307208960,TPST2_novelIsoform_129127208517307208960,TPST2_Other,exon:26540788-26540871,exon,26540788,26540871,83,2.07,10.28,4.93,10.72,2.99,0.0,9.37,8.01,0.0,7.63,,,,insufficient_data,0.1676,0.315,B,major,0.7995,0.3712483200172827,0.3712483200172827,True,1,True,chr22:26540799:G:A,26540799.0,G,A,A,0.9999940391390134,1.0,0.0,11.0,-,-,reduces_event,True,8.0,0.0,3.0,0.0,11.0,,0.2265625,0.453125,binomial_intra_event
scotch_target,"T cells, CD4+",ENSG00000128294,TPST2,chr22,28,16,8,B,70.4,0.0703,0.051,-1,-1,TPST2_novelIsoform_129127208517307208960,TPST2_novelIsoform_129127208517307208960,TPST2_Other,exon:26540871-26541205,exon,26540871,26541205,334,2.07,10.28,4.93,10.72,2.99,0.0,9.37,8.01,0.0,7.63,,,,insufficient_data,0.1676,0.315,B,major,0.7995,0.3712483200172827,0.3712483200172827,False,0,False,,,,,,,,,,,,,False,,,,,,,,,
scotch_target,"T cells, CD4+",ENSG00000128294,TPST2,chr22,28,16,8,B,70.4,0.0703,0.051,-1,-1,TPST2_novelIsoform_129127208517307208960,TPST2_novelIsoform_129127208517307208960,TPST2_Other,exon:26541205-26541270,exon,26541205,26541270,65,2.07,10.28,4.93,10.72,2.99,0.0,9.37,7.01,0.0,8.63,,,,insufficient_data,0.1676,0.315,B,major,0.7995,0.3712483200172827,0.3712483200172827,False,0,False,,,,,,,,,,,,,False,,,,,,,,,
scotch_target,"T cells, CD4+",ENSG00000128294,TPST2,chr22,28,16,8,B,70.4,0.0703,0.051,-1,-1,TPST2_novelIsoform_129127208517307208960,TPST2_novelIsoform_129127208517307208960,TPST2_Other,exon:26541270-26541438,exon,26541270,26541438,168,2.07,10.28,4.93,10.72,2.99,0.0,9.37,6.01,0.0,9.63,,,,insufficient_data,0.1676,0.315,B,major,0.7995,0.3712483200172827,0.3712483200172827,False,0,False,,,,,,,,,,,,,False,,,,,,,,,
scotch_target,"T cells, CD4+",ENSG00000128294,TPST2,chr22,28,16,8,B,70.4,0.0703,0.051,-1,-1,TPST2_novelIsoform_129127208517307208960,TPST2_novelIsoform_129127208517307208960,TPST2_Other,exon:26541438-26541484,exon,26541438,26541484,46,2.07,10.28,4.93,10.72,2.99,0.0,9.37,6.01,0.0,9.63,,,,insufficient_data,0.1676,0.315,B,major,0.7995,0.3712483200172827,0.3712483200172827,False,0,False,,,,,,,,,,,,,False,,,,,,,,,
scotch_target,"T cells, CD4+",ENSG00000128294,TPST2,chr22,28,16,8,B,70.4,0.0703,0.051,-1,-1,TPST2_novelIsoform_129127208517307208960,TPST2_novelIsoform_129127208517307208960,TPST2_Other,exon:26541484-26541489,exon,26541484,26541489,5,2.07,10.28,4.93,10.72,2.99,0.0,9.37,6.01,0.0,9.63,,,,insufficient_data,0.1676,0.315,B,major,0.7995,0.3712483200172827,0.3712483200172827,False,0,False,,,,,,,,,,,,,False,,,,,,,,,
scotch_target,"T cells, CD4+",ENSG00000128294,TPST2,chr22,28,16,8,B,70.4,0.0703,0.051,-1,-1,TPST2_novelIsoform_129127208517307208960,TPST2_novelIsoform_129127208517307208960,TPST2_Other,exon:26541489-26541718,exon,26541489,26541718,229,2.07,10.28,4.93,10.72,2.99,0.0,9.37,6.01,0.0,9.63,,,,insufficient_data,0.1676,0.315,B,major,0.7995,0.3712483200172827,0.3712483200172827,False,0,False,,,,,,,,,,,,,False,,,,,,,,,
scotch_target,"T cells, CD4+",ENSG00000128294,TPST2,chr22,28,16,8,B,70.4,0.0703,0.051,-1,-1,TPST2_novelIsoform_129127208517307208960,TPST2_novelIsoform_129127208517307208960,TPST2_Other,exon:26544603-26544675,exon,26544603,26544675,72,2.07,10.28,4.93,10.72,2.98,0.01,9.37,4.02,1.99,9.63,,,,insufficient_data,0.1676,0.315,B,major,0.7995,0.3712483200172827,0.3712483200172827,False,0,False,,,,,,,,,,,,,False,,,,,,,,,
scotch_target,"T cells, CD4+",ENSG00000128294,TPST2,chr22,28,16,8,B,70.4,0.0703,0.051,-1,-1,TPST2_novelIsoform_129127208517307208960,TPST2_novelIsoform_129127208517307208960,TPST2_Other,junction:26526267-26528213,junction,26526267,26528213,1946,2.07,10.28,4.93,10.72,0.0,0.0,12.35,0.0,0.0,15.65,,,,insufficient_data,0.1676,0.315,B,major,0.7995,0.3712483200172827,0.3712483200172827,False,0,False,,,,,,,,,,,,,False,,,,,,,,,
scotch_target,"T cells, CD4+",ENSG00000128294,TPST2,chr22,28,16,8,B,70.4,0.0703,0.051,-1,-1,TPST2_novelIsoform_129127208517307208960,TPST2_novelIsoform_129127208517307208960,TPST2_Other,junction:26528262-26532694,junction,26528262,26532694,4432,2.07,10.28,4.93,10.72,0.0,0.0,12.35,0.0,0.0,15.65,,,,insufficient_data,0.1676,0.315,B,major,0.7995,0.3712483200172827,0.3712483200172827,False,0,False,,,,,,,,,,,,,False,,,,,,,,,
scotch_target,"T cells, CD4+",ENSG00000128294,TPST2,chr22,28,16,8,B,70.4,0.0703,0.051,-1,-1,TPST2_novelIsoform_129127208517307208960,TPST2_novelIsoform_129127208517307208960,TPST2_Other,junction:26532745-26536287,junction,26532745,26536287,3542,2.07,10.28,4.93,10.72,0.0,0.0,12.35,1.0,0.0,14.65,,,,insufficient_data,0.1676,0.315,B,major,0.7995,0.3712483200172827,0.3712483200172827,True,1,True,chr22:26535908:G:A,26535908.0,G,A,A,0.9999940391390134,1.0,0.0,379.0,-,-,reduces_event,True,0.0,0.0,0.0,0.0,0.0,,,,chi2_cross_event
scotch_target,"T cells, CD4+",ENSG00000128294,TPST2,chr22,28,16,8,B,70.4,0.0703,0.051,-1,-1,TPST2_novelIsoform_129127208517307208960,TPST2_novelIsoform_129127208517307208960,TPST2_Other,junction:26536486-26540788,junction,26536486,26540788,4302,2.07,10.28,4.93,10.72,0.0,0.0,12.35,0.0,0.0,15.65,,,,insufficient_data,0.1676,0.315,B,major,0.7995,0.3712483200172827,0.3712483200172827,True,2,True,chr22:26540595:G:A,26540595.0,G,A,A,0.9999940391390134,1.0,0.0,193.0,-,-,reduces_event,True,0.0,0.0,0.0,0.0,0.0,,,,chi2_cross_event
scotch_target,"T cells, CD4+",ENSG00000128294,TPST2,chr22,28,16,8,B,70.4,0.0703,0.051,-1,-1,TPST2_novelIsoform_129127208517307208960,TPST2_novelIsoform_129127208517307208960,TPST2_Other,junction:26536486-26540788,junction,26536486,26540788,4302,2.07,10.28,4.93,10.72,0.0,0.0,12.35,0.0,0.0,15.65,,,,insufficient_data,0.1676,0.315,B,major,0.7995,0.3712483200172827,0.3712483200172827,True,2,False,chr22:26540799:G:A,26540799.0,G,A,A,0.9999940391390134,1.0,11.0,11.0,-,-,reduces_event,True,2.0,6.0,1.0,2.0,11.0,0.0764,0.7822520698874639,0.7822520698874639,chi2_cross_event
scotch_target,"T cells, CD4+",ENSG00000128294,TPST2,chr22,28,16,8,B,70.4,0.0703,0.051,-1,-1,TPST2_novelIsoform_129127208517307208960,TPST2_novelIsoform_129127208517307208960,TPST2_Other,junction:26541718-26544603,junction,26541718,26544603,2885,2.07,10.28,4.93,10.72,2.98,0.0,9.37,3.02,0.0,12.63,,,,insufficient_data,0.1676,0.315,B,major,0.7995,0.3712483200172827,0.3712483200172827,False,0,False,,,,,,,,,,,,,False,,,,,,,,,
scotch_target,"T cells, CD4+",ENSG00000184983,NDUFA6,chr22,158,35,5,A,70.4,0.0472,0.0134,-1,-1,NDUFA6_ENST00000498737,NDUFA6_ENST00000498737,NDUFA6_ENST00000498737,exon:42085526-42086115,exon,42085526,42086115,589,62.67,14.73,66.33,14.28,21.02,0.0,56.38,18.98,0.0,61.62,,,,insufficient_data,0.8097,0.8229,B,minor,0.0456,0.8308541261023488,0.9058705537976892,True,1,True,chr22:42085844:G:A,42085844.0,G,A,A,0.9999940391390134,1.0,0.0,271.0,+,-,reduces_event,True,12.0,0.0,15.0,0.0,27.0,,0.7011080384254456,0.7011080384254456,binomial_intra_event
scotch_target,"T cells, CD4+",ENSG00000184983,NDUFA6,chr22,158,35,5,A,70.4,0.0472,0.0134,-1,-1,NDUFA6_ENST00000498737,NDUFA6_ENST00000498737,NDUFA6_ENST00000498737,exon:42086115-42086314,exon,42086115,42086314,199,65.95,11.45,70.05,10.55,69.63,0.47,7.3,74.37,0.53,5.7,0.001,0.9752751392366611,0.9752751392366611,chi2_hap_event,0.8521,0.8691,B,minor,0.0956,0.7572192471648517,0.9058705537976892,False,0,False,,,,,,,,,,,,,False,,,,,,,,,
scotch_target,"T cells, CD4+",ENSG00000184983,NDUFA6,chr22,158,35,5,A,70.4,0.0472,0.0134,-1,-1,NDUFA6_ENST00000498737,NDUFA6_ENST00000498737,NDUFA6_ENST00000498737,exon:42087059-42087175,exon,42087059,42087175,116,65.95,11.45,70.05,10.55,67.2,1.87,8.32,69.8,2.13,8.68,0.0079,0.9292373901203128,0.9752751392366611,chi2_hap_event,0.8521,0.8691,B,minor,0.0956,0.7572192471648517,0.9058705537976892,False,0,False,,,,,,,,,,,,,False,,,,,,,,,
scotch_target,"T cells, CD4+",ENSG00000184983,NDUFA6,chr22,158,35,5,A,70.4,0.0472,0.0134,-1,-1,NDUFA6_ENST00000498737,NDUFA6_ENST00000498737,NDUFA6_ENST00000498737,exon:42087175-42087335,exon,42087175,42087335,160,3.28,74.12,3.72,76.88,1.85,5.67,69.88,1.15,5.33,74.12,0.0971,0.7553120066387451,0.9752751392366611,chi2_hap_event,0.0424,0.0462,B,minor,0.014,0.9058705537976892,0.9058705537976892,False,0,False,,,,,,,,,,,,,False,,,,,,,,,
scotch_target,"T cells, CD4+",ENSG00000184983,NDUFA6,chr22,158,35,5,A,70.4,0.0472,0.0134,-1,-1,NDUFA6_ENST00000498737,NDUFA6_ENST00000498737,NDUFA6_ENST00000498737,exon:42090605-42090772,exon,42090605,42090772,167,62.67,14.73,66.33,14.28,66.83,0.0,10.57,71.17,0.0,9.43,,,,insufficient_data,0.8097,0.8229,B,minor,0.0456,0.8308541261023488,0.9058705537976892,False,0,False,,,,,,,,,,,,,False,,,,,,,,,
scotch_target,"T cells, CD4+",ENSG00000184983,NDUFA6,chr22,158,35,5,A,70.4,0.0472,0.0134,-1,-1,NDUFA6_ENST00000498737,NDUFA6_ENST00000498737,NDUFA6_ENST00000498737,junction:42086314-42087059,junction,42086314,42087059,745,65.95,11.45,70.05,10.55,0.94,0.0,76.46,1.06,0.0,79.54,,,,insufficient_data,0.8521,0.8691,B,minor,0.0956,0.7572192471648517,0.9058705537976892,False,0,False,,,,,,,,,,,,,False,,,,,,,,,
scotch_target,"T cells, CD4+",ENSG00000184983,NDUFA6,chr22,158,35,5,A,70.4,0.0472,0.0134,-1,-1,NDUFA6_ENST00000498737,NDUFA6_ENST00000498737,NDUFA6_ENST00000498737,junction:42087175-42090605,junction,42087175,42090605,3430,62.67,14.73,66.33,14.28,0.0,0.0,77.4,0.0,0.0,80.6,,,,insufficient_data,0.8097,0.8229,B,minor,0.0456,0.8308541261023488,0.9058705537976892,True,4,True,chr22:42087736:C:G,42087736.0,C,G,A,0.9999940391390134,1.0,0.0,561.0,+,-,reduces_event,True,0.0,1.0,0.0,2.0,3.0,,,,chi2_cross_event
scotch_target,"T cells, CD4+",ENSG00000184983,NDUFA6,chr22,158,35,5,A,70.4,0.0472,0.0134,-1,-1,NDUFA6_ENST00000498737,NDUFA6_ENST00000498737,NDUFA6_ENST00000498737,junction:42087175-42090605,junction,42087175,42090605,3430,62.67,14.73,66.33,14.28,0.0,0.0,77.4,0.0,0.0,80.6,,,,insufficient_data,0.8097,0.8229,B,minor,0.0456,0.8308541261023488,0.9058705537976892,True,4,False,chr22:42089287:T:C,42089287.0,T,C,B,5.9608609865491405e-06,1.0,0.0,1318.0,-,+,promotes_event,True,0.0,3.0,0.0,2.0,5.0,,,,chi2_cross_event
scotch_target,"T cells, CD4+",ENSG00000184983,NDUFA6,chr22,158,35,5,A,70.4,0.0472,0.0134,-1,-1,NDUFA6_ENST00000498737,NDUFA6_ENST00000498737,NDUFA6_ENST00000498737,junction:42087175-42090605,junction,42087175,42090605,3430,62.67,14.73,66.33,14.28,0.0,0.0,77.4,0.0,0.0,80.6,,,,insufficient_data,0.8097,0.8229,B,minor,0.0456,0.8308541261023488,0.9058705537976892,True,4,False,chr22:42089666:T:C,42089666.0,T,C,B,5.9608609865491405e-06,1.0,0.0,939.0,-,+,promotes_event,True,0.0,2.0,0.0,2.0,4.0,,,,chi2_cross_event
scotch_target,"T cells, CD4+",ENSG00000184983,NDUFA6,chr22,158,35,5,A,70.4,0.0472,0.0134,-1,-1,NDUFA6_ENST00000498737,NDUFA6_ENST00000498737,NDUFA6_ENST00000498737,junction:42087175-42090605,junction,42087175,42090605,3430,62.67,14.73,66.33,14.28,0.0,0.0,77.4,0.0,0.0,80.6,,,,insufficient_data,0.8097,0.8229,B,minor,0.0456,0.8308541261023488,0.9058705537976892,True,4,False,chr22:42090033:T:A,42090033.0,T,A,B,5.9608609865491405e-06,1.0,0.0,572.0,-,+,promotes_event,True,0.0,2.0,0.0,2.0,4.0,,,,chi2_cross_event
scotch_target,"T cells, CD4+",ENSG00000185651,UBE2L3,chr22,289,33,7,A,70.4,0.0901,0.1094,-1,0,UBE2L3_Other,UBE2L3_Other,UBE2L3_Other,exon:21567546-21567729,exon,21567546,21567729,183,26.78,103.45,35.22,123.55,0.43,1.3,128.5,0.57,1.7,156.5,,,,insufficient_data,0.2056,0.2218,B,minor,0.1107,0.7393932809420848,0.8872719371305017,False,0,False,,,,,,,,,,,,,False,,,,,,,,,
scotch_target,"T cells, CD4+",ENSG00000185651,UBE2L3,chr22,289,33,7,A,70.4,0.0901,0.1094,-1,0,UBE2L3_Other,UBE2L3_Other,UBE2L3_Other,exon:21567729-21567771,exon,21567729,21567771,42,26.78,103.45,35.22,123.55,83.38,1.3,45.56,109.62,1.7,47.44,0.0,0.9999999999999963,0.9999999999999998,chi2_hap_event,0.2056,0.2218,B,minor,0.1107,0.7393932809420848,0.8872719371305017,False,0,False,,,,,,,,,,,,,False,,,,,,,,,
scotch_target,"T cells, CD4+",ENSG00000185651,UBE2L3,chr22,289,33,7,A,70.4,0.0901,0.1094,-1,0,UBE2L3_Other,UBE2L3_Other,UBE2L3_Other,exon:21592860-21592956,exon,21592860,21592956,96,31.97,98.26,42.03,116.74,85.54,1.3,43.4,112.46,1.7,44.6,0.0,0.9999999999999958,0.9999999999999998,chi2_hap_event,0.2455,0.2647,B,minor,0.1395,0.7088277594116571,0.8872719371305017,False,0,False,,,,,,,,,,,,,False,,,,,,,,,
scotch_target,"T cells, CD4+",ENSG00000185651,UBE2L3,chr22,289,33,7,A,70.4,0.0901,0.1094,-1,0,UBE2L3_Other,UBE2L3_Other,UBE2L3_Other,exon:21610856-21611043,exon,21610856,21611043,187,31.97,98.26,42.03,116.74,88.56,1.73,39.94,116.44,2.27,40.06,0.0,0.999999999999996,0.9999999999999998,chi2_hap_event,0.2455,0.2647,B,minor,0.1395,0.7088277594116571,0.8872719371305017,True,1,True,chr22:21611047:G:A,21611047.0,G,A,B,5.9608609865491405e-06,1.0,0.0,4.0,-,-,promotes_event,True,0.0,0.0,0.0,0.0,0.0,,,,chi2_cross_event
scotch_target,"T cells, CD4+",ENSG00000185651,UBE2L3,chr22,289,33,7,A,70.4,0.0901,0.1094,-1,0,UBE2L3_Other,UBE2L3_Other,UBE2L3_Other,exon:21621514-21621870,exon,21621514,21621870,356,31.97,98.26,42.03,116.74,85.1,0.43,44.7,111.9,0.57,46.3,0.0,0.9999999999999974,0.9999999999999998,chi2_hap_event,0.2455,0.2647,B,minor,0.1395,0.7088277594116571,0.8872719371305017,False,0,False,,,,,,,,,,,,,False,,,,,,,,,
scotch_target,"T cells, CD4+",ENSG00000185651,UBE2L3,chr22,289,33,7,A,70.4,0.0901,0.1094,-1,0,UBE2L3_Other,UBE2L3_Other,UBE2L3_Other,exon:21621870-21622939,exon,21621870,21622939,1069,31.97,98.26,42.03,116.74,18.14,0.43,111.66,23.86,0.57,134.34,0.0,0.9999999999999998,0.9999999999999998,chi2_hap_event,0.2455,0.2647,B,minor,0.1395,0.7088277594116571,0.8872719371305017,False,0,False,,,,,,,,,,,,,False,,,,,,,,,
scotch_target,"T cells, CD4+",ENSG00000185651,UBE2L3,chr22,289,33,7,A,70.4,0.0901,0.1094,-1,0,UBE2L3_Other,UBE2L3_Other,UBE2L3_Other,exon:21622939-21624034,exon,21622939,21624034,1095,31.97,98.26,42.03,116.74,0.86,0.43,128.94,1.14,0.57,157.06,,,,insufficient_data,0.2455,0.2647,B,minor,0.1395,0.7088277594116571,0.8872719371305017,False,0,False,,,,,,,,,,,,,False,,,,,,,,,
scotch_target,"T cells, CD4+",ENSG00000185651,UBE2L3,chr22,289,33,7,A,70.4,0.0901,0.1094,-1,0,UBE2L3_Other,UBE2L3_Other,UBE2L3_Other,junction:21567771-21592860,junction,21567771,21592860,25089,26.78,103.45,35.22,123.55,0.0,0.0,130.23,0.0,0.0,158.77,,,,insufficient_data,0.2056,0.2218,B,minor,0.1107,0.7393932809420848,0.8872719371305017,True,5,False,chr22:21582688:T:C,21582688.0,T,C,A,0.8902501675920234,0.5,0.0,10172.0,+,+,reduces_event,True,0.0,1.0,0.0,1.0,2.0,,,,chi2_cross_event
scotch_target,"T cells, CD4+",ENSG00000185651,UBE2L3,chr22,289,33,7,A,70.4,0.0901,0.1094,-1,0,UBE2L3_Other,UBE2L3_Other,UBE2L3_Other,junction:21567771-21592860,junction,21567771,21592860,25089,26.78,103.45,35.22,123.55,0.0,0.0,130.23,0.0,0.0,158.77,,,,insufficient_data,0.2056,0.2218,B,minor,0.1107,0.7393932809420848,0.8872719371305017,True,5,False,chr22:21582715:A:G,21582715.0,A,G,A,0.9999940391390134,1.0,0.0,10145.0,+,+,reduces_event,True,0.0,2.0,0.0,1.0,3.0,,,,chi2_cross_event
scotch_target,"T cells, CD4+",ENSG00000185651,UBE2L3,chr22,289,33,7,A,70.4,0.0901,0.1094,-1,0,UBE2L3_Other,UBE2L3_Other,UBE2L3_Other,junction:21567771-21592860,junction,21567771,21592860,25089,26.78,103.45,35.22,123.55,0.0,0.0,130.23,0.0,0.0,158.77,,,,insufficient_data,0.2056,0.2218,B,minor,0.1107,0.7393932809420848,0.8872719371305017,True,5,False,chr22:21582769:T:C,21582769.0,T,C,A,0.9905167466210992,0.92,0.0,10091.0,+,+,reduces_event,True,0.0,2.0,0.0,1.0,3.0,,,,chi2_cross_event
scotch_target,"T cells, CD4+",ENSG00000185651,UBE2L3,chr22,289,33,7,A,70.4,0.0901,0.1094,-1,0,UBE2L3_Other,UBE2L3_Other,UBE2L3_Other,junction:21567771-21592860,junction,21567771,21592860,25089,26.78,103.45,35.22,123.55,0.0,0.0,130.23,0.0,0.0,158.77,,,,insufficient_data,0.2056,0.2218,B,minor,0.1107,0.7393932809420848,0.8872719371305017,True,5,False,chr22:21587322:C:T,21587322.0,C,T,B,5.9608609865491405e-06,1.0,0.0,5538.0,-,-,promotes_event,True,0.0,3.0,0.0,3.0,6.0,,,,chi2_cross_event
scotch_target,"T cells, CD4+",ENSG00000185651,UBE2L3,chr22,289,33,7,A,70.4,0.0901,0.1094,-1,0,UBE2L3_Other,UBE2L3_Other,UBE2L3_Other,junction:21567771-21592860,junction,21567771,21592860,25089,26.78,103.45,35.22,123.55,0.0,0.0,130.23,0.0,0.0,158.77,,,,insufficient_data,0.2056,0.2218,B,minor,0.1107,0.7393932809420848,0.8872719371305017,True,5,True,chr22:21587474:C:G,21587474.0,C,G,B,5.9608609865491405e-06,1.0,0.0,5386.0,-,-,promotes_event,True,0.0,4.0,0.0,2.0,6.0,,,,chi2_cross_event
scotch_target,"T cells, CD4+",ENSG00000185651,UBE2L3,chr22,289,33,7,A,70.4,0.0901,0.1094,-1,0,UBE2L3_Other,UBE2L3_Other,UBE2L3_Other,junction:21592956-21610856,junction,21592956,21610856,17900,31.97,98.26,42.03,116.74,0.0,0.0,130.23,0.0,0.0,158.77,,,,insufficient_data,0.2455,0.2647,B,minor,0.1395,0.7088277594116571,0.8872719371305017,False,0,False,,,,,,,,,,,,,False,,,,,,,,,
scotch_target,"T cells, CD4+",ENSG00000185651,UBE2L3,chr22,289,33,7,A,70.4,0.0901,0.1094,-1,0,UBE2L3_Other,UBE2L3_Other,UBE2L3_Other,junction:21611043-21621514,junction,21611043,21621514,10471,31.97,98.26,42.03,116.74,0.43,0.86,128.94,0.57,1.14,157.06,,,,insufficient_data,0.2455,0.2647,B,minor,0.1395,0.7088277594116571,0.8872719371305017,True,2,True,chr22:21611047:G:A,21611047.0,G,A,B,5.9608609865491405e-06,1.0,0.0,4.0,-,-,promotes_event,True,0.0,0.0,0.0,0.0,0.0,,,,chi2_cross_event
scotch_target,"T cells, CD4+",ENSG00000185651,UBE2L3,chr22,289,33,7,A,70.4,0.0901,0.1094,-1,0,UBE2L3_Other,UBE2L3_Other,UBE2L3_Other,junction:21611043-21621514,junction,21611043,21621514,10471,31.97,98.26,42.03,116.74,0.43,0.86,128.94,0.57,1.14,157.06,,,,insufficient_data,0.2455,0.2647,B,minor,0.1395,0.7088277594116571,0.8872719371305017,True,2,False,chr22:21613105:C:T,21613105.0,C,T,B,5.9608609865491405e-06,1.0,0.0,2062.0,-,-,promotes_event,True,0.0,10.0,0.0,2.0,12.0,,,,chi2_cross_event
scotch_target,"T cells, CD4+",ENSG00000185651,UBE2L3,chr22,289,33,7,A,70.4,0.0901,0.1094,-1,0,UBE2L3_Other,UBE2L3_Other,UBE2L3_Other,exon:21549446-21549650,exon,21549446,21549650,204,5.18,125.05,6.82,151.95,0.43,0.86,128.94,0.57,1.14,157.06,,,,insufficient_data,0.0398,0.043,B,minor,0.0176,0.8946012515460061,0.8946012515460061,False,0,False,,,,,,,,,,,,,False,,,,,,,,,
scotch_target,"T cells, CD4+",ENSG00000185651,UBE2L3,chr22,289,33,7,A,70.4,0.0901,0.1094,-1,0,UBE2L3_Other,UBE2L3_Other,UBE2L3_Other,junction:21549650-21592860,junction,21549650,21592860,43210,5.18,125.05,6.82,151.95,0.0,0.0,130.23,0.0,0.0,158.77,,,,insufficient_data,0.0398,0.043,B,minor,0.0176,0.8946012515460061,0.8946012515460061,True,5,False,chr22:21582688:T:C,21582688.0,T,C,A,0.8902501675920234,0.5,0.0,10172.0,+,+,reduces_event,True,0.0,1.0,0.0,1.0,2.0,,,,chi2_cross_event
scotch_target,"T cells, CD4+",ENSG00000185651,UBE2L3,chr22,289,33,7,A,70.4,0.0901,0.1094,-1,0,UBE2L3_Other,UBE2L3_Other,UBE2L3_Other,junction:21549650-21592860,junction,21549650,21592860,43210,5.18,125.05,6.82,151.95,0.0,0.0,130.23,0.0,0.0,158.77,,,,insufficient_data,0.0398,0.043,B,minor,0.0176,0.8946012515460061,0.8946012515460061,True,5,False,chr22:21582715:A:G,21582715.0,A,G,A,0.9999940391390134,1.0,0.0,10145.0,+,+,reduces_event,True,0.0,2.0,0.0,1.0,3.0,,,,chi2_cross_event
scotch_target,"T cells, CD4+",ENSG00000185651,UBE2L3,chr22,289,33,7,A,70.4,0.0901,0.1094,-1,0,UBE2L3_Other,UBE2L3_Other,UBE2L3_Other,junction:21549650-21592860,junction,21549650,21592860,43210,5.18,125.05,6.82,151.95,0.0,0.0,130.23,0.0,0.0,158.77,,,,insufficient_data,0.0398,0.043,B,minor,0.0176,0.8946012515460061,0.8946012515460061,True,5,False,chr22:21582769:T:C,21582769.0,T,C,A,0.9905167466210992,0.92,0.0,10091.0,+,+,reduces_event,True,0.0,2.0,0.0,1.0,3.0,,,,chi2_cross_event
scotch_target,"T cells, CD4+",ENSG00000185651,UBE2L3,chr22,289,33,7,A,70.4,0.0901,0.1094,-1,0,UBE2L3_Other,UBE2L3_Other,UBE2L3_Other,junction:21549650-21592860,junction,21549650,21592860,43210,5.18,125.05,6.82,151.95,0.0,0.0,130.23,0.0,0.0,158.77,,,,insufficient_data,0.0398,0.043,B,minor,0.0176,0.8946012515460061,0.8946012515460061,True,5,False,chr22:21587322:C:T,21587322.0,C,T,B,5.9608609865491405e-06,1.0,0.0,5538.0,-,-,promotes_event,True,0.0,3.0,0.0,3.0,6.0,,,,chi2_cross_event
scotch_target,"T cells, CD4+",ENSG00000185651,UBE2L3,chr22,289,33,7,A,70.4,0.0901,0.1094,-1,0,UBE2L3_Other,UBE2L3_Other,UBE2L3_Other,junction:21549650-21592860,junction,21549650,21592860,43210,5.18,125.05,6.82,151.95,0.0,0.0,130.23,0.0,0.0,158.77,,,,insufficient_data,0.0398,0.043,B,minor,0.0176,0.8946012515460061,0.8946012515460061,True,5,True,chr22:21587474:C:G,21587474.0,C,G,B,5.9608609865491405e-06,1.0,0.0,5386.0,-,-,promotes_event,True,0.0,4.0,0.0,2.0,6.0,,,,chi2_cross_event
scotch_target,"T cells, CD4+",ENSG00000198089,SFI1,chr22,242,79,10,A,70.4,0.0027,0.0516,-1,0,SFI1_Other,SFI1_Other,SFI1_Other,exon:31496537-31496557,exon,31496537,31496557,20,1.86,113.29,2.14,124.71,7.06,0.0,108.09,8.94,0.0,117.91,,,,insufficient_data,0.0162,0.0169,B,minor,0.0019,0.9651281479468805,0.9698609064083856,False,0,False,,,,,,,,,,,,,False,,,,,,,,,
scotch_target,"T cells, CD4+",ENSG00000198089,SFI1,chr22,242,79,10,A,70.4,0.0027,0.0516,-1,0,SFI1_Other,SFI1_Other,SFI1_Other,exon:31496557-31496582,exon,31496557,31496582,25,1.86,113.29,2.14,124.71,8.45,0.0,106.7,10.55,0.0,116.3,,,,insufficient_data,0.0162,0.0169,B,minor,0.0019,0.9651281479468805,0.9698609064083856,False,0,False,,,,,,,,,,,,,False,,,,,,,,,
scotch_target,"T cells, CD4+",ENSG00000198089,SFI1,chr22,242,79,10,A,70.4,0.0027,0.0516,-1,0,SFI1_Other,SFI1_Other,SFI1_Other,exon:31496582-31496637,exon,31496582,31496637,55,2.79,112.36,3.21,123.64,8.45,0.0,106.7,10.55,0.0,116.3,,,,insufficient_data,0.0242,0.0253,B,minor,0.0029,0.957117291389074,0.9698609064083856,False,0,False,,,,,,,,,,,,,False,,,,,,,,,
scotch_target,"T cells, CD4+",ENSG00000198089,SFI1,chr22,242,79,10,A,70.4,0.0027,0.0516,-1,0,SFI1_Other,SFI1_Other,SFI1_Other,exon:31508258-31508284,exon,31508258,31508284,26,2.79,112.36,3.21,123.64,8.45,0.0,106.7,10.55,0.0,116.3,,,,insufficient_data,0.0242,0.0253,B,minor,0.0029,0.957117291389074,0.9698609064083856,False,0,False,,,,,,,,,,,,,False,,,,,,,,,
scotch_target,"T cells, CD4+",ENSG00000198089,SFI1,chr22,242,79,10,A,70.4,0.0027,0.0516,-1,0,SFI1_Other,SFI1_Other,SFI1_Other,exon:31508284-31508376,exon,31508284,31508376,92,2.79,112.36,3.21,123.64,8.45,0.0,106.7,10.55,0.0,116.3,,,,insufficient_data,0.0242,0.0253,B,minor,0.0029,0.957117291389074,0.9698609064083856,False,0,False,,,,,,,,,,,,,False,,,,,,,,,
scotch_target,"T cells, CD4+",ENSG00000198089,SFI1,chr22,242,79,10,A,70.4,0.0027,0.0516,-1,0,SFI1_Other,SFI1_Other,SFI1_Other,exon:31528689-31528740,exon,31528689,31528740,51,2.33,112.82,2.68,124.18,7.52,1.4,106.23,9.48,1.6,115.77,0.0052,0.9423003880399305,0.9830474070668946,chi2_hap_event,0.0202,0.0211,B,minor,0.0024,0.9609330939225476,0.9698609064083856,False,0,False,,,,,,,,,,,,,False,,,,,,,,,
scotch_target,"T cells, CD4+",ENSG00000198089,SFI1,chr22,242,79,10,A,70.4,0.0027,0.0516,-1,0,SFI1_Other,SFI1_Other,SFI1_Other,exon:31528744-31528819,exon,31528744,31528819,75,2.79,112.36,3.21,123.64,7.52,1.4,106.23,9.48,1.6,115.77,0.0052,0.9423003880399305,0.9830474070668946,chi2_hap_event,0.0242,0.0253,B,minor,0.0029,0.957117291389074,0.9698609064083856,False,0,False,,,,,,,,,,,,,False,,,,,,,,,
scotch_target,"T cells, CD4+",ENSG00000198089,SFI1,chr22,242,79,10,A,70.4,0.0027,0.0516,-1,0,SFI1_Other,SFI1_Other,SFI1_Other,exon:31528819-31528835,exon,31528819,31528835,16,2.79,112.36,3.21,123.64,7.52,1.4,106.23,9.48,1.6,115.77,0.0052,0.9423003880399305,0.9830474070668946,chi2_hap_event,0.0242,0.0253,B,minor,0.0029,0.957117291389074,0.9698609064083856,False,0,False,,,,,,,,,,,,,False,,,,,,,,,
scotch_target,"T cells, CD4+",ENSG00000198089,SFI1,chr22,242,79,10,A,70.4,0.0027,0.0516,-1,0,SFI1_Other,SFI1_Other,SFI1_Other,exon:31528835-31528863,exon,31528835,31528863,28,2.79,112.36,3.21,123.64,7.52,1.4,106.23,9.48,1.6,115.77,0.0052,0.9423003880399305,0.9830474070668946,chi2_hap_event,0.0242,0.0253,B,minor,0.0029,0.957117291389074,0.9698609064083856,False,0,False,,,,,,,,,,,,,False,,,,,,,,,
scotch_target,"T cells, CD4+",ENSG00000198089,SFI1,chr22,242,79,10,A,70.4,0.0027,0.0516,-1,0,SFI1_Other,SFI1_Other,SFI1_Other,exon:31531057-31531105,exon,31531057,31531105,48,1.86,113.29,2.14,124.71,9.27,4.73,101.14,12.73,6.27,107.86,0.0022,0.9624582813319885,0.9830474070668946,chi2_hap_event,0.0162,0.0169,B,minor,0.0019,0.9651281479468805,0.9698609064083856,False,0,False,,,,,,,,,,,,,False,,,,,,,,,
scotch_target,"T cells, CD4+",ENSG00000198089,SFI1,chr22,242,79,10,A,70.4,0.0027,0.0516,-1,0,SFI1_Other,SFI1_Other,SFI1_Other,exon:31531105-31531129,exon,31531105,31531129,24,1.86,113.29,2.14,124.71,9.27,4.73,101.14,12.73,6.27,107.86,0.0022,0.9624582813319885,0.9830474070668946,chi2_hap_event,0.0162,0.0169,B,minor,0.0019,0.9651281479468805,0.9698609064083856,False,0,False,,,,,,,,,,,,,False,,,,,,,,,
scotch_target,"T cells, CD4+",ENSG00000198089,SFI1,chr22,242,79,10,A,70.4,0.0027,0.0516,-1,0,SFI1_Other,SFI1_Other,SFI1_Other,exon:31546860-31546971,exon,31546860,31546971,111,2.33,112.82,2.68,124.18,3.8,4.25,107.1,5.2,3.75,117.9,0.2025,0.6527100295463428,0.9830474070668946,chi2_hap_event,0.0202,0.0211,B,minor,0.0024,0.9609330939225476,0.9698609064083856,False,0,False,,,,,,,,,,,,,False,,,,,,,,,
scotch_target,"T cells, CD4+",ENSG00000198089,SFI1,chr22,242,79,10,A,70.4,0.0027,0.0516,-1,0,SFI1_Other,SFI1_Other,SFI1_Other,exon:31550253-31550348,exon,31550253,31550348,95,2.79,112.36,3.21,123.64,4.27,3.79,107.1,5.73,3.21,117.9,0.2163,0.6418652999749366,0.9830474070668946,chi2_hap_event,0.0242,0.0253,B,minor,0.0029,0.957117291389074,0.9698609064083856,False,0,False,,,,,,,,,,,,,False,,,,,,,,,
scotch_target,"T cells, CD4+",ENSG00000198089,SFI1,chr22,242,79,10,A,70.4,0.0027,0.0516,-1,0,SFI1_Other,SFI1_Other,SFI1_Other,exon:31556941-31557059,exon,31556941,31557059,118,2.79,112.36,3.21,123.64,4.33,3.32,107.5,4.67,2.68,119.5,0.0774,0.7809173478165412,0.9830474070668946,chi2_hap_event,0.0242,0.0253,B,minor,0.0029,0.957117291389074,0.9698609064083856,False,0,False,,,,,,,,,,,,,False,,,,,,,,,
scotch_target,"T cells, CD4+",ENSG00000198089,SFI1,chr22,242,79,10,A,70.4,0.0027,0.0516,-1,0,SFI1_Other,SFI1_Other,SFI1_Other,exon:31561289-31561333,exon,31561289,31561333,44,2.79,112.36,3.21,123.64,4.38,3.32,107.44,3.62,2.68,120.56,0.0005,0.9830474070668946,0.9830474070668946,chi2_hap_event,0.0242,0.0253,B,minor,0.0029,0.957117291389074,0.9698609064083856,False,0,False,,,,,,,,,,,,,False,,,,,,,,,
scotch_target,"T cells, CD4+",ENSG00000198089,SFI1,chr22,242,79,10,A,70.4,0.0027,0.0516,-1,0,SFI1_Other,SFI1_Other,SFI1_Other,exon:31561333-31561392,exon,31561333,31561392,59,2.33,112.82,2.68,124.18,4.38,3.32,107.44,4.62,2.68,119.56,0.0639,0.8003697094734359,0.9830474070668946,chi2_hap_event,0.0202,0.0211,B,minor,0.0024,0.9609330939225476,0.9698609064083856,False,0,False,,,,,,,,,,,,,False,,,,,,,,,
scotch_target,"T cells, CD4+",ENSG00000198089,SFI1,chr22,242,79,10,A,70.4,0.0027,0.0516,-1,0,SFI1_Other,SFI1_Other,SFI1_Other,exon:31573057-31573173,exon,31573057,31573173,116,2.79,112.36,3.21,123.64,4.38,2.39,108.37,4.62,1.61,120.63,0.1368,0.7114859035765083,0.9830474070668946,chi2_hap_event,0.0242,0.0253,B,minor,0.0029,0.957117291389074,0.9698609064083856,False,0,False,,,,,,,,,,,,,False,,,,,,,,,
scotch_target,"T cells, CD4+",ENSG00000198089,SFI1,chr22,242,79,10,A,70.4,0.0027,0.0516,-1,0,SFI1_Other,SFI1_Other,SFI1_Other,exon:31573173-31573214,exon,31573173,31573214,41,2.79,112.36,3.21,123.64,3.46,2.39,109.3,3.54,1.61,121.7,0.112,0.7378596435536772,0.9830474070668946,chi2_hap_event,0.0242,0.0253,B,minor,0.0029,0.957117291389074,0.9698609064083856,False,0,False,,,,,,,,,,,,,False,,,,,,,,,
scotch_target,"T cells, CD4+",ENSG00000198089,SFI1,chr22,242,79,10,A,70.4,0.0027,0.0516,-1,0,SFI1_Other,SFI1_Other,SFI1_Other,exon:31575230-31575392,exon,31575230,31575392,162,2.79,112.36,3.21,123.64,4.96,2.39,107.8,3.04,1.61,122.2,0.0053,0.9418751770819092,0.9830474070668946,chi2_hap_event,0.0242,0.0253,B,minor,0.0029,0.957117291389074,0.9698609064083856,True,1,True,chr22:31575364:C:T,31575364.0,C,T,A,0.9999940391390134,1.0,0.0,28.0,+,-,reduces_event,True,3.0,0.0,5.0,0.0,8.0,,,,binomial_intra_event
scotch_target,"T cells, CD4+",ENSG00000198089,SFI1,chr22,242,79,10,A,70.4,0.0027,0.0516,-1,0,SFI1_Other,SFI1_Other,SFI1_Other,exon:31578381-31578452,exon,31578381,31578452,71,2.79,112.36,3.21,123.64,0.0,2.39,112.76,1.0,1.61,124.24,,,,insufficient_data,0.0242,0.0253,B,minor,0.0029,0.957117291389074,0.9698609064083856,False,0,False,,,,,,,,,,,,,False,,,,,,,,,
scotch_target,"T cells, CD4+",ENSG00000198089,SFI1,chr22,242,79,10,A,70.4,0.0027,0.0516,-1,0,SFI1_Other,SFI1_Other,SFI1_Other,exon:31580271-31580364,exon,31580271,31580364,93,1.86,113.29,2.14,124.71,0.0,2.39,112.76,1.0,1.61,124.24,,,,insufficient_data,0.0162,0.0169,B,minor,0.0019,0.9651281479468805,0.9698609064083856,False,0,False,,,,,,,,,,,,,False,,,,,,,,,
scotch_target,"T cells, CD4+",ENSG00000198089,SFI1,chr22,242,79,10,A,70.4,0.0027,0.0516,-1,0,SFI1_Other,SFI1_Other,SFI1_Other,exon:31583877-31583905,exon,31583877,31583905,28,2.79,112.36,3.21,123.64,0.0,2.39,112.76,1.0,1.61,124.24,,,,insufficient_data,0.0242,0.0253,B,minor,0.0029,0.957117291389074,0.9698609064083856,False,0,False,,,,,,,,,,,,,False,,,,,,,,,
scotch_target,"T cells, CD4+",ENSG00000198089,SFI1,chr22,242,79,10,A,70.4,0.0027,0.0516,-1,0,SFI1_Other,SFI1_Other,SFI1_Other,exon:31583905-31583934,exon,31583905,31583934,29,4.65,110.5,5.35,121.5,0.0,2.39,112.76,1.0,1.61,124.24,,,,insufficient_data,0.0404,0.0422,B,minor,0.0049,0.9441821464428263,0.9698609064083856,False,0,False,,,,,,,,,,,,,False,,,,,,,,,
scotch_target,"T cells, CD4+",ENSG00000198089,SFI1,chr22,242,79,10,A,70.4,0.0027,0.0516,-1,0,SFI1_Other,SFI1_Other,SFI1_Other,exon:31583934-31583969,exon,31583934,31583969,35,4.18,110.96,4.82,122.04,0.0,2.39,112.76,1.0,1.61,124.24,,,,insufficient_data,0.0363,0.038,B,minor,0.0044,0.9471558096396613,0.9698609064083856,False,0,False,,,,,,,,,,,,,False,,,,,,,,,
scotch_target,"T cells, CD4+",ENSG00000198089,SFI1,chr22,242,79,10,A,70.4,0.0027,0.0516,-1,0,SFI1_Other,SFI1_Other,SFI1_Other,exon:31585067-31585126,exon,31585067,31585126,59,4.18,110.96,4.82,122.04,0.47,2.39,112.29,1.54,1.61,123.71,,,,insufficient_data,0.0363,0.038,B,minor,0.0044,0.9471558096396613,0.9698609064083856,False,0,False,,,,,,,,,,,,,False,,,,,,,,,
scotch_target,"T cells, CD4+",ENSG00000198089,SFI1,chr22,242,79,10,A,70.4,0.0027,0.0516,-1,0,SFI1_Other,SFI1_Other,SFI1_Other,exon:31585126-31585134,exon,31585126,31585134,8,4.18,110.96,4.82,122.04,0.47,2.39,112.29,1.54,1.61,123.71,,,,insufficient_data,0.0363,0.038,B,minor,0.0044,0.9471558096396613,0.9698609064083856,False,0,False,,,,,,,,,,,,,False,,,,,,,,,
scotch_target,"T cells, CD4+",ENSG00000198089,SFI1,chr22,242,79,10,A,70.4,0.0027,0.0516,-1,0,SFI1_Other,SFI1_Other,SFI1_Other,exon:31587327-31587443,exon,31587327,31587443,116,1.86,113.29,2.14,124.71,1.4,2.39,111.36,1.6,2.61,122.64,,,,insufficient_data,0.0162,0.0169,B,minor,0.0019,0.9651281479468805,0.9698609064083856,False,0,False,,,,,,,,,,,,,False,,,,,,,,,
scotch_target,"T cells, CD4+",ENSG00000198089,SFI1,chr22,242,79,10,A,70.4,0.0027,0.0516,-1,0,SFI1_Other,SFI1_Other,SFI1_Other,exon:31587443-31587890,exon,31587443,31587890,447,1.86,113.29,2.14,124.71,2.33,2.39,110.43,2.68,2.61,121.57,0.0019,0.9656413162254903,0.9830474070668946,chi2_hap_event,0.0162,0.0169,B,minor,0.0019,0.9651281479468805,0.9698609064083856,False,0,False,,,,,,,,,,,,,False,,,,,,,,,
scotch_target,"T cells, CD4+",ENSG00000198089,SFI1,chr22,242,79,10,A,70.4,0.0027,0.0516,-1,0,SFI1_Other,SFI1_Other,SFI1_Other,exon:31587890-31587912,exon,31587890,31587912,22,1.86,113.29,2.14,124.71,0.47,2.39,112.29,0.54,2.61,123.71,,,,insufficient_data,0.0162,0.0169,B,minor,0.0019,0.9651281479468805,0.9698609064083856,False,0,False,,,,,,,,,,,,,False,,,,,,,,,
scotch_target,"T cells, CD4+",ENSG00000198089,SFI1,chr22,242,79,10,A,70.4,0.0027,0.0516,-1,0,SFI1_Other,SFI1_Other,SFI1_Other,exon:31589446-31589577,exon,31589446,31589577,131,2.33,112.82,2.68,124.18,0.47,2.39,112.29,1.54,1.61,123.71,,,,insufficient_data,0.0202,0.0211,B,minor,0.0024,0.9609330939225476,0.9698609064083856,False,0,False,,,,,,,,,,,,,False,,,,,,,,,
scotch_target,"T cells, CD4+",ENSG00000198089,SFI1,chr22,242,79,10,A,70.4,0.0027,0.0516,-1,0,SFI1_Other,SFI1_Other,SFI1_Other,exon:31602211-31602293,exon,31602211,31602293,82,2.33,112.82,2.68,124.18,0.0,2.39,112.76,0.0,2.61,124.24,,,,insufficient_data,0.0202,0.0211,B,minor,0.0024,0.9609330939225476,0.9698609064083856,False,0,False,,,,,,,,,,,,,False,,,,,,,,,
scotch_target,"T cells, CD4+",ENSG00000198089,SFI1,chr22,242,79,10,A,70.4,0.0027,0.0516,-1,0,SFI1_Other,SFI1_Other,SFI1_Other,exon:31602606-31602785,exon,31602606,31602785,179,2.33,112.82,2.68,124.18,0.0,2.39,112.76,0.0,2.61,124.24,,,,insufficient_data,0.0202,0.0211,B,minor,0.0024,0.9609330939225476,0.9698609064083856,False,0,False,,,,,,,,,,,,,False,,,,,,,,,
scotch_target,"T cells, CD4+",ENSG00000198089,SFI1,chr22,242,79,10,A,70.4,0.0027,0.0516,-1,0,SFI1_Other,SFI1_Other,SFI1_Other,exon:31603743-31603819,exon,31603743,31603819,76,1.4,113.76,1.6,125.24,0.0,2.39,112.76,0.0,2.61,124.24,,,,insufficient_data,0.0122,0.0126,B,minor,0.0014,0.9698609064083856,0.9698609064083856,False,0,False,,,,,,,,,,,,,False,,,,,,,,,
scotch_target,"T cells, CD4+",ENSG00000198089,SFI1,chr22,242,79,10,A,70.4,0.0027,0.0516,-1,0,SFI1_Other,SFI1_Other,SFI1_Other,exon:31604308-31604313,exon,31604308,31604313,5,2.33,112.82,2.68,124.18,0.0,2.39,112.76,0.0,2.61,124.24,,,,insufficient_data,0.0202,0.0211,B,minor,0.0024,0.9609330939225476,0.9698609064083856,False,0,False,,,,,,,,,,,,,False,,,,,,,,,
scotch_target,"T cells, CD4+",ENSG00000198089,SFI1,chr22,242,79,10,A,70.4,0.0027,0.0516,-1,0,SFI1_Other,SFI1_Other,SFI1_Other,exon:31604313-31604404,exon,31604313,31604404,91,5.11,110.04,5.89,120.96,0.0,2.39,112.76,0.0,2.61,124.24,,,,insufficient_data,0.0444,0.0464,B,minor,0.0054,0.9413361811508085,0.9698609064083856,False,0,False,,,,,,,,,,,,,False,,,,,,,,,
scotch_target,"T cells, CD4+",ENSG00000198089,SFI1,chr22,242,79,10,A,70.4,0.0027,0.0516,-1,0,SFI1_Other,SFI1_Other,SFI1_Other,exon:31604868-31604945,exon,31604868,31604945,77,5.11,110.04,5.89,120.96,0.0,2.39,112.76,1.0,2.61,123.24,,,,insufficient_data,0.0444,0.0464,B,minor,0.0054,0.9413361811508085,0.9698609064083856,False,0,False,,,,,,,,,,,,,False,,,,,,,,,
scotch_target,"T cells, CD4+",ENSG00000198089,SFI1,chr22,242,79,10,A,70.4,0.0027,0.0516,-1,0,SFI1_Other,SFI1_Other,SFI1_Other,exon:31606327-31606430,exon,31606327,31606430,103,5.11,110.04,5.89,120.96,0.47,2.39,112.29,2.54,1.61,122.71,,,,insufficient_data,0.0444,0.0464,B,minor,0.0054,0.9413361811508085,0.9698609064083856,False,0,False,,,,,,,,,,,,,False,,,,,,,,,
scotch_target,"T cells, CD4+",ENSG00000198089,SFI1,chr22,242,79,10,A,70.4,0.0027,0.0516,-1,0,SFI1_Other,SFI1_Other,SFI1_Other,exon:31606430-31606582,exon,31606430,31606582,152,2.79,112.36,3.21,123.64,0.47,2.39,112.29,0.54,3.61,122.71,,,,insufficient_data,0.0242,0.0253,B,minor,0.0029,0.9571172913890741,0.9698609064083856,False,0,False,,,,,,,,,,,,,False,,,,,,,,,
scotch_target,"T cells, CD4+",ENSG00000198089,SFI1,chr22,242,79,10,A,70.4,0.0027,0.0516,-1,0,SFI1_Other,SFI1_Other,SFI1_Other,exon:31606582-31606726,exon,31606582,31606726,144,2.79,112.36,3.21,123.64,2.33,2.39,110.43,2.68,3.61,120.57,0.0487,0.8252603473199756,0.9830474070668946,chi2_hap_event,0.0242,0.0253,B,minor,0.0029,0.9571172913890741,0.9698609064083856,False,0,False,,,,,,,,,,,,,False,,,,,,,,,
scotch_target,"T cells, CD4+",ENSG00000198089,SFI1,chr22,242,79,10,A,70.4,0.0027,0.0516,-1,0,SFI1_Other,SFI1_Other,SFI1_Other,exon:31607936-31608033,exon,31607936,31608033,97,2.33,112.82,2.68,124.18,0.47,1.93,112.76,4.54,1.07,121.24,,,,insufficient_data,0.0202,0.0211,B,minor,0.0024,0.9609330939225476,0.9698609064083856,False,0,False,,,,,,,,,,,,,False,,,,,,,,,
scotch_target,"T cells, CD4+",ENSG00000198089,SFI1,chr22,242,79,10,A,70.4,0.0027,0.0516,-1,0,SFI1_Other,SFI1_Other,SFI1_Other,exon:31611142-31611303,exon,31611142,31611303,161,2.33,112.82,2.68,124.18,1.0,1.93,112.22,4.0,1.07,121.78,,,,insufficient_data,0.0202,0.0211,B,minor,0.0024,0.9609330939225476,0.9698609064083856,False,0,False,,,,,,,,,,,,,False,,,,,,,,,
scotch_target,"T cells, CD4+",ENSG00000198089,SFI1,chr22,242,79,10,A,70.4,0.0027,0.0516,-1,0,SFI1_Other,SFI1_Other,SFI1_Other,exon:31611769-31611801,exon,31611769,31611801,32,3.26,111.9,3.74,123.1,1.0,1.93,112.22,4.0,1.07,121.78,,,,insufficient_data,0.0283,0.0295,B,minor,0.0034,0.9535867725054303,0.9698609064083856,False,0,False,,,,,,,,,,,,,False,,,,,,,,,
scotch_target,"T cells, CD4+",ENSG00000198089,SFI1,chr22,242,79,10,A,70.4,0.0027,0.0516,-1,0,SFI1_Other,SFI1_Other,SFI1_Other,exon:31611801-31611840,exon,31611801,31611840,39,3.26,111.9,3.74,123.1,1.0,1.93,112.22,4.0,1.07,121.78,,,,insufficient_data,0.0283,0.0295,B,minor,0.0034,0.9535867725054303,0.9698609064083856,False,0,False,,,,,,,,,,,,,False,,,,,,,,,
scotch_target,"T cells, CD4+",ENSG00000198089,SFI1,chr22,242,79,10,A,70.4,0.0027,0.0516,-1,0,SFI1_Other,SFI1_Other,SFI1_Other,exon:31613141-31613216,exon,31613141,31613216,75,2.33,112.82,2.68,124.18,0.0,0.93,114.22,0.0,1.07,125.78,,,,insufficient_data,0.0202,0.0211,B,minor,0.0024,0.9609330939225476,0.9698609064083856,False,0,False,,,,,,,,,,,,,False,,,,,,,,,
scotch_target,"T cells, CD4+",ENSG00000198089,SFI1,chr22,242,79,10,A,70.4,0.0027,0.0516,-1,0,SFI1_Other,SFI1_Other,SFI1_Other,exon:31613353-31613453,exon,31613353,31613453,100,2.33,112.82,2.68,124.18,0.0,0.93,114.22,0.0,1.07,125.78,,,,insufficient_data,0.0202,0.0211,B,minor,0.0024,0.9609330939225476,0.9698609064083856,False,0,False,,,,,,,,,,,,,False,,,,,,,,,
scotch_target,"T cells, CD4+",ENSG00000198089,SFI1,chr22,242,79,10,A,70.4,0.0027,0.0516,-1,0,SFI1_Other,SFI1_Other,SFI1_Other,exon:31613453-31613530,exon,31613453,31613530,77,2.33,112.82,2.68,124.18,0.0,0.93,114.22,0.0,1.07,125.78,,,,insufficient_data,0.0202,0.0211,B,minor,0.0024,0.9609330939225476,0.9698609064083856,False,0,False,,,,,,,,,,,,,False,,,,,,,,,
scotch_target,"T cells, CD4+",ENSG00000198089,SFI1,chr22,242,79,10,A,70.4,0.0027,0.0516,-1,0,SFI1_Other,SFI1_Other,SFI1_Other,exon:31613601-31613715,exon,31613601,31613715,114,2.33,112.82,2.68,124.18,0.01,0.93,114.22,0.99,1.07,124.78,,,,insufficient_data,0.0202,0.0211,B,minor,0.0024,0.9609330939225476,0.9698609064083856,False,0,False,,,,,,,,,,,,,False,,,,,,,,,
scotch_target,"T cells, CD4+",ENSG00000198089,SFI1,chr22,242,79,10,A,70.4,0.0027,0.0516,-1,0,SFI1_Other,SFI1_Other,SFI1_Other,exon:31613715-31613834,exon,31613715,31613834,119,2.33,112.82,2.68,124.18,0.01,0.93,114.22,0.99,1.07,124.78,,,,insufficient_data,0.0202,0.0211,B,minor,0.0024,0.9609330939225476,0.9698609064083856,False,0,False,,,,,,,,,,,,,False,,,,,,,,,
scotch_target,"T cells, CD4+",ENSG00000198089,SFI1,chr22,242,79,10,A,70.4,0.0027,0.0516,-1,0,SFI1_Other,SFI1_Other,SFI1_Other,exon:31613834-31613855,exon,31613834,31613855,21,3.72,111.43,4.28,122.57,0.01,0.93,114.22,0.99,1.07,124.78,,,,insufficient_data,0.0323,0.0337,B,minor,0.0039,0.9502804102639285,0.9698609064083856,False,0,False,,,,,,,,,,,,,False,,,,,,,,,
scotch_target,"T cells, CD4+",ENSG00000198089,SFI1,chr22,242,79,10,A,70.4,0.0027,0.0516,-1,0,SFI1_Other,SFI1_Other,SFI1_Other,exon:31614370-31614385,exon,31614370,31614385,15,3.99,111.16,1.01,125.84,0.0,0.94,114.22,0.0,2.06,124.78,,,,insufficient_data,0.0347,0.008,A,major,2.1326,0.1441960683148046,0.9698609064083856,False,0,False,,,,,,,,,,,,,False,,,,,,,,,
scotch_target,"T cells, CD4+",ENSG00000198089,SFI1,chr22,242,79,10,A,70.4,0.0027,0.0516,-1,0,SFI1_Other,SFI1_Other,SFI1_Other,exon:31614385-31614788,exon,31614385,31614788,403,4.0,111.15,3.0,123.85,0.0,0.93,114.22,0.0,1.07,125.78,,,,insufficient_data,0.0347,0.0236,A,major,0.2634,0.6078177214794591,0.9698609064083856,False,0,False,,,,,,,,,,,,,False,,,,,,,,,
scotch_target,"T cells, CD4+",ENSG00000198089,SFI1,chr22,242,79,10,A,70.4,0.0027,0.0516,-1,0,SFI1_Other,SFI1_Other,SFI1_Other,exon:31614788-31614860,exon,31614788,31614860,72,7.72,107.43,7.28,119.57,0.01,0.93,114.22,0.99,1.07,124.78,,,,insufficient_data,0.067,0.0574,A,major,0.0964,0.7562065544959444,0.9698609064083856,False,0,False,,,,,,,,,,,,,False,,,,,,,,,
scotch_target,"T cells, CD4+",ENSG00000198089,SFI1,chr22,242,79,10,A,70.4,0.0027,0.0516,-1,0,SFI1_Other,SFI1_Other,SFI1_Other,exon:31614860-31615047,exon,31614860,31615047,187,4.0,111.15,3.0,123.85,0.0,0.93,114.22,0.0,1.07,125.78,,,,insufficient_data,0.0347,0.0236,A,major,0.2634,0.6078177214794591,0.9698609064083856,False,0,False,,,,,,,,,,,,,False,,,,,,,,,
scotch_target,"T cells, CD4+",ENSG00000198089,SFI1,chr22,242,79,10,A,70.4,0.0027,0.0516,-1,0,SFI1_Other,SFI1_Other,SFI1_Other,exon:31615047-31615279,exon,31615047,31615279,232,7.72,107.43,7.28,119.57,0.01,0.93,114.21,2.99,1.07,122.79,,,,insufficient_data,0.067,0.0574,A,major,0.0964,0.7562065544959444,0.9698609064083856,False,0,False,,,,,,,,,,,,,False,,,,,,,,,
scotch_target,"T cells, CD4+",ENSG00000198089,SFI1,chr22,242,79,10,A,70.4,0.0027,0.0516,-1,0,SFI1_Other,SFI1_Other,SFI1_Other,exon:31615279-31616744,exon,31615279,31616744,1465,3.99,111.16,1.01,125.84,0.0,0.93,114.22,0.0,1.07,125.78,,,,insufficient_data,0.0347,0.008,A,major,2.1326,0.1441960683148046,0.9698609064083856,False,0,False,,,,,,,,,,,,,False,,,,,,,,,
scotch_target,"T cells, CD4+",ENSG00000198089,SFI1,chr22,242,79,10,A,70.4,0.0027,0.0516,-1,0,SFI1_Other,SFI1_Other,SFI1_Other,exon:31616744-31616877,exon,31616744,31616877,133,7.72,107.43,7.28,119.57,2.94,0.93,111.28,4.06,1.07,121.72,,,,insufficient_data,0.067,0.0574,A,major,0.0964,0.7562065544959444,0.9698609064083856,False,0,False,,,,,,,,,,,,,False,,,,,,,,,
scotch_target,"T cells, CD4+",ENSG00000198089,SFI1,chr22,242,79,10,A,70.4,0.0027,0.0516,-1,0,SFI1_Other,SFI1_Other,SFI1_Other,exon:31616999-31617078,exon,31616999,31617078,79,6.32,108.83,5.68,121.17,3.94,0.93,110.28,4.06,1.07,121.72,0.0047,0.9452716293543707,0.9830474070668946,chi2_hap_event,0.0549,0.0448,A,major,0.1326,0.7157849360055977,0.9698609064083856,False,0,False,,,,,,,,,,,,,False,,,,,,,,,
scotch_target,"T cells, CD4+",ENSG00000198089,SFI1,chr22,242,79,10,A,70.4,0.0027,0.0516,-1,0,SFI1_Other,SFI1_Other,SFI1_Other,exon:31618114-31618211,exon,31618114,31618211,97,6.32,108.83,5.68,121.17,6.02,0.93,108.2,8.98,1.07,116.8,0.0299,0.8628299445699171,0.9830474070668946,chi2_hap_event,0.0549,0.0448,A,major,0.1326,0.7157849360055977,0.9698609064083856,True,1,True,chr22:31618174:G:A,31618174.0,G,A,A,0.9999940391390134,1.0,0.0,37.0,+,-,promotes_event,True,9.0,0.0,6.0,0.0,15.0,,0.6072387695312499,0.6072387695312499,binomial_intra_event
scotch_target,"T cells, CD4+",ENSG00000198089,SFI1,chr22,242,79,10,A,70.4,0.0027,0.0516,-1,0,SFI1_Other,SFI1_Other,SFI1_Other,exon:31618211-31618226,exon,31618211,31618226,15,7.72,107.43,7.28,119.57,6.02,0.93,108.2,8.98,1.07,116.8,0.0299,0.8628299445699171,0.9830474070668946,chi2_hap_event,0.067,0.0574,A,major,0.0964,0.7562065544959444,0.9698609064083856,True,1,True,chr22:31618174:G:A,31618174.0,G,A,A,0.9999940391390134,1.0,37.0,37.0,+,-,promotes_event,True,3.0,6.0,4.0,2.0,15.0,1.6071,0.20489389381637482,0.40978778763274964,chi2_cross_event
scotch_target,"T cells, CD4+",ENSG00000198089,SFI1,chr22,242,79,10,A,70.4,0.0027,0.0516,-1,0,SFI1_Other,SFI1_Other,SFI1_Other,exon:31618226-31618313,exon,31618226,31618313,87,3.99,111.16,1.01,125.84,4.02,0.93,110.2,5.98,1.07,119.8,0.0276,0.8681439110753179,0.9830474070668946,chi2_hap_event,0.0347,0.008,A,major,2.1326,0.1441960683148046,0.9698609064083856,False,0,False,,,,,,,,,,,,,False,,,,,,,,,
scotch_target,"T cells, CD4+",ENSG00000198089,SFI1,chr22,242,79,10,A,70.4,0.0027,0.0516,-1,0,SFI1_Other,SFI1_Other,SFI1_Other,exon:31618313-31618446,exon,31618313,31618446,133,7.72,107.43,7.28,119.57,6.47,0.93,107.75,8.53,1.07,117.25,0.008,0.9286959847942501,0.9830474070668946,chi2_hap_event,0.067,0.0574,A,major,0.0964,0.7562065544959444,0.9698609064083856,False,0,False,,,,,,,,,,,,,False,,,,,,,,,
scotch_target,"T cells, CD4+",ENSG00000198089,SFI1,chr22,242,79,10,A,70.4,0.0027,0.0516,-1,0,SFI1_Other,SFI1_Other,SFI1_Other,exon:31618446-31618490,exon,31618446,31618490,44,7.72,107.43,7.28,119.57,7.87,0.93,106.35,10.13,1.07,115.65,0.0057,0.9400323563416506,0.9830474070668946,chi2_hap_event,0.067,0.0574,A,major,0.0964,0.7562065544959444,0.9698609064083856,False,0,False,,,,,,,,,,,,,False,,,,,,,,,
scotch_target,"T cells, CD4+",ENSG00000198089,SFI1,chr22,242,79,10,A,70.4,0.0027,0.0516,-1,0,SFI1_Other,SFI1_Other,SFI1_Other,exon:31618490-31618510,exon,31618490,31618510,20,7.72,107.43,7.28,119.57,7.87,0.93,106.35,10.13,1.07,115.65,0.0057,0.9400323563416506,0.9830474070668946,chi2_hap_event,0.067,0.0574,A,major,0.0964,0.7562065544959444,0.9698609064083856,False,0,False,,,,,,,,,,,,,False,,,,,,,,,
scotch_target,"T cells, CD4+",ENSG00000198089,SFI1,chr22,242,79,10,A,70.4,0.0027,0.0516,-1,0,SFI1_Other,SFI1_Other,SFI1_Other,exon:31618514-31618547,exon,31618514,31618547,33,7.72,107.43,7.28,119.57,7.87,0.93,106.35,10.13,1.07,115.65,0.0057,0.9400323563416506,0.9830474070668946,chi2_hap_event,0.067,0.0574,A,major,0.0964,0.7562065544959444,0.9698609064083856,False,0,False,,,,,,,,,,,,,False,,,,,,,,,
scotch_target,"T cells, CD4+",ENSG00000198089,SFI1,chr22,242,79,10,A,70.4,0.0027,0.0516,-1,0,SFI1_Other,SFI1_Other,SFI1_Other,junction:31496637-31508254,junction,31496637,31508254,11617,2.33,112.82,2.68,124.18,0.0,0.0,115.15,0.0,0.0,126.85,,,,insufficient_data,0.0202,0.0211,B,minor,0.0024,0.9609330939225476,0.9698609064083856,False,0,False,,,,,,,,,,,,,False,,,,,,,,,
scotch_target,"T cells, CD4+",ENSG00000198089,SFI1,chr22,242,79,10,A,70.4,0.0027,0.0516,-1,0,SFI1_Other,SFI1_Other,SFI1_Other,junction:31508376-31528689,junction,31508376,31528689,20313,1.86,113.29,2.14,124.71,0.0,0.0,115.15,0.0,0.0,126.85,,,,insufficient_data,0.0162,0.0169,B,minor,0.0019,0.9651281479468805,0.9698609064083856,False,0,False,,,,,,,,,,,,,False,,,,,,,,,
scotch_target,"T cells, CD4+",ENSG00000198089,SFI1,chr22,242,79,10,A,70.4,0.0027,0.0516,-1,0,SFI1_Other,SFI1_Other,SFI1_Other,junction:31528863-31531057,junction,31528863,31531057,2194,1.86,113.29,2.14,124.71,0.0,0.0,115.15,0.0,0.0,126.85,,,,insufficient_data,0.0162,0.0169,B,minor,0.0019,0.9651281479468805,0.9698609064083856,True,2,False,chr22:31530702:C:T,31530702.0,C,T,B,5.9608609865491405e-06,1.0,0.0,355.0,-,+,promotes_event,True,0.0,3.0,0.0,8.0,11.0,,,,chi2_cross_event
scotch_target,"T cells, CD4+",ENSG00000198089,SFI1,chr22,242,79,10,A,70.4,0.0027,0.0516,-1,0,SFI1_Other,SFI1_Other,SFI1_Other,junction:31528863-31531057,junction,31528863,31531057,2194,1.86,113.29,2.14,124.71,0.0,0.0,115.15,0.0,0.0,126.85,,,,insufficient_data,0.0162,0.0169,B,minor,0.0019,0.9651281479468805,0.9698609064083856,True,2,True,chr22:31530756:A:G,31530756.0,A,G,B,5.9608609865491405e-06,1.0,0.0,301.0,-,+,promotes_event,True,0.0,5.0,0.0,7.0,12.0,,,,chi2_cross_event
scotch_target,"T cells, CD4+",ENSG00000198089,SFI1,chr22,242,79,10,A,70.4,0.0027,0.0516,-1,0,SFI1_Other,SFI1_Other,SFI1_Other,junction:31531129-31546860,junction,31531129,31546860,15731,1.4,113.76,1.6,125.24,0.0,0.0,115.15,0.0,0.0,126.85,,,,insufficient_data,0.0122,0.0126,B,minor,0.0014,0.9698609064083856,0.9698609064083856,True,1,True,chr22:31535679:G:C,31535679.0,G,C,A,0.9999940391390134,1.0,0.0,4550.0,+,-,reduces_event,True,0.0,3.0,0.0,7.0,10.0,,,,chi2_cross_event
scotch_target,"T cells, CD4+",ENSG00000198089,SFI1,chr22,242,79,10,A,70.4,0.0027,0.0516,-1,0,SFI1_Other,SFI1_Other,SFI1_Other,junction:31546971-31550253,junction,31546971,31550253,3282,2.33,112.82,2.68,124.18,0.0,0.0,115.15,0.0,0.0,126.85,,,,insufficient_data,0.0202,0.0211,B,minor,0.0024,0.9609330939225476,0.9698609064083856,False,0,False,,,,,,,,,,,,,False,,,,,,,,,
scotch_target,"T cells, CD4+",ENSG00000198089,SFI1,chr22,242,79,10,A,70.4,0.0027,0.0516,-1,0,SFI1_Other,SFI1_Other,SFI1_Other,junction:31550348-31556941,junction,31550348,31556941,6593,2.79,112.36,3.21,123.64,0.0,0.0,115.15,0.0,0.0,126.85,,,,insufficient_data,0.0242,0.0253,B,minor,0.0029,0.957117291389074,0.9698609064083856,True,2,False,chr22:31553940:G:A,31553940.0,G,A,B,5.9608609865491405e-06,1.0,0.0,3001.0,-,+,promotes_event,True,0.0,6.0,0.0,4.0,10.0,,,,chi2_cross_event
scotch_target,"T cells, CD4+",ENSG00000198089,SFI1,chr22,242,79,10,A,70.4,0.0027,0.0516,-1,0,SFI1_Other,SFI1_Other,SFI1_Other,junction:31550348-31556941,junction,31550348,31556941,6593,2.79,112.36,3.21,123.64,0.0,0.0,115.15,0.0,0.0,126.85,,,,insufficient_data,0.0242,0.0253,B,minor,0.0029,0.957117291389074,0.9698609064083856,True,2,True,chr22:31554018:C:T,31554018.0,C,T,A,0.9999940391390134,1.0,0.0,2923.0,+,-,reduces_event,True,0.0,4.0,0.0,4.0,8.0,,,,chi2_cross_event
scotch_target,"T cells, CD4+",ENSG00000198089,SFI1,chr22,242,79,10,A,70.4,0.0027,0.0516,-1,0,SFI1_Other,SFI1_Other,SFI1_Other,junction:31557059-31561289,junction,31557059,31561289,4230,2.79,112.36,3.21,123.64,0.0,0.0,115.15,0.0,0.0,126.85,,,,insufficient_data,0.0242,0.0253,B,minor,0.0029,0.957117291389074,0.9698609064083856,False,0,False,,,,,,,,,,,,,False,,,,,,,,,
scotch_target,"T cells, CD4+",ENSG00000198089,SFI1,chr22,242,79,10,A,70.4,0.0027,0.0516,-1,0,SFI1_Other,SFI1_Other,SFI1_Other,junction:31561392-31573057,junction,31561392,31573057,11665,2.33,112.82,2.68,124.18,0.0,0.0,115.15,0.0,0.0,126.85,,,,insufficient_data,0.0202,0.0211,B,minor,0.0024,0.9609330939225476,0.9698609064083856,False,0,False,,,,,,,,,,,,,False,,,,,,,,,
scotch_target,"T cells, CD4+",ENSG00000198089,SFI1,chr22,242,79,10,A,70.4,0.0027,0.0516,-1,0,SFI1_Other,SFI1_Other,SFI1_Other,junction:31573214-31575230,junction,31573214,31575230,2016,2.79,112.36,3.21,123.64,0.0,0.0,115.15,0.0,0.0,126.85,,,,insufficient_data,0.0242,0.0253,B,minor,0.0029,0.957117291389074,0.9698609064083856,False,0,False,,,,,,,,,,,,,False,,,,,,,,,
scotch_target,"T cells, CD4+",ENSG00000198089,SFI1,chr22,242,79,10,A,70.4,0.0027,0.0516,-1,0,SFI1_Other,SFI1_Other,SFI1_Other,junction:31575392-31578381,junction,31575392,31578381,2989,2.79,112.36,3.21,123.64,0.0,0.0,115.15,0.0,0.0,126.85,,,,insufficient_data,0.0242,0.0253,B,minor,0.0029,0.957117291389074,0.9698609064083856,True,1,True,chr22:31575364:C:T,31575364.0,C,T,A,0.9999940391390134,1.0,28.0,28.0,+,-,reduces_event,True,0.0,3.0,0.0,5.0,8.0,,,,chi2_cross_event
scotch_target,"T cells, CD4+",ENSG00000198089,SFI1,chr22,242,79,10,A,70.4,0.0027,0.0516,-1,0,SFI1_Other,SFI1_Other,SFI1_Other,junction:31578452-31580271,junction,31578452,31580271,1819,1.86,113.29,2.14,124.71,0.0,0.0,115.15,0.0,0.0,126.85,,,,insufficient_data,0.0162,0.0169,B,minor,0.0019,0.9651281479468805,0.9698609064083856,False,0,False,,,,,,,,,,,,,False,,,,,,,,,
scotch_target,"T cells, CD4+",ENSG00000198089,SFI1,chr22,242,79,10,A,70.4,0.0027,0.0516,-1,0,SFI1_Other,SFI1_Other,SFI1_Other,junction:31580364-31583874,junction,31580364,31583874,3510,1.86,113.29,2.14,124.71,0.0,0.0,115.15,0.0,0.0,126.85,,,,insufficient_data,0.0162,0.0169,B,minor,0.0019,0.9651281479468805,0.9698609064083856,True,2,False,chr22:31583341:A:T,31583341.0,A,T,A,0.9999940391390134,1.0,0.0,533.0,+,-,reduces_event,True,0.0,5.0,0.0,7.0,12.0,,,,chi2_cross_event
scotch_target,"T cells, CD4+",ENSG00000198089,SFI1,chr22,242,79,10,A,70.4,0.0027,0.0516,-1,0,SFI1_Other,SFI1_Other,SFI1_Other,junction:31580364-31583874,junction,31580364,31583874,3510,1.86,113.29,2.14,124.71,0.0,0.0,115.15,0.0,0.0,126.85,,,,insufficient_data,0.0162,0.0169,B,minor,0.0019,0.9651281479468805,0.9698609064083856,True,2,True,chr22:31583343:A:T,31583343.0,A,T,A,0.9999940391390134,1.0,0.0,531.0,+,-,reduces_event,True,0.0,4.0,0.0,7.0,11.0,,,,chi2_cross_event
scotch_target,"T cells, CD4+",ENSG00000198089,SFI1,chr22,242,79,10,A,70.4,0.0027,0.0516,-1,0,SFI1_Other,SFI1_Other,SFI1_Other,junction:31583972-31585067,junction,31583972,31585067,1095,4.18,110.96,4.82,122.04,0.0,0.0,115.15,0.0,0.0,126.85,,,,insufficient_data,0.0363,0.038,B,minor,0.0044,0.9471558096396613,0.9698609064083856,False,0,False,,,,,,,,,,,,,False,,,,,,,,,
scotch_target,"T cells, CD4+",ENSG00000198089,SFI1,chr22,242,79,10,A,70.4,0.0027,0.0516,-1,0,SFI1_Other,SFI1_Other,SFI1_Other,junction:31585134-31587327,junction,31585134,31587327,2193,1.86,113.29,2.14,124.71,0.0,0.47,114.69,0.0,0.54,126.31,,,,insufficient_data,0.0162,0.0169,B,minor,0.0019,0.9651281479468805,0.9698609064083856,False,0,False,,,,,,,,,,,,,False,,,,,,,,,
scotch_target,"T cells, CD4+",ENSG00000198089,SFI1,chr22,242,79,10,A,70.4,0.0027,0.0516,-1,0,SFI1_Other,SFI1_Other,SFI1_Other,junction:31585134-31589446,junction,31585134,31589446,4312,2.33,112.82,2.68,124.18,0.0,0.0,115.15,0.0,0.0,126.85,,,,insufficient_data,0.0202,0.0211,B,minor,0.0024,0.9609330939225476,0.9698609064083856,False,0,False,,,,,,,,,,,,,False,,,,,,,,,
scotch_target,"T cells, CD4+",ENSG00000198089,SFI1,chr22,242,79,10,A,70.4,0.0027,0.0516,-1,0,SFI1_Other,SFI1_Other,SFI1_Other,junction:31589577-31602211,junction,31589577,31602211,12634,2.33,112.82,2.68,124.18,0.0,0.0,115.15,0.0,0.0,126.85,,,,insufficient_data,0.0202,0.0211,B,minor,0.0024,0.9609330939225476,0.9698609064083856,False,0,False,,,,,,,,,,,,,False,,,,,,,,,
scotch_target,"T cells, CD4+",ENSG00000198089,SFI1,chr22,242,79,10,A,70.4,0.0027,0.0516,-1,0,SFI1_Other,SFI1_Other,SFI1_Other,junction:31602293-31602606,junction,31602293,31602606,313,2.33,112.82,2.68,124.18,0.0,0.0,115.15,0.0,0.0,126.85,,,,insufficient_data,0.0202,0.0211,B,minor,0.0024,0.9609330939225476,0.9698609064083856,False,0,False,,,,,,,,,,,,,False,,,,,,,,,
scotch_target,"T cells, CD4+",ENSG00000198089,SFI1,chr22,242,79,10,A,70.4,0.0027,0.0516,-1,0,SFI1_Other,SFI1_Other,SFI1_Other,junction:31602785-31603743,junction,31602785,31603743,958,1.4,113.76,1.6,125.24,0.0,0.0,115.15,0.0,0.0,126.85,,,,insufficient_data,0.0122,0.0126,B,minor,0.0014,0.9698609064083856,0.9698609064083856,False,0,False,,,,,,,,,,,,,False,,,,,,,,,
scotch_target,"T cells, CD4+",ENSG00000198089,SFI1,chr22,242,79,10,A,70.4,0.0027,0.0516,-1,0,SFI1_Other,SFI1_Other,SFI1_Other,junction:31603819-31604308,junction,31603819,31604308,489,1.4,113.76,1.6,125.24,0.0,0.0,115.15,0.0,0.0,126.85,,,,insufficient_data,0.0122,0.0126,B,minor,0.0014,0.9698609064083856,0.9698609064083856,False,0,False,,,,,,,,,,,,,False,,,,,,,,,
scotch_target,"T cells, CD4+",ENSG00000198089,SFI1,chr22,242,79,10,A,70.4,0.0027,0.0516,-1,0,SFI1_Other,SFI1_Other,SFI1_Other,junction:31604404-31604868,junction,31604404,31604868,464,5.11,110.04,5.89,120.96,0.0,0.0,115.15,0.0,0.0,126.85,,,,insufficient_data,0.0444,0.0464,B,minor,0.0054,0.9413361811508085,0.9698609064083856,False,0,False,,,,,,,,,,,,,False,,,,,,,,,
scotch_target,"T cells, CD4+",ENSG00000198089,SFI1,chr22,242,79,10,A,70.4,0.0027,0.0516,-1,0,SFI1_Other,SFI1_Other,SFI1_Other,junction:31604945-31606327,junction,31604945,31606327,1382,4.18,110.96,4.82,122.04,0.0,0.0,115.15,0.0,0.0,126.85,,,,insufficient_data,0.0363,0.038,B,minor,0.0044,0.9471558096396613,0.9698609064083856,False,0,False,,,,,,,,,,,,,False,,,,,,,,,
scotch_target,"T cells, CD4+",ENSG00000198089,SFI1,chr22,242,79,10,A,70.4,0.0027,0.0516,-1,0,SFI1_Other,SFI1_Other,SFI1_Other,junction:31606430-31607936,junction,31606430,31607936,1506,2.33,112.82,2.68,124.18,0.0,0.0,115.15,0.0,0.0,126.85,,,,insufficient_data,0.0202,0.0211,B,minor,0.0024,0.9609330939225476,0.9698609064083856,False,0,False,,,,,,,,,,,,,False,,,,,,,,,
scotch_target,"T cells, CD4+",ENSG00000198089,SFI1,chr22,242,79,10,A,70.4,0.0027,0.0516,-1,0,SFI1_Other,SFI1_Other,SFI1_Other,junction:31608033-31611142,junction,31608033,31611142,3109,2.33,112.82,2.68,124.18,0.0,0.0,115.15,0.0,0.0,126.85,,,,insufficient_data,0.0202,0.0211,B,minor,0.0024,0.9609330939225476,0.9698609064083856,False,0,False,,,,,,,,,,,,,False,,,,,,,,,
scotch_target,"T cells, CD4+",ENSG00000198089,SFI1,chr22,242,79,10,A,70.4,0.0027,0.0516,-1,0,SFI1_Other,SFI1_Other,SFI1_Other,junction:31611303-31611765,junction,31611303,31611765,462,2.33,112.82,2.68,124.18,0.0,1.0,114.15,0.0,1.0,125.85,,,,insufficient_data,0.0202,0.0211,B,minor,0.0024,0.9609330939225476,0.9698609064083856,False,0,False,,,,,,,,,,,,,False,,,,,,,,,
scotch_target,"T cells, CD4+",ENSG00000198089,SFI1,chr22,242,79,10,A,70.4,0.0027,0.0516,-1,0,SFI1_Other,SFI1_Other,SFI1_Other,junction:31611840-31613141,junction,31611840,31613141,1301,2.33,112.82,2.68,124.18,0.0,0.0,115.15,0.0,0.0,126.85,,,,insufficient_data,0.0202,0.0211,B,minor,0.0024,0.9609330939225476,0.9698609064083856,True,1,True,chr22:31612204:C:T,31612204.0,C,T,A,0.9999940391390134,1.0,0.0,364.0,+,-,reduces_event,True,0.0,4.0,0.0,2.0,6.0,,,,chi2_cross_event
scotch_target,"T cells, CD4+",ENSG00000198089,SFI1,chr22,242,79,10,A,70.4,0.0027,0.0516,-1,0,SFI1_Other,SFI1_Other,SFI1_Other,junction:31613216-31613353,junction,31613216,31613353,137,2.33,112.82,2.68,124.18,0.0,0.0,115.15,0.0,0.0,126.85,,,,insufficient_data,0.0202,0.0211,B,minor,0.0024,0.9609330939225476,0.9698609064083856,False,0,False,,,,,,,,,,,,,False,,,,,,,,,
scotch_target,"T cells, CD4+",ENSG00000198089,SFI1,chr22,242,79,10,A,70.4,0.0027,0.0516,-1,0,SFI1_Other,SFI1_Other,SFI1_Other,junction:31613530-31613601,junction,31613530,31613601,71,2.33,112.82,2.68,124.18,0.0,0.0,115.15,0.0,0.0,126.85,,,,insufficient_data,0.0202,0.0211,B,minor,0.0024,0.9609330939225476,0.9698609064083856,False,0,False,,,,,,,,,,,,,False,,,,,,,,,
scotch_target,"T cells, CD4+",ENSG00000198089,SFI1,chr22,242,79,10,A,70.4,0.0027,0.0516,-1,0,SFI1_Other,SFI1_Other,SFI1_Other,junction:31613855-31614788,junction,31613855,31614788,933,3.72,111.43,4.28,122.57,0.0,0.0,115.15,0.0,0.0,126.85,,,,insufficient_data,0.0323,0.0337,B,minor,0.0039,0.9502804102639285,0.9698609064083856,False,0,False,,,,,,,,,,,,,False,,,,,,,,,
scotch_target,"T cells, CD4+",ENSG00000198089,SFI1,chr22,242,79,10,A,70.4,0.0027,0.0516,-1,0,SFI1_Other,SFI1_Other,SFI1_Other,junction:31614860-31615047,junction,31614860,31615047,187,3.72,111.43,4.28,122.57,0.0,0.0,115.15,0.0,0.0,126.85,,,,insufficient_data,0.0323,0.0337,B,minor,0.0039,0.9502804102639285,0.9698609064083856,False,0,False,,,,,,,,,,,,,False,,,,,,,,,
scotch_target,"T cells, CD4+",ENSG00000198089,SFI1,chr22,242,79,10,A,70.4,0.0027,0.0516,-1,0,SFI1_Other,SFI1_Other,SFI1_Other,junction:31615279-31616744,junction,31615279,31616744,1465,3.73,111.42,6.27,120.58,0.0,0.0,115.15,0.0,0.0,126.85,,,,insufficient_data,0.0324,0.0494,B,minor,0.4456,0.5044120246852717,0.9698609064083856,False,0,False,,,,,,,,,,,,,False,,,,,,,,,
scotch_target,"T cells, CD4+",ENSG00000198089,SFI1,chr22,242,79,10,A,70.4,0.0027,0.0516,-1,0,SFI1_Other,SFI1_Other,SFI1_Other,junction:31616877-31616999,junction,31616877,31616999,122,6.32,108.83,5.68,121.17,0.0,0.0,115.15,0.0,0.0,126.85,,,,insufficient_data,0.0549,0.0448,A,major,0.1326,0.7157849360055977,0.9698609064083856,False,0,False,,,,,,,,,,,,,False,,,,,,,,,
scotch_target,"T cells, CD4+",ENSG00000198089,SFI1,chr22,242,79,10,A,70.4,0.0027,0.0516,-1,0,SFI1_Other,SFI1_Other,SFI1_Other,junction:31616877-31618211,junction,31616877,31618211,1334,1.4,113.76,1.6,125.24,0.0,0.0,115.15,0.0,0.0,126.85,,,,insufficient_data,0.0122,0.0126,B,minor,0.0014,0.9698609064083856,0.9698609064083856,True,1,True,chr22:31618174:G:A,31618174.0,G,A,A,0.9999940391390134,1.0,0.0,37.0,+,-,reduces_event,True,0.0,9.0,0.0,6.0,15.0,,,,chi2_cross_event
scotch_target,"T cells, CD4+",ENSG00000198089,SFI1,chr22,242,79,10,A,70.4,0.0027,0.0516,-1,0,SFI1_Other,SFI1_Other,SFI1_Other,junction:31617078-31618114,junction,31617078,31618114,1036,6.32,108.83,5.68,121.17,0.0,1.0,114.15,0.0,1.0,125.85,,,,insufficient_data,0.0549,0.0448,A,major,0.1326,0.7157849360055977,0.9698609064083856,False,0,False,,,,,,,,,,,,,False,,,,,,,,,
scotch_target,"T cells, CD4+",ENSG00000198089,SFI1,chr22,242,79,10,A,70.4,0.0027,0.0516,-1,0,SFI1_Other,SFI1_Other,SFI1_Other,junction:31618226-31618313,junction,31618226,31618313,87,3.73,111.42,6.27,120.58,0.0,4.01,111.14,0.0,3.99,122.86,,,,insufficient_data,0.0324,0.0494,B,minor,0.4456,0.5044120246852717,0.9698609064083856,False,0,False,,,,,,,,,,,,,False,,,,,,,,,
scotch_target,"T cells, CD4+",ENSG00000198832,SELENOM,chr22,71,66,2,B,70.4,0.5315,0.3186,1,1,SELENOM_ENST00000400299,SELENOM_ENST00000400299,SELENOM_ENST00000400299,exon:31107533-31107541,exon,31107533,31107541,8,5.09,9.78,44.91,11.22,11.96,0.0,2.91,44.04,0.0,12.09,,,,insufficient_data,0.3423,0.8001,B,major,11.8338,0.0005816519506518454,0.0005816519506518454,False,0,False,,,,,,,,,,,,,False,,,,,,,,,
scotch_target,"T cells, CD4+",ENSG00000198832,SELENOM,chr22,71,66,2,B,70.4,0.5315,0.3186,1,1,SELENOM_ENST00000400299,SELENOM_ENST00000400299,SELENOM_ENST00000400299,exon:31107541-31107553,exon,31107541,31107553,12,5.09,9.78,44.91,11.22,9.18,0.0,5.69,41.82,0.0,14.31,,,,insufficient_data,0.3423,0.8001,B,major,11.8338,0.0005816519506518454,0.0005816519506518454,False,0,False,,,,,,,,,,,,,False,,,,,,,,,
scotch_target,"T cells, CD4+",ENSG00000198832,SELENOM,chr22,71,66,2,B,70.4,0.5315,0.3186,1,1,SELENOM_ENST00000400299,SELENOM_ENST00000400299,SELENOM_ENST00000400299,exon:31107556-31107568,exon,31107556,31107568,12,5.09,9.78,44.91,11.22,8.18,0.0,6.69,40.82,0.0,15.31,,,,insufficient_data,0.3423,0.8001,B,major,11.8338,0.0005816519506518454,0.0005816519506518454,False,0,False,,,,,,,,,,,,,False,,,,,,,,,
scotch_target,"T cells, CD4+",ENSG00000239713,APOBEC3G,chr22,41,29,3,A,70.4,0.3027,0.0195,1,0,APOBEC3G_ENST00000407997,APOBEC3G_ENST00000407997,APOBEC3G_ENST00000407997,exon:39080932-39081194,exon,39080932,39081194,262,15.55,17.18,5.45,2.82,19.73,2.0,11.01,5.27,0.0,2.99,0.5241,0.4691003950632866,0.5629204740759439,chi2_hap_event,0.4751,0.659,B,minor,0.8958,0.343918848563593,0.4876826534428483,False,0,False,,,,,,,,,,,,,False,,,,,,,,,
scotch_target,"T cells, CD4+",ENSG00000239713,APOBEC3G,chr22,41,29,3,A,70.4,0.3027,0.0195,1,0,APOBEC3G_ENST00000407997,APOBEC3G_ENST00000407997,APOBEC3G_ENST00000407997,exon:39081194-39081227,exon,39081194,39081227,33,15.55,17.18,5.45,2.82,18.73,2.0,12.01,5.27,0.0,2.99,0.5511,0.4578790957440828,0.5629204740759439,chi2_hap_event,0.4751,0.659,B,minor,0.8958,0.343918848563593,0.4876826534428483,False,0,False,,,,,,,,,,,,,False,,,,,,,,,
scotch_target,"T cells, CD4+",ENSG00000239713,APOBEC3G,chr22,41,29,3,A,70.4,0.3027,0.0195,1,0,APOBEC3G_ENST00000407997,APOBEC3G_ENST00000407997,APOBEC3G_ENST00000407997,exon:39081470-39081585,exon,39081470,39081585,115,15.55,17.18,5.45,2.82,18.73,2.0,12.01,5.27,0.0,2.99,0.5511,0.4578790957440828,0.5629204740759439,chi2_hap_event,0.4751,0.659,B,minor,0.8958,0.343918848563593,0.4876826534428483,False,0,False,,,,,,,,,,,,,False,,,,,,,,,
scotch_target,"T cells, CD4+",ENSG00000239713,APOBEC3G,chr22,41,29,3,A,70.4,0.3027,0.0195,1,0,APOBEC3G_ENST00000407997,APOBEC3G_ENST00000407997,APOBEC3G_ENST00000407997,exon:39083730-39083884,exon,39083730,39083884,154,14.1,18.64,4.9,3.36,17.73,2.0,13.01,5.27,0.0,2.99,0.5809,0.44594241512105837,0.5629204740759439,chi2_hap_event,0.4307,0.5932,B,minor,0.7035,0.4016210087176397,0.4876826534428483,False,0,False,,,,,,,,,,,,,False,,,,,,,,,
scotch_target,"T cells, CD4+",ENSG00000239713,APOBEC3G,chr22,41,29,3,A,70.4,0.3027,0.0195,1,0,APOBEC3G_ENST00000407997,APOBEC3G_ENST00000407997,APOBEC3G_ENST00000407997,exon:39086278-39086461,exon,39086278,39086461,183,14.1,18.64,4.9,3.36,20.18,1.0,11.55,5.82,0.0,2.45,0.2851,0.5933737183362859,0.5933737183362859,chi2_hap_event,0.4307,0.5932,B,minor,0.7035,0.4016210087176397,0.4876826534428483,False,0,False,,,,,,,,,,,,,False,,,,,,,,,
scotch_target,"T cells, CD4+",ENSG00000239713,APOBEC3G,chr22,41,29,3,A,70.4,0.3027,0.0195,1,0,APOBEC3G_ENST00000407997,APOBEC3G_ENST00000407997,APOBEC3G_ENST00000407997,exon:39086461-39086567,exon,39086461,39086567,106,14.1,18.64,4.9,3.36,19.91,0.0,12.82,6.09,0.0,2.18,,,,insufficient_data,0.4307,0.5932,B,minor,0.7035,0.4016210087176397,0.4876826534428483,False,0,False,,,,,,,,,,,,,False,,,,,,,,,
scotch_target,"T cells, CD4+",ENSG00000239713,APOBEC3G,chr22,41,29,3,A,70.4,0.3027,0.0195,1,0,APOBEC3G_ENST00000407997,APOBEC3G_ENST00000407997,APOBEC3G_ENST00000407997,exon:39087010-39087126,exon,39087010,39087126,116,14.1,18.64,4.9,3.36,19.91,0.0,12.82,6.09,0.0,2.18,,,,insufficient_data,0.4307,0.5932,B,minor,0.7035,0.4016210087176397,0.4876826534428483,False,0,False,,,,,,,,,,,,,False,,,,,,,,,
scotch_target,"T cells, CD4+",ENSG00000239713,APOBEC3G,chr22,41,29,3,A,70.4,0.3027,0.0195,1,0,APOBEC3G_ENST00000407997,APOBEC3G_ENST00000407997,APOBEC3G_ENST00000407997,exon:39087406-39087743,exon,39087406,39087743,337,14.1,18.64,4.9,3.36,22.82,0.0,9.91,7.18,0.0,1.09,,,,insufficient_data,0.4307,0.5932,B,minor,0.7035,0.4016210087176397,0.4876826534428483,False,0,False,,,,,,,,,,,,,False,,,,,,,,,
scotch_target,"T cells, CD4+",ENSG00000239713,APOBEC3G,chr22,41,29,3,A,70.4,0.3027,0.0195,1,0,APOBEC3G_ENST00000407997,APOBEC3G_ENST00000407997,APOBEC3G_ENST00000407997,junction:39079085-39080932,junction,39079085,39080932,1847,14.1,18.64,4.9,3.36,1.0,0.0,31.74,0.0,0.0,8.26,,,,insufficient_data,0.4307,0.5932,B,minor,0.7035,0.4016210087176397,0.4876826534428483,False,0,False,,,,,,,,,,,,,False,,,,,,,,,
scotch_target,"T cells, CD4+",ENSG00000239713,APOBEC3G,chr22,41,29,3,A,70.4,0.3027,0.0195,1,0,APOBEC3G_ENST00000407997,APOBEC3G_ENST00000407997,APOBEC3G_ENST00000407997,junction:39081227-39081470,junction,39081227,39081470,243,15.55,17.18,5.45,2.82,0.0,0.0,32.74,0.0,0.0,8.26,,,,insufficient_data,0.4751,0.659,B,minor,0.8958,0.343918848563593,0.4876826534428483,False,0,False,,,,,,,,,,,,,False,,,,,,,,,
scotch_target,"T cells, CD4+",ENSG00000239713,APOBEC3G,chr22,41,29,3,A,70.4,0.3027,0.0195,1,0,APOBEC3G_ENST00000407997,APOBEC3G_ENST00000407997,APOBEC3G_ENST00000407997,junction:39081585-39083730,junction,39081585,39083730,2145,14.1,18.64,4.9,3.36,0.0,0.0,32.74,0.0,0.0,8.26,,,,insufficient_data,0.4307,0.5932,B,minor,0.7035,0.4016210087176397,0.4876826534428483,False,0,False,,,,,,,,,,,,,False,,,,,,,,,
scotch_target,"T cells, CD4+",ENSG00000239713,APOBEC3G,chr22,41,29,3,A,70.4,0.3027,0.0195,1,0,APOBEC3G_ENST00000407997,APOBEC3G_ENST00000407997,APOBEC3G_ENST00000407997,junction:39083884-39086278,junction,39083884,39086278,2394,14.1,18.64,4.9,3.36,0.0,0.0,32.74,0.0,0.0,8.26,,,,insufficient_data,0.4307,0.5932,B,minor,0.7035,0.4016210087176397,0.4876826534428483,False,0,False,,,,,,,,,,,,,False,,,,,,,,,
scotch_target,"T cells, CD4+",ENSG00000239713,APOBEC3G,chr22,41,29,3,A,70.4,0.3027,0.0195,1,0,APOBEC3G_ENST00000407997,APOBEC3G_ENST00000407997,APOBEC3G_ENST00000407997,junction:39086567-39087010,junction,39086567,39087010,443,14.1,18.64,4.9,3.36,0.0,0.73,32.01,0.0,0.27,7.99,,,,insufficient_data,0.4307,0.5932,B,minor,0.7035,0.4016210087176397,0.4876826534428483,False,0,False,,,,,,,,,,,,,False,,,,,,,,,
scotch_target,"T cells, CD4+",ENSG00000239713,APOBEC3G,chr22,41,29,3,A,70.4,0.3027,0.0195,1,0,APOBEC3G_ENST00000407997,APOBEC3G_ENST00000407997,APOBEC3G_ENST00000407997,junction:39087126-39087406,junction,39087126,39087406,280,14.1,18.64,4.9,3.36,0.0,0.73,32.01,0.0,0.27,7.99,,,,insufficient_data,0.4307,0.5932,B,minor,0.7035,0.4016210087176397,0.4876826534428483,False,0,False,,,,,,,,,,,,,False,,,,,,,,,
scotch_target,"T cells, CD4+",ENSG00000239713,APOBEC3G,chr22,41,29,3,A,70.4,0.3027,0.0195,1,0,APOBEC3G_ENST00000407997,APOBEC3G_ENST00000407997,APOBEC3G_ENST00000407997,exon:39077274-39077378,exon,39077274,39077378,104,15.1,17.64,4.9,3.36,24.0,0.0,8.74,5.0,0.0,3.26,,,,insufficient_data,0.4612,0.5932,B,minor,0.4621,0.4966637701681099,0.4966637701681099,True,3,True,chr22:39077378:G:A,39077378.0,G,A,A,0.9999940391390134,1.0,0.0,0.0,+,-,reduces_event,True,5.0,0.0,24.0,0.0,29.0,,0.0005461126565933228,0.0032766759395599365,binomial_intra_event
scotch_target,"T cells, CD4+",ENSG00000239713,APOBEC3G,chr22,41,29,3,A,70.4,0.3027,0.0195,1,0,APOBEC3G_ENST00000407997,APOBEC3G_ENST00000407997,APOBEC3G_ENST00000407997,exon:39077274-39077378,exon,39077274,39077378,104,15.1,17.64,4.9,3.36,24.0,0.0,8.74,5.0,0.0,3.26,,,,insufficient_data,0.4612,0.5932,B,minor,0.4621,0.4966637701681099,0.4966637701681099,True,3,False,chr22:39077379:T:A,39077379.0,T,A,A,0.9999940391390134,1.0,1.0,1.0,+,-,reduces_event,True,3.0,2.0,10.0,14.0,29.0,0.5623,0.45331905752083346,0.45331905752083346,chi2_cross_event
scotch_target,"T cells, CD4+",ENSG00000239713,APOBEC3G,chr22,41,29,3,A,70.4,0.3027,0.0195,1,0,APOBEC3G_ENST00000407997,APOBEC3G_ENST00000407997,APOBEC3G_ENST00000407997,exon:39077274-39077378,exon,39077274,39077378,104,15.1,17.64,4.9,3.36,24.0,0.0,8.74,5.0,0.0,3.26,,,,insufficient_data,0.4612,0.5932,B,minor,0.4621,0.4966637701681099,0.4966637701681099,True,3,False,chr22:39077383:G:C,39077383.0,G,C,A,0.9999940391390134,1.0,5.0,5.0,+,-,reduces_event,True,3.0,2.0,10.0,14.0,29.0,0.5623,0.45331905752083346,0.45331905752083346,chi2_cross_event
scotch_target,"T cells, CD4+",ENSG00000239713,APOBEC3G,chr22,41,29,3,A,70.4,0.3027,0.0195,1,0,APOBEC3G_ENST00000407997,APOBEC3G_ENST00000407997,APOBEC3G_ENST00000407997,exon:39078931-39079085,exon,39078931,39079085,154,15.1,17.64,4.9,3.36,24.0,0.0,8.74,0.0,5.0,3.26,29.0,7.237829871739989e-08,4.342697923043993e-07,chi2_hap_event,0.4612,0.5932,B,minor,0.4621,0.4966637701681099,0.4966637701681099,False,0,False,,,,,,,,,,,,,False,,,,,,,,,
scotch_target,"T cells, CD4+",ENSG00000239713,APOBEC3G,chr22,41,29,3,A,70.4,0.3027,0.0195,1,0,APOBEC3G_ENST00000407997,APOBEC3G_ENST00000407997,APOBEC3G_ENST00000407997,junction:39077378-39078931,junction,39077378,39078931,1553,15.1,17.64,4.9,3.36,0.0,0.0,32.74,0.0,0.0,8.26,,,,insufficient_data,0.4612,0.5932,B,minor,0.4621,0.4966637701681099,0.4966637701681099,True,3,True,chr22:39077378:G:A,39077378.0,G,A,A,0.9999940391390134,1.0,0.0,0.0,+,-,reduces_event,True,3.0,2.0,10.0,14.0,29.0,0.5623,0.45331905752083346,0.45331905752083346,chi2_cross_event
scotch_target,"T cells, CD4+",ENSG00000239713,APOBEC3G,chr22,41,29,3,A,70.4,0.3027,0.0195,1,0,APOBEC3G_ENST00000407997,APOBEC3G_ENST00000407997,APOBEC3G_ENST00000407997,junction:39077378-39078931,junction,39077378,39078931,1553,15.1,17.64,4.9,3.36,0.0,0.0,32.74,0.0,0.0,8.26,,,,insufficient_data,0.4612,0.5932,B,minor,0.4621,0.4966637701681099,0.4966637701681099,True,3,False,chr22:39077379:T:A,39077379.0,T,A,A,0.9999940391390134,1.0,0.0,1.0,+,-,reduces_event,True,3.0,2.0,10.0,14.0,29.0,0.5623,0.45331905752083346,0.45331905752083346,chi2_cross_event
scotch_target,"T cells, CD4+",ENSG00000239713,APOBEC3G,chr22,41,29,3,A,70.4,0.3027,0.0195,1,0,APOBEC3G_ENST00000407997,APOBEC3G_ENST00000407997,APOBEC3G_ENST00000407997,junction:39077378-39078931,junction,39077378,39078931,1553,15.1,17.64,4.9,3.36,0.0,0.0,32.74,0.0,0.0,8.26,,,,insufficient_data,0.4612,0.5932,B,minor,0.4621,0.4966637701681099,0.4966637701681099,True,3,False,chr22:39077383:G:C,39077383.0,G,C,A,0.9999940391390134,1.0,0.0,5.0,+,-,reduces_event,True,3.0,2.0,10.0,14.0,29.0,0.5623,0.45331905752083346,0.45331905752083346,chi2_cross_event
scotch_target,"T cells, CD8+",ENSG00000025770,NCAPH2,chr22,14,4,4,A,70.4,0.0372,0.0074,-1,-1,NCAPH2_ENST00000395698,NCAPH2_ENST00000420993,NCAPH2_ENST00000395698,exon:50508259-50508428,exon,50508259,50508428,169,4.42,3.42,2.58,3.58,3.45,0.0,4.39,1.55,0.0,4.6,,,,insufficient_data,0.5638,0.4188,A,major,0.2946,0.5873092954903928,0.6589323803062944,False,0,False,,,,,,,,,,,,,False,,,,,,,,,
scotch_target,"T cells, CD8+",ENSG00000025770,NCAPH2,chr22,14,4,4,A,70.4,0.0372,0.0074,-1,-1,NCAPH2_ENST00000395698,NCAPH2_ENST00000420993,NCAPH2_ENST00000395698,exon:50508428-50508445,exon,50508428,50508445,17,4.42,3.42,2.58,3.58,3.45,0.0,4.39,1.55,0.0,4.6,,,,insufficient_data,0.5638,0.4188,A,major,0.2946,0.5873092954903928,0.6589323803062944,False,0,False,,,,,,,,,,,,,False,,,,,,,,,
scotch_target,"T cells, CD8+",ENSG00000025770,NCAPH2,chr22,14,4,4,A,70.4,0.0372,0.0074,-1,-1,NCAPH2_ENST00000395698,NCAPH2_ENST00000420993,NCAPH2_ENST00000395698,exon:50516446-50516548,exon,50516446,50516548,102,4.42,3.42,2.58,3.58,3.45,0.0,4.39,1.55,0.0,4.6,,,,insufficient_data,0.5638,0.4188,A,major,0.2946,0.5873092954903928,0.6589323803062944,False,0,False,,,,,,,,,,,,,False,,,,,,,,,
scotch_target,"T cells, CD8+",ENSG00000025770,NCAPH2,chr22,14,4,4,A,70.4,0.0372,0.0074,-1,-1,NCAPH2_ENST00000395698,NCAPH2_ENST00000420993,NCAPH2_ENST00000395698,exon:50517426-50517482,exon,50517426,50517482,56,4.42,3.42,2.58,3.58,2.96,0.0,4.88,1.04,0.0,5.12,,,,insufficient_data,0.5638,0.4188,A,major,0.2946,0.5873092954903928,0.6589323803062944,False,0,False,,,,,,,,,,,,,False,,,,,,,,,
scotch_target,"T cells, CD8+",ENSG00000025770,NCAPH2,chr22,14,4,4,A,70.4,0.0372,0.0074,-1,-1,NCAPH2_ENST00000395698,NCAPH2_ENST00000420993,NCAPH2_ENST00000395698,exon:50517576-50517661,exon,50517576,50517661,85,4.42,3.42,2.58,3.58,2.96,0.0,4.88,1.04,0.0,5.12,,,,insufficient_data,0.5638,0.4188,A,major,0.2946,0.5873092954903928,0.6589323803062944,False,0,False,,,,,,,,,,,,,False,,,,,,,,,
scotch_target,"T cells, CD8+",ENSG00000025770,NCAPH2,chr22,14,4,4,A,70.4,0.0372,0.0074,-1,-1,NCAPH2_ENST00000395698,NCAPH2_ENST00000420993,NCAPH2_ENST00000395698,exon:50517740-50517809,exon,50517740,50517809,69,4.42,3.42,2.58,3.58,2.96,0.0,4.88,1.04,0.0,5.12,,,,insufficient_data,0.5638,0.4188,A,major,0.2946,0.5873092954903928,0.6589323803062944,False,0,False,,,,,,,,,,,,,False,,,,,,,,,
scotch_target,"T cells, CD8+",ENSG00000025770,NCAPH2,chr22,14,4,4,A,70.4,0.0372,0.0074,-1,-1,NCAPH2_ENST00000395698,NCAPH2_ENST00000420993,NCAPH2_ENST00000395698,exon:50517972-50518052,exon,50517972,50518052,80,4.42,3.42,2.58,3.58,3.45,0.0,4.39,1.55,0.0,4.6,,,,insufficient_data,0.5638,0.4188,A,major,0.2946,0.5873092954903928,0.6589323803062944,False,0,False,,,,,,,,,,,,,False,,,,,,,,,
scotch_target,"T cells, CD8+",ENSG00000025770,NCAPH2,chr22,14,4,4,A,70.4,0.0372,0.0074,-1,-1,NCAPH2_ENST00000395698,NCAPH2_ENST00000420993,NCAPH2_ENST00000395698,exon:50518132-50518276,exon,50518132,50518276,144,4.42,3.42,2.58,3.58,2.96,0.0,4.88,1.04,0.0,5.12,,,,insufficient_data,0.5638,0.4188,A,major,0.2946,0.5873092954903928,0.6589323803062944,False,0,False,,,,,,,,,,,,,False,,,,,,,,,
scotch_target,"T cells, CD8+",ENSG00000025770,NCAPH2,chr22,14,4,4,A,70.4,0.0372,0.0074,-1,-1,NCAPH2_ENST00000395698,NCAPH2_ENST00000420993,NCAPH2_ENST00000395698,exon:50518648-50518732,exon,50518648,50518732,84,4.42,3.42,2.58,3.58,2.96,0.0,4.88,1.04,0.0,5.12,,,,insufficient_data,0.5638,0.4188,A,major,0.2946,0.5873092954903928,0.6589323803062944,False,0,False,,,,,,,,,,,,,False,,,,,,,,,
scotch_target,"T cells, CD8+",ENSG00000025770,NCAPH2,chr22,14,4,4,A,70.4,0.0372,0.0074,-1,-1,NCAPH2_ENST00000395698,NCAPH2_ENST00000420993,NCAPH2_ENST00000395698,exon:50519189-50519320,exon,50519189,50519320,131,4.42,3.42,2.58,3.58,2.96,0.0,4.88,1.04,0.0,5.12,,,,insufficient_data,0.5638,0.4188,A,major,0.2946,0.5873092954903928,0.6589323803062944,False,0,False,,,,,,,,,,,,,False,,,,,,,,,
scotch_target,"T cells, CD8+",ENSG00000025770,NCAPH2,chr22,14,4,4,A,70.4,0.0372,0.0074,-1,-1,NCAPH2_ENST00000395698,NCAPH2_ENST00000420993,NCAPH2_ENST00000395698,exon:50520964-50521036,exon,50520964,50521036,72,2.97,4.87,1.03,5.13,2.48,0.0,5.37,0.52,0.0,5.63,,,,insufficient_data,0.3788,0.1672,A,major,0.7558,0.3846372149549344,0.6589323803062944,False,0,False,,,,,,,,,,,,,False,,,,,,,,,
scotch_target,"T cells, CD8+",ENSG00000025770,NCAPH2,chr22,14,4,4,A,70.4,0.0372,0.0074,-1,-1,NCAPH2_ENST00000395698,NCAPH2_ENST00000420993,NCAPH2_ENST00000395698,exon:50521542-50521589,exon,50521542,50521589,47,2.97,4.87,1.03,5.13,1.99,0.0,5.85,0.01,0.0,6.15,,,,insufficient_data,0.3788,0.1672,A,major,0.7558,0.3846372149549344,0.6589323803062944,False,0,False,,,,,,,,,,,,,False,,,,,,,,,
scotch_target,"T cells, CD8+",ENSG00000025770,NCAPH2,chr22,14,4,4,A,70.4,0.0372,0.0074,-1,-1,NCAPH2_ENST00000395698,NCAPH2_ENST00000420993,NCAPH2_ENST00000395698,exon:50521589-50521609,exon,50521589,50521609,20,2.97,4.87,1.03,5.13,1.99,0.0,5.85,0.01,0.0,6.15,,,,insufficient_data,0.3788,0.1672,A,major,0.7558,0.3846372149549344,0.6589323803062944,False,0,False,,,,,,,,,,,,,False,,,,,,,,,
scotch_target,"T cells, CD8+",ENSG00000025770,NCAPH2,chr22,14,4,4,A,70.4,0.0372,0.0074,-1,-1,NCAPH2_ENST00000395698,NCAPH2_ENST00000420993,NCAPH2_ENST00000395698,exon:50521740-50521848,exon,50521740,50521848,108,2.97,4.87,1.03,5.13,1.99,0.0,5.85,1.01,0.0,5.15,,,,insufficient_data,0.3788,0.1672,A,major,0.7558,0.3846372149549344,0.6589323803062944,False,0,False,,,,,,,,,,,,,False,,,,,,,,,
scotch_target,"T cells, CD8+",ENSG00000025770,NCAPH2,chr22,14,4,4,A,70.4,0.0372,0.0074,-1,-1,NCAPH2_ENST00000395698,NCAPH2_ENST00000420993,NCAPH2_ENST00000395698,exon:50521985-50522039,exon,50521985,50522039,54,2.97,4.87,1.03,5.13,1.99,0.0,5.85,1.01,0.0,5.15,,,,insufficient_data,0.3788,0.1672,A,major,0.7558,0.3846372149549344,0.6589323803062944,False,0,False,,,,,,,,,,,,,False,,,,,,,,,
scotch_target,"T cells, CD8+",ENSG00000025770,NCAPH2,chr22,14,4,4,A,70.4,0.0372,0.0074,-1,-1,NCAPH2_ENST00000395698,NCAPH2_ENST00000420993,NCAPH2_ENST00000395698,exon:50522180-50522251,exon,50522180,50522251,71,2.97,4.87,1.03,5.13,1.99,0.0,5.85,1.01,0.0,5.15,,,,insufficient_data,0.3788,0.1672,A,major,0.7558,0.3846372149549344,0.6589323803062944,False,0,False,,,,,,,,,,,,,False,,,,,,,,,
scotch_target,"T cells, CD8+",ENSG00000025770,NCAPH2,chr22,14,4,4,A,70.4,0.0372,0.0074,-1,-1,NCAPH2_ENST00000395698,NCAPH2_ENST00000420993,NCAPH2_ENST00000395698,exon:50522342-50522415,exon,50522342,50522415,73,2.97,4.87,1.03,5.13,1.99,0.0,5.85,1.01,0.0,5.15,,,,insufficient_data,0.3788,0.1672,A,major,0.7558,0.3846372149549344,0.6589323803062944,False,0,False,,,,,,,,,,,,,False,,,,,,,,,
scotch_target,"T cells, CD8+",ENSG00000025770,NCAPH2,chr22,14,4,4,A,70.4,0.0372,0.0074,-1,-1,NCAPH2_ENST00000395698,NCAPH2_ENST00000420993,NCAPH2_ENST00000395698,exon:50522500-50522524,exon,50522500,50522524,24,2.97,4.87,1.03,5.13,1.99,0.0,5.85,1.01,0.0,5.15,,,,insufficient_data,0.3788,0.1672,A,major,0.7558,0.3846372149549344,0.6589323803062944,True,2,False,chr22:50522492:C:G,50522492.0,C,G,A,0.9999940391390134,1.0,8.0,8.0,+,-,promotes_event,True,0.0,1.0,1.0,1.0,3.0,,,,chi2_cross_event
scotch_target,"T cells, CD8+",ENSG00000025770,NCAPH2,chr22,14,4,4,A,70.4,0.0372,0.0074,-1,-1,NCAPH2_ENST00000395698,NCAPH2_ENST00000420993,NCAPH2_ENST00000395698,exon:50522500-50522524,exon,50522500,50522524,24,2.97,4.87,1.03,5.13,1.99,0.0,5.85,1.01,0.0,5.15,,,,insufficient_data,0.3788,0.1672,A,major,0.7558,0.3846372149549344,0.6589323803062944,True,2,True,chr22:50522493:C:G,50522493.0,C,G,A,0.9999940391390134,1.0,7.0,7.0,+,-,promotes_event,True,0.0,1.0,1.0,1.0,3.0,,,,chi2_cross_event
scotch_target,"T cells, CD8+",ENSG00000025770,NCAPH2,chr22,14,4,4,A,70.4,0.0372,0.0074,-1,-1,NCAPH2_ENST00000395698,NCAPH2_ENST00000420993,NCAPH2_ENST00000395698,exon:50522524-50522569,exon,50522524,50522569,45,2.97,4.87,1.03,5.13,1.99,0.0,5.85,1.01,0.0,5.15,,,,insufficient_data,0.3788,0.1672,A,major,0.7558,0.3846372149549344,0.6589323803062944,True,2,False,chr22:50522492:C:G,50522492.0,C,G,A,0.9999940391390134,1.0,32.0,32.0,+,-,promotes_event,True,0.0,1.0,1.0,1.0,3.0,,,,chi2_cross_event
scotch_target,"T cells, CD8+",ENSG00000025770,NCAPH2,chr22,14,4,4,A,70.4,0.0372,0.0074,-1,-1,NCAPH2_ENST00000395698,NCAPH2_ENST00000420993,NCAPH2_ENST00000395698,exon:50522524-50522569,exon,50522524,50522569,45,2.97,4.87,1.03,5.13,1.99,0.0,5.85,1.01,0.0,5.15,,,,insufficient_data,0.3788,0.1672,A,major,0.7558,0.3846372149549344,0.6589323803062944,True,2,True,chr22:50522493:C:G,50522493.0,C,G,A,0.9999940391390134,1.0,31.0,31.0,+,-,promotes_event,True,0.0,1.0,1.0,1.0,3.0,,,,chi2_cross_event
scotch_target,"T cells, CD8+",ENSG00000025770,NCAPH2,chr22,14,4,4,A,70.4,0.0372,0.0074,-1,-1,NCAPH2_ENST00000395698,NCAPH2_ENST00000420993,NCAPH2_ENST00000395698,exon:50522670-50522720,exon,50522670,50522720,50,2.97,4.87,1.03,5.13,1.99,0.0,5.85,1.01,0.0,5.15,,,,insufficient_data,0.3788,0.1672,A,major,0.7558,0.3846372149549344,0.6589323803062944,False,0,False,,,,,,,,,,,,,False,,,,,,,,,
scotch_target,"T cells, CD8+",ENSG00000025770,NCAPH2,chr22,14,4,4,A,70.4,0.0372,0.0074,-1,-1,NCAPH2_ENST00000395698,NCAPH2_ENST00000420993,NCAPH2_ENST00000395698,exon:50522820-50522922,exon,50522820,50522922,102,2.97,4.87,1.03,5.13,1.99,0.0,5.85,1.01,0.0,5.15,,,,insufficient_data,0.3788,0.1672,A,major,0.7558,0.3846372149549344,0.6589323803062944,False,0,False,,,,,,,,,,,,,False,,,,,,,,,
scotch_target,"T cells, CD8+",ENSG00000025770,NCAPH2,chr22,14,4,4,A,70.4,0.0372,0.0074,-1,-1,NCAPH2_ENST00000395698,NCAPH2_ENST00000420993,NCAPH2_ENST00000395698,exon:50523016-50523079,exon,50523016,50523079,63,2.97,4.87,1.03,5.13,1.99,0.0,5.85,1.01,0.0,5.15,,,,insufficient_data,0.3788,0.1672,A,major,0.7558,0.3846372149549344,0.6589323803062944,False,0,False,,,,,,,,,,,,,False,,,,,,,,,
scotch_target,"T cells, CD8+",ENSG00000025770,NCAPH2,chr22,14,4,4,A,70.4,0.0372,0.0074,-1,-1,NCAPH2_ENST00000395698,NCAPH2_ENST00000420993,NCAPH2_ENST00000395698,exon:50523079-50523166,exon,50523079,50523166,87,2.97,4.87,1.03,5.13,1.99,0.0,5.85,1.01,0.0,5.15,,,,insufficient_data,0.3788,0.1672,A,major,0.7558,0.3846372149549344,0.6589323803062944,False,0,False,,,,,,,,,,,,,False,,,,,,,,,
scotch_target,"T cells, CD8+",ENSG00000025770,NCAPH2,chr22,14,4,4,A,70.4,0.0372,0.0074,-1,-1,NCAPH2_ENST00000395698,NCAPH2_ENST00000420993,NCAPH2_ENST00000395698,exon:50523234-50523471,exon,50523234,50523471,237,2.97,4.87,1.03,5.13,2.48,0.0,5.37,1.52,0.0,4.63,,,,insufficient_data,0.3788,0.1672,A,major,0.7558,0.3846372149549344,0.6589323803062944,False,0,False,,,,,,,,,,,,,False,,,,,,,,,
scotch_target,"T cells, CD8+",ENSG00000025770,NCAPH2,chr22,14,4,4,A,70.4,0.0372,0.0074,-1,-1,NCAPH2_ENST00000395698,NCAPH2_ENST00000420993,NCAPH2_ENST00000395698,junction:50508445-50516446,junction,50508445,50516446,8001,4.42,3.42,2.58,3.58,0.0,0.0,7.84,0.0,0.0,6.16,,,,insufficient_data,0.5638,0.4188,A,major,0.2946,0.5873092954903928,0.6589323803062944,False,0,False,,,,,,,,,,,,,False,,,,,,,,,
scotch_target,"T cells, CD8+",ENSG00000025770,NCAPH2,chr22,14,4,4,A,70.4,0.0372,0.0074,-1,-1,NCAPH2_ENST00000395698,NCAPH2_ENST00000420993,NCAPH2_ENST00000395698,junction:50516548-50517426,junction,50516548,50517426,878,4.42,3.42,2.58,3.58,0.0,0.0,7.84,0.0,0.0,6.16,,,,insufficient_data,0.5638,0.4188,A,major,0.2946,0.5873092954903928,0.6589323803062944,False,0,False,,,,,,,,,,,,,False,,,,,,,,,
scotch_target,"T cells, CD8+",ENSG00000025770,NCAPH2,chr22,14,4,4,A,70.4,0.0372,0.0074,-1,-1,NCAPH2_ENST00000395698,NCAPH2_ENST00000420993,NCAPH2_ENST00000395698,junction:50517482-50517576,junction,50517482,50517576,94,4.42,3.42,2.58,3.58,0.0,0.97,6.87,0.0,1.03,5.13,,,,insufficient_data,0.5638,0.4188,A,major,0.2946,0.5873092954903928,0.6589323803062944,False,0,False,,,,,,,,,,,,,False,,,,,,,,,
scotch_target,"T cells, CD8+",ENSG00000025770,NCAPH2,chr22,14,4,4,A,70.4,0.0372,0.0074,-1,-1,NCAPH2_ENST00000395698,NCAPH2_ENST00000420993,NCAPH2_ENST00000395698,junction:50517661-50517740,junction,50517661,50517740,79,4.42,3.42,2.58,3.58,0.0,0.48,7.36,0.0,0.52,5.64,,,,insufficient_data,0.5638,0.4188,A,major,0.2946,0.5873092954903928,0.6589323803062944,False,0,False,,,,,,,,,,,,,False,,,,,,,,,
scotch_target,"T cells, CD8+",ENSG00000025770,NCAPH2,chr22,14,4,4,A,70.4,0.0372,0.0074,-1,-1,NCAPH2_ENST00000395698,NCAPH2_ENST00000420993,NCAPH2_ENST00000395698,junction:50517809-50517972,junction,50517809,50517972,163,4.42,3.42,2.58,3.58,0.0,0.0,7.84,0.0,0.0,6.16,,,,insufficient_data,0.5638,0.4188,A,major,0.2946,0.5873092954903928,0.6589323803062944,False,0,False,,,,,,,,,,,,,False,,,,,,,,,
scotch_target,"T cells, CD8+",ENSG00000025770,NCAPH2,chr22,14,4,4,A,70.4,0.0372,0.0074,-1,-1,NCAPH2_ENST00000395698,NCAPH2_ENST00000420993,NCAPH2_ENST00000395698,junction:50518052-50518132,junction,50518052,50518132,80,4.42,3.42,2.58,3.58,0.0,0.0,7.84,0.0,0.0,6.16,,,,insufficient_data,0.5638,0.4188,A,major,0.2946,0.5873092954903928,0.6589323803062944,False,0,False,,,,,,,,,,,,,False,,,,,,,,,
scotch_target,"T cells, CD8+",ENSG00000025770,NCAPH2,chr22,14,4,4,A,70.4,0.0372,0.0074,-1,-1,NCAPH2_ENST00000395698,NCAPH2_ENST00000420993,NCAPH2_ENST00000395698,junction:50518278-50518648,junction,50518278,50518648,370,4.42,3.42,2.58,3.58,0.0,0.0,7.84,0.0,0.0,6.16,,,,insufficient_data,0.5638,0.4188,A,major,0.2946,0.5873092954903928,0.6589323803062944,False,0,False,,,,,,,,,,,,,False,,,,,,,,,
scotch_target,"T cells, CD8+",ENSG00000025770,NCAPH2,chr22,14,4,4,A,70.4,0.0372,0.0074,-1,-1,NCAPH2_ENST00000395698,NCAPH2_ENST00000420993,NCAPH2_ENST00000395698,junction:50518732-50519189,junction,50518732,50519189,457,4.42,3.42,2.58,3.58,0.0,0.0,7.84,0.0,0.0,6.16,,,,insufficient_data,0.5638,0.4188,A,major,0.2946,0.5873092954903928,0.6589323803062944,False,0,False,,,,,,,,,,,,,False,,,,,,,,,
scotch_target,"T cells, CD8+",ENSG00000025770,NCAPH2,chr22,14,4,4,A,70.4,0.0372,0.0074,-1,-1,NCAPH2_ENST00000395698,NCAPH2_ENST00000420993,NCAPH2_ENST00000395698,junction:50519320-50520964,junction,50519320,50520964,1644,2.97,4.87,1.03,5.13,0.0,0.0,7.84,0.0,0.0,6.16,,,,insufficient_data,0.3788,0.1672,A,major,0.7558,0.3846372149549344,0.6589323803062944,False,0,False,,,,,,,,,,,,,False,,,,,,,,,
scotch_target,"T cells, CD8+",ENSG00000025770,NCAPH2,chr22,14,4,4,A,70.4,0.0372,0.0074,-1,-1,NCAPH2_ENST00000395698,NCAPH2_ENST00000420993,NCAPH2_ENST00000395698,junction:50521036-50521542,junction,50521036,50521542,506,2.97,4.87,1.03,5.13,0.0,0.0,7.84,0.0,0.0,6.16,,,,insufficient_data,0.3788,0.1672,A,major,0.7558,0.3846372149549344,0.6589323803062944,False,0,False,,,,,,,,,,,,,False,,,,,,,,,
scotch_target,"T cells, CD8+",ENSG00000025770,NCAPH2,chr22,14,4,4,A,70.4,0.0372,0.0074,-1,-1,NCAPH2_ENST00000395698,NCAPH2_ENST00000420993,NCAPH2_ENST00000395698,junction:50521609-50521740,junction,50521609,50521740,131,2.97,4.87,1.03,5.13,0.0,0.0,7.84,0.0,0.0,6.16,,,,insufficient_data,0.3788,0.1672,A,major,0.7558,0.3846372149549344,0.6589323803062944,False,0,False,,,,,,,,,,,,,False,,,,,,,,,
scotch_target,"T cells, CD8+",ENSG00000025770,NCAPH2,chr22,14,4,4,A,70.4,0.0372,0.0074,-1,-1,NCAPH2_ENST00000395698,NCAPH2_ENST00000420993,NCAPH2_ENST00000395698,junction:50521848-50521985,junction,50521848,50521985,137,2.97,4.87,1.03,5.13,0.0,0.0,7.84,0.0,0.0,6.16,,,,insufficient_data,0.3788,0.1672,A,major,0.7558,0.3846372149549344,0.6589323803062944,False,0,False,,,,,,,,,,,,,False,,,,,,,,,
scotch_target,"T cells, CD8+",ENSG00000025770,NCAPH2,chr22,14,4,4,A,70.4,0.0372,0.0074,-1,-1,NCAPH2_ENST00000395698,NCAPH2_ENST00000420993,NCAPH2_ENST00000395698,junction:50522039-50522180,junction,50522039,50522180,141,2.97,4.87,1.03,5.13,0.0,0.0,7.84,0.0,0.0,6.16,,,,insufficient_data,0.3788,0.1672,A,major,0.7558,0.3846372149549344,0.6589323803062944,False,0,False,,,,,,,,,,,,,False,,,,,,,,,
scotch_target,"T cells, CD8+",ENSG00000025770,NCAPH2,chr22,14,4,4,A,70.4,0.0372,0.0074,-1,-1,NCAPH2_ENST00000395698,NCAPH2_ENST00000420993,NCAPH2_ENST00000395698,junction:50522251-50522342,junction,50522251,50522342,91,2.97,4.87,1.03,5.13,0.0,0.0,7.84,0.0,0.0,6.16,,,,insufficient_data,0.3788,0.1672,A,major,0.7558,0.3846372149549344,0.6589323803062944,False,0,False,,,,,,,,,,,,,False,,,,,,,,,
scotch_target,"T cells, CD8+",ENSG00000025770,NCAPH2,chr22,14,4,4,A,70.4,0.0372,0.0074,-1,-1,NCAPH2_ENST00000395698,NCAPH2_ENST00000420993,NCAPH2_ENST00000395698,junction:50522569-50522670,junction,50522569,50522670,101,2.97,4.87,1.03,5.13,0.0,0.0,7.84,0.0,1.0,5.16,,,,insufficient_data,0.3788,0.1672,A,major,0.7558,0.3846372149549344,0.6589323803062944,False,0,False,,,,,,,,,,,,,False,,,,,,,,,
scotch_target,"T cells, CD8+",ENSG00000025770,NCAPH2,chr22,14,4,4,A,70.4,0.0372,0.0074,-1,-1,NCAPH2_ENST00000395698,NCAPH2_ENST00000420993,NCAPH2_ENST00000395698,junction:50522720-50522820,junction,50522720,50522820,100,2.97,4.87,1.03,5.13,0.0,0.0,7.84,0.0,1.0,5.16,,,,insufficient_data,0.3788,0.1672,A,major,0.7558,0.3846372149549344,0.6589323803062944,False,0,False,,,,,,,,,,,,,False,,,,,,,,,
scotch_target,"T cells, CD8+",ENSG00000025770,NCAPH2,chr22,14,4,4,A,70.4,0.0372,0.0074,-1,-1,NCAPH2_ENST00000395698,NCAPH2_ENST00000420993,NCAPH2_ENST00000395698,junction:50522922-50523016,junction,50522922,50523016,94,2.97,4.87,1.03,5.13,0.0,0.0,7.84,0.0,1.0,5.16,,,,insufficient_data,0.3788,0.1672,A,major,0.7558,0.3846372149549344,0.6589323803062944,False,0,False,,,,,,,,,,,,,False,,,,,,,,,
scotch_target,"T cells, CD8+",ENSG00000025770,NCAPH2,chr22,14,4,4,A,70.4,0.0372,0.0074,-1,-1,NCAPH2_ENST00000395698,NCAPH2_ENST00000420993,NCAPH2_ENST00000395698,junction:50522415-50522500,junction,50522415,50522500,85,1.97,5.87,1.03,5.13,0.0,0.0,7.84,0.0,1.0,5.16,,,,insufficient_data,0.2513,0.1672,A,major,0.1444,0.7039623445016316,0.7710063773113109,True,2,False,chr22:50522492:C:G,50522492.0,C,G,A,0.9999940391390134,1.0,0.0,8.0,+,-,promotes_event,True,0.0,1.0,0.0,2.0,3.0,,,,chi2_cross_event
scotch_target,"T cells, CD8+",ENSG00000025770,NCAPH2,chr22,14,4,4,A,70.4,0.0372,0.0074,-1,-1,NCAPH2_ENST00000395698,NCAPH2_ENST00000420993,NCAPH2_ENST00000395698,junction:50522415-50522500,junction,50522415,50522500,85,1.97,5.87,1.03,5.13,0.0,0.0,7.84,0.0,1.0,5.16,,,,insufficient_data,0.2513,0.1672,A,major,0.1444,0.7039623445016316,0.7710063773113109,True,2,True,chr22:50522493:C:G,50522493.0,C,G,A,0.9999940391390134,1.0,0.0,7.0,+,-,promotes_event,True,0.0,1.0,0.0,2.0,3.0,,,,chi2_cross_event
scotch_target,"T cells, CD8+",ENSG00000025770,NCAPH2,chr22,14,4,4,A,70.4,0.0372,0.0074,-1,-1,NCAPH2_ENST00000395698,NCAPH2_ENST00000420993,NCAPH2_ENST00000395698,exon:50519320-50519546,exon,50519320,50519546,226,1.46,6.39,1.54,4.61,1.96,1.0,4.88,1.04,0.0,5.12,,,,insufficient_data,0.186,0.2504,B,minor,0.0875,0.7673762626478753,0.7844290684844947,False,0,False,,,,,,,,,,,,,False,,,,,,,,,
scotch_target,"T cells, CD8+",ENSG00000025770,NCAPH2,chr22,14,4,4,A,70.4,0.0372,0.0074,-1,-1,NCAPH2_ENST00000395698,NCAPH2_ENST00000420993,NCAPH2_ENST00000395698,exon:50519546-50519637,exon,50519546,50519637,91,1.46,6.39,1.54,4.61,1.96,1.0,4.88,1.04,0.0,5.12,,,,insufficient_data,0.186,0.2504,B,minor,0.0875,0.7673762626478753,0.7844290684844947,False,0,False,,,,,,,,,,,,,False,,,,,,,,,
scotch_target,"T cells, CD8+",ENSG00000025770,NCAPH2,chr22,14,4,4,A,70.4,0.0372,0.0074,-1,-1,NCAPH2_ENST00000395698,NCAPH2_ENST00000420993,NCAPH2_ENST00000395698,exon:50519637-50519752,exon,50519637,50519752,115,1.46,6.39,1.54,4.61,0.97,1.99,4.88,1.03,0.01,5.12,,,,insufficient_data,0.186,0.2504,B,minor,0.0875,0.7673762626478753,0.7844290684844947,False,0,False,,,,,,,,,,,,,False,,,,,,,,,
scotch_target,"T cells, CD8+",ENSG00000025770,NCAPH2,chr22,14,4,4,A,70.4,0.0372,0.0074,-1,-1,NCAPH2_ENST00000395698,NCAPH2_ENST00000420993,NCAPH2_ENST00000395698,exon:50508245-50508258,exon,50508245,50508258,13,3.42,4.42,2.58,3.58,2.46,0.0,5.39,1.54,0.0,4.61,,,,insufficient_data,0.4362,0.4188,A,major,0.0049,0.9443616666199256,0.9443616666199256,False,0,False,,,,,,,,,,,,,False,,,,,,,,,
scotch_target,"T cells, CD8+",ENSG00000099940,SNAP29,chr22,15,8,5,A,70.4,0.004,0.0097,-1,-1,SNAP29_ENST00000215730,SNAP29_ENST00000215730,SNAP29_ENST00000215730,exon:20859006-20859080,exon,20859006,20859080,74,3.03,4.53,2.97,4.47,1.0,0.0,6.56,2.0,0.0,5.44,,,,insufficient_data,0.4008,0.3992,A,major,0.0,0.9979814336756941,0.9979814336756941,True,1,True,chr22:20859091:C:T,20859091.0,C,T,A,0.9999940391390134,1.0,11.0,11.0,+,+,promotes_event,True,3.0,1.0,2.0,1.0,7.0,,,,chi2_cross_event
scotch_target,"T cells, CD8+",ENSG00000099940,SNAP29,chr22,15,8,5,A,70.4,0.004,0.0097,-1,-1,SNAP29_ENST00000215730,SNAP29_ENST00000215730,SNAP29_ENST00000215730,exon:20859080-20859122,exon,20859080,20859122,42,3.03,4.53,2.97,4.47,3.1,0.0,4.46,3.9,0.0,3.54,,,,insufficient_data,0.4008,0.3992,A,major,0.0,0.9979814336756941,0.9979814336756941,True,1,True,chr22:20859091:C:T,20859091.0,C,T,A,0.9999940391390134,1.0,0.0,11.0,+,+,promotes_event,True,4.0,0.0,3.0,0.0,7.0,,,,binomial_intra_event
scotch_target,"T cells, CD8+",ENSG00000099940,SNAP29,chr22,15,8,5,A,70.4,0.004,0.0097,-1,-1,SNAP29_ENST00000215730,SNAP29_ENST00000215730,SNAP29_ENST00000215730,exon:20859122-20859347,exon,20859122,20859347,225,3.03,4.53,2.97,4.47,3.1,0.0,4.46,3.9,0.0,3.54,,,,insufficient_data,0.4008,0.3992,A,major,0.0,0.9979814336756941,0.9979814336756941,True,1,True,chr22:20859091:C:T,20859091.0,C,T,A,0.9999940391390134,1.0,31.0,31.0,+,+,promotes_event,True,3.0,1.0,2.0,1.0,7.0,,,,chi2_cross_event
scotch_target,"T cells, CD8+",ENSG00000099940,SNAP29,chr22,15,8,5,A,70.4,0.004,0.0097,-1,-1,SNAP29_ENST00000215730,SNAP29_ENST00000215730,SNAP29_ENST00000215730,exon:20870336-20870533,exon,20870336,20870533,197,3.03,4.53,2.97,4.47,3.6,0.0,3.96,4.4,0.0,3.04,,,,insufficient_data,0.4008,0.3992,A,major,0.0,0.9979814336756941,0.9979814336756941,False,0,False,,,,,,,,,,,,,False,,,,,,,,,
scotch_target,"T cells, CD8+",ENSG00000099940,SNAP29,chr22,15,8,5,A,70.4,0.004,0.0097,-1,-1,SNAP29_ENST00000215730,SNAP29_ENST00000215730,SNAP29_ENST00000215730,exon:20881048-20881134,exon,20881048,20881134,86,3.03,4.53,2.97,4.47,3.6,0.0,3.96,4.4,0.0,3.04,,,,insufficient_data,0.4008,0.3992,A,major,0.0,0.9979814336756941,0.9979814336756941,False,0,False,,,,,,,,,,,,,False,,,,,,,,,
scotch_target,"T cells, CD8+",ENSG00000099940,SNAP29,chr22,15,8,5,A,70.4,0.004,0.0097,-1,-1,SNAP29_ENST00000215730,SNAP29_ENST00000215730,SNAP29_ENST00000215730,exon:20883470-20883569,exon,20883470,20883569,99,3.03,4.53,2.97,4.47,2.6,1.0,3.96,4.4,0.0,3.04,,,,insufficient_data,0.4008,0.3992,A,major,0.0,0.9979814336756941,0.9979814336756941,False,0,False,,,,,,,,,,,,,False,,,,,,,,,
scotch_target,"T cells, CD8+",ENSG00000099940,SNAP29,chr22,15,8,5,A,70.4,0.004,0.0097,-1,-1,SNAP29_ENST00000215730,SNAP29_ENST00000215730,SNAP29_ENST00000215730,exon:20887678-20887819,exon,20887678,20887819,141,3.03,4.53,2.97,4.47,2.6,1.0,3.96,4.4,0.0,3.04,,,,insufficient_data,0.4008,0.3992,A,major,0.0,0.9979814336756941,0.9979814336756941,False,0,False,,,,,,,,,,,,,False,,,,,,,,,
scotch_target,"T cells, CD8+",ENSG00000099940,SNAP29,chr22,15,8,5,A,70.4,0.004,0.0097,-1,-1,SNAP29_ENST00000215730,SNAP29_ENST00000215730,SNAP29_ENST00000215730,exon:20887819-20887975,exon,20887819,20887975,156,3.03,4.53,2.97,4.47,2.57,1.0,3.99,1.43,0.0,6.01,,,,insufficient_data,0.4008,0.3992,A,major,0.0,0.9979814336756941,0.9979814336756941,False,0,False,,,,,,,,,,,,,False,,,,,,,,,
scotch_target,"T cells, CD8+",ENSG00000099940,SNAP29,chr22,15,8,5,A,70.4,0.004,0.0097,-1,-1,SNAP29_ENST00000215730,SNAP29_ENST00000215730,SNAP29_ENST00000215730,exon:20887975-20889205,exon,20887975,20889205,1230,3.03,4.53,2.97,4.47,1.49,1.0,5.06,0.51,0.0,6.94,,,,insufficient_data,0.4008,0.3992,A,major,0.0,0.9979814336756941,0.9979814336756941,True,1,True,chr22:20888964:T:C,20888964.0,T,C,B,5.9608609865491405e-06,1.0,0.0,241.0,-,-,reduces_event,True,0.0,0.0,0.0,0.0,0.0,,,,binomial_intra_event
scotch_target,"T cells, CD8+",ENSG00000099940,SNAP29,chr22,15,8,5,A,70.4,0.004,0.0097,-1,-1,SNAP29_ENST00000215730,SNAP29_ENST00000215730,SNAP29_ENST00000215730,exon:20889205-20889263,exon,20889205,20889263,58,3.03,4.53,2.97,4.47,0.0,1.0,6.56,0.0,0.0,7.44,,,,insufficient_data,0.4008,0.3992,A,major,0.0,0.9979814336756941,0.9979814336756941,False,0,False,,,,,,,,,,,,,False,,,,,,,,,
scotch_target,"T cells, CD8+",ENSG00000099940,SNAP29,chr22,15,8,5,A,70.4,0.004,0.0097,-1,-1,SNAP29_ENST00000215730,SNAP29_ENST00000215730,SNAP29_ENST00000215730,exon:20889263-20890899,exon,20889263,20890899,1636,3.03,4.53,2.97,4.47,2.0,0.0,5.56,0.0,0.0,7.44,,,,insufficient_data,0.4008,0.3992,A,major,0.0,0.9979814336756941,0.9979814336756941,True,3,False,chr22:20889398:T:G,20889398.0,T,G,B,5.9608609865491405e-06,1.0,0.0,135.0,-,-,reduces_event,True,0.0,0.0,0.0,0.0,0.0,,,,binomial_intra_event
scotch_target,"T cells, CD8+",ENSG00000099940,SNAP29,chr22,15,8,5,A,70.4,0.004,0.0097,-1,-1,SNAP29_ENST00000215730,SNAP29_ENST00000215730,SNAP29_ENST00000215730,exon:20889263-20890899,exon,20889263,20890899,1636,3.03,4.53,2.97,4.47,2.0,0.0,5.56,0.0,0.0,7.44,,,,insufficient_data,0.4008,0.3992,A,major,0.0,0.9979814336756941,0.9979814336756941,True,3,False,chr22:20890096:G:T,20890096.0,G,T,A,0.9999940391390134,1.0,0.0,803.0,+,+,promotes_event,True,0.0,0.0,0.0,0.0,0.0,,,,binomial_intra_event
scotch_target,"T cells, CD8+",ENSG00000099940,SNAP29,chr22,15,8,5,A,70.4,0.004,0.0097,-1,-1,SNAP29_ENST00000215730,SNAP29_ENST00000215730,SNAP29_ENST00000215730,exon:20889263-20890899,exon,20889263,20890899,1636,3.03,4.53,2.97,4.47,2.0,0.0,5.56,0.0,0.0,7.44,,,,insufficient_data,0.4008,0.3992,A,major,0.0,0.9979814336756941,0.9979814336756941,True,3,True,chr22:20890796:T:C,20890796.0,T,C,A,0.9999940391390134,1.0,0.0,103.0,+,+,promotes_event,True,0.0,0.0,1.0,0.0,1.0,,,,binomial_intra_event
scotch_target,"T cells, CD8+",ENSG00000099940,SNAP29,chr22,15,8,5,A,70.4,0.004,0.0097,-1,-1,SNAP29_ENST00000215730,SNAP29_ENST00000215730,SNAP29_ENST00000215730,exon:20890899-20891214,exon,20890899,20891214,315,3.03,4.53,2.97,4.47,1.0,0.0,6.56,0.0,0.0,7.44,,,,insufficient_data,0.4008,0.3992,A,major,0.0,0.9979814336756941,0.9979814336756941,False,0,False,,,,,,,,,,,,,False,,,,,,,,,
scotch_target,"T cells, CD8+",ENSG00000099940,SNAP29,chr22,15,8,5,A,70.4,0.004,0.0097,-1,-1,SNAP29_ENST00000215730,SNAP29_ENST00000215730,SNAP29_ENST00000215730,junction:20859347-20870336,junction,20859347,20870336,10989,3.03,4.53,2.97,4.47,0.0,0.0,7.56,0.0,0.0,7.44,,,,insufficient_data,0.4008,0.3992,A,major,0.0,0.9979814336756941,0.9979814336756941,False,0,False,,,,,,,,,,,,,False,,,,,,,,,
scotch_target,"T cells, CD8+",ENSG00000099940,SNAP29,chr22,15,8,5,A,70.4,0.004,0.0097,-1,-1,SNAP29_ENST00000215730,SNAP29_ENST00000215730,SNAP29_ENST00000215730,junction:20870533-20881048,junction,20870533,20881048,10515,3.03,4.53,2.97,4.47,0.49,0.0,7.06,0.51,0.0,6.94,,,,insufficient_data,0.4008,0.3992,A,major,0.0,0.9979814336756941,0.9979814336756941,False,0,False,,,,,,,,,,,,,False,,,,,,,,,
scotch_target,"T cells, CD8+",ENSG00000099940,SNAP29,chr22,15,8,5,A,70.4,0.004,0.0097,-1,-1,SNAP29_ENST00000215730,SNAP29_ENST00000215730,SNAP29_ENST00000215730,junction:20881134-20883470,junction,20881134,20883470,2336,3.03,4.53,2.97,4.47,0.49,0.0,7.06,0.51,0.0,6.94,,,,insufficient_data,0.4008,0.3992,A,major,0.0,0.9979814336756941,0.9979814336756941,False,0,False,,,,,,,,,,,,,False,,,,,,,,,
scotch_target,"T cells, CD8+",ENSG00000099940,SNAP29,chr22,15,8,5,A,70.4,0.004,0.0097,-1,-1,SNAP29_ENST00000215730,SNAP29_ENST00000215730,SNAP29_ENST00000215730,junction:20883569-20887678,junction,20883569,20887678,4109,3.03,4.53,2.97,4.47,0.49,0.0,7.06,0.51,0.0,6.94,,,,insufficient_data,0.4008,0.3992,A,major,0.0,0.9979814336756941,0.9979814336756941,False,0,False,,,,,,,,,,,,,False,,,,,,,,,
scotch_target,"T cells, CD8+",ENSG00000100207,TCF20,chr22,87,19,8,A,70.4,0.0644,0.0137,-1,0,TCF20_Other,TCF20_Other,TCF20_Other,exon:42214846-42215341,exon,42214846,42215341,495,1.4,42.14,1.6,41.86,0.0,0.0,43.54,0.0,0.0,43.46,,,,insufficient_data,0.0322,0.0368,B,minor,0.0139,0.9060674619900316,0.9060674619900316,False,0,False,,,,,,,,,,,,,False,,,,,,,,,
scotch_target,"T cells, CD8+",ENSG00000100347,SAMM50,chr22,14,7,2,A,70.4,0.0559,0.0218,-1,-1,SAMM50_ENST00000350028,SAMM50_ENST00000350028,SAMM50_ENST00000350028,exon:43955441-43955598,exon,43955441,43955598,157,3.53,5.17,1.47,3.83,4.0,0.0,4.7,2.0,0.0,3.3,,,,insufficient_data,0.4057,0.2774,A,major,0.235,0.6278663528545881,0.7943689608491131,False,0,False,,,,,,,,,,,,,False,,,,,,,,,
scotch_target,"T cells, CD8+",ENSG00000100347,SAMM50,chr22,14,7,2,A,70.4,0.0559,0.0218,-1,-1,SAMM50_ENST00000350028,SAMM50_ENST00000350028,SAMM50_ENST00000350028,exon:43963285-43963396,exon,43963285,43963396,111,3.53,5.17,1.47,3.83,3.53,1.0,4.17,2.47,0.0,2.83,,,,insufficient_data,0.4057,0.2774,A,major,0.235,0.6278663528545881,0.7943689608491131,False,0,False,,,,,,,,,,,,,False,,,,,,,,,
scotch_target,"T cells, CD8+",ENSG00000100347,SAMM50,chr22,14,7,2,A,70.4,0.0559,0.0218,-1,-1,SAMM50_ENST00000350028,SAMM50_ENST00000350028,SAMM50_ENST00000350028,exon:43964451-43964488,exon,43964451,43964488,37,3.53,5.17,1.47,3.83,4.53,0.0,4.17,2.47,0.0,2.83,,,,insufficient_data,0.4057,0.2774,A,major,0.235,0.6278663528545881,0.7943689608491131,False,0,False,,,,,,,,,,,,,False,,,,,,,,,
scotch_target,"T cells, CD8+",ENSG00000100347,SAMM50,chr22,14,7,2,A,70.4,0.0559,0.0218,-1,-1,SAMM50_ENST00000350028,SAMM50_ENST00000350028,SAMM50_ENST00000350028,exon:43964488-43964553,exon,43964488,43964553,65,3.53,5.17,1.47,3.83,4.53,0.0,4.17,2.47,0.0,2.83,,,,insufficient_data,0.4057,0.2774,A,major,0.235,0.6278663528545881,0.7943689608491131,False,0,False,,,,,,,,,,,,,False,,,,,,,,,
scotch_target,"T cells, CD8+",ENSG00000100347,SAMM50,chr22,14,7,2,A,70.4,0.0559,0.0218,-1,-1,SAMM50_ENST00000350028,SAMM50_ENST00000350028,SAMM50_ENST00000350028,exon:43968730-43968818,exon,43968730,43968818,88,3.53,5.17,1.47,3.83,4.0,0.0,4.7,2.0,0.0,3.3,,,,insufficient_data,0.4057,0.2774,A,major,0.235,0.6278663528545881,0.7943689608491131,False,0,False,,,,,,,,,,,,,False,,,,,,,,,
scotch_target,"T cells, CD8+",ENSG00000100347,SAMM50,chr22,14,7,2,A,70.4,0.0559,0.0218,-1,-1,SAMM50_ENST00000350028,SAMM50_ENST00000350028,SAMM50_ENST00000350028,exon:43972235-43972342,exon,43972235,43972342,107,3.53,5.17,1.47,3.83,4.0,0.0,4.7,2.0,0.0,3.3,,,,insufficient_data,0.4057,0.2774,A,major,0.235,0.6278663528545881,0.7943689608491131,True,1,True,chr22:43972323:A:G,43972323.0,A,G,A,0.9999940391390134,1.0,0.0,19.0,+,+,promotes_event,True,2.0,0.0,4.0,0.0,6.0,,,,binomial_intra_event
scotch_target,"T cells, CD8+",ENSG00000100347,SAMM50,chr22,14,7,2,A,70.4,0.0559,0.0218,-1,-1,SAMM50_ENST00000350028,SAMM50_ENST00000350028,SAMM50_ENST00000350028,exon:43972870-43973001,exon,43972870,43973001,131,3.53,5.17,1.47,3.83,4.0,0.0,4.7,2.0,0.0,3.3,,,,insufficient_data,0.4057,0.2774,A,major,0.235,0.6278663528545881,0.7943689608491131,True,1,True,chr22:43972323:A:G,43972323.0,A,G,A,0.9999940391390134,1.0,19.0,547.0,+,+,promotes_event,True,1.0,1.0,3.0,1.0,6.0,,,,chi2_cross_event
scotch_target,"T cells, CD8+",ENSG00000100347,SAMM50,chr22,14,7,2,A,70.4,0.0559,0.0218,-1,-1,SAMM50_ENST00000350028,SAMM50_ENST00000350028,SAMM50_ENST00000350028,exon:43973235-43973322,exon,43973235,43973322,87,3.53,5.17,1.47,3.83,4.0,0.0,4.7,1.0,0.0,4.3,,,,insufficient_data,0.4057,0.2774,A,major,0.235,0.6278663528545881,0.7943689608491131,False,0,False,,,,,,,,,,,,,False,,,,,,,,,
scotch_target,"T cells, CD8+",ENSG00000100347,SAMM50,chr22,14,7,2,A,70.4,0.0559,0.0218,-1,-1,SAMM50_ENST00000350028,SAMM50_ENST00000350028,SAMM50_ENST00000350028,exon:43976054-43976183,exon,43976054,43976183,129,4.59,4.11,2.41,2.89,4.0,0.0,4.7,1.0,0.0,4.3,,,,insufficient_data,0.5276,0.4547,A,major,0.0679,0.7943689608491131,0.7943689608491131,False,0,False,,,,,,,,,,,,,False,,,,,,,,,
scotch_target,"T cells, CD8+",ENSG00000100347,SAMM50,chr22,14,7,2,A,70.4,0.0559,0.0218,-1,-1,SAMM50_ENST00000350028,SAMM50_ENST00000350028,SAMM50_ENST00000350028,exon:43976749-43976821,exon,43976749,43976821,72,4.59,4.11,2.41,2.89,4.0,0.0,4.7,1.0,0.0,4.3,,,,insufficient_data,0.5276,0.4547,A,major,0.0679,0.7943689608491131,0.7943689608491131,False,0,False,,,,,,,,,,,,,False,,,,,,,,,
scotch_target,"T cells, CD8+",ENSG00000100347,SAMM50,chr22,14,7,2,A,70.4,0.0559,0.0218,-1,-1,SAMM50_ENST00000350028,SAMM50_ENST00000350028,SAMM50_ENST00000350028,exon:43977871-43977958,exon,43977871,43977958,87,4.59,4.11,2.41,2.89,4.0,0.0,4.7,1.0,0.0,4.3,,,,insufficient_data,0.5276,0.4547,A,major,0.0679,0.7943689608491131,0.7943689608491131,False,0,False,,,,,,,,,,,,,False,,,,,,,,,
scotch_target,"T cells, CD8+",ENSG00000100347,SAMM50,chr22,14,7,2,A,70.4,0.0559,0.0218,-1,-1,SAMM50_ENST00000350028,SAMM50_ENST00000350028,SAMM50_ENST00000350028,exon:43981390-43981461,exon,43981390,43981461,71,4.59,4.11,2.41,2.89,4.0,0.0,4.7,1.0,0.0,4.3,,,,insufficient_data,0.5276,0.4547,A,major,0.0679,0.7943689608491131,0.7943689608491131,False,0,False,,,,,,,,,,,,,False,,,,,,,,,
scotch_target,"T cells, CD8+",ENSG00000100347,SAMM50,chr22,14,7,2,A,70.4,0.0559,0.0218,-1,-1,SAMM50_ENST00000350028,SAMM50_ENST00000350028,SAMM50_ENST00000350028,exon:43983932-43984000,exon,43983932,43984000,68,4.59,4.11,2.41,2.89,4.53,0.0,4.17,1.47,0.0,3.83,,,,insufficient_data,0.5276,0.4547,A,major,0.0679,0.7943689608491131,0.7943689608491131,False,0,False,,,,,,,,,,,,,False,,,,,,,,,
scotch_target,"T cells, CD8+",ENSG00000100347,SAMM50,chr22,14,7,2,A,70.4,0.0559,0.0218,-1,-1,SAMM50_ENST00000350028,SAMM50_ENST00000350028,SAMM50_ENST00000350028,exon:43989110-43989257,exon,43989110,43989257,147,5.58,3.12,2.42,2.88,5.0,0.0,3.7,1.0,0.0,4.3,,,,insufficient_data,0.6414,0.4566,A,major,0.4659,0.4948754482751784,0.7943689608491131,False,0,False,,,,,,,,,,,,,False,,,,,,,,,
scotch_target,"T cells, CD8+",ENSG00000100347,SAMM50,chr22,14,7,2,A,70.4,0.0559,0.0218,-1,-1,SAMM50_ENST00000350028,SAMM50_ENST00000350028,SAMM50_ENST00000350028,exon:43990264-43990327,exon,43990264,43990327,63,5.58,3.12,2.42,2.88,5.0,0.0,3.7,1.0,0.0,4.3,,,,insufficient_data,0.6414,0.4566,A,major,0.4659,0.4948754482751784,0.7943689608491131,False,0,False,,,,,,,,,,,,,False,,,,,,,,,
scotch_target,"T cells, CD8+",ENSG00000100347,SAMM50,chr22,14,7,2,A,70.4,0.0559,0.0218,-1,-1,SAMM50_ENST00000350028,SAMM50_ENST00000350028,SAMM50_ENST00000350028,exon:43990327-43990406,exon,43990327,43990406,79,5.58,3.12,2.42,2.88,5.0,0.0,3.7,1.0,0.0,4.3,,,,insufficient_data,0.6414,0.4566,A,major,0.4659,0.4948754482751784,0.7943689608491131,True,1,True,chr22:43990400:C:T,43990400.0,C,T,A,0.9999940391390134,1.0,0.0,6.0,+,+,promotes_event,True,1.0,0.0,5.0,0.0,6.0,,,,binomial_intra_event
scotch_target,"T cells, CD8+",ENSG00000100347,SAMM50,chr22,14,7,2,A,70.4,0.0559,0.0218,-1,-1,SAMM50_ENST00000350028,SAMM50_ENST00000350028,SAMM50_ENST00000350028,exon:43996337-43996376,exon,43996337,43996376,39,5.58,3.12,2.42,2.88,5.0,0.0,3.7,1.0,0.0,4.3,,,,insufficient_data,0.6414,0.4566,A,major,0.4659,0.4948754482751784,0.7943689608491131,False,0,False,,,,,,,,,,,,,False,,,,,,,,,
scotch_target,"T cells, CD8+",ENSG00000100347,SAMM50,chr22,14,7,2,A,70.4,0.0559,0.0218,-1,-1,SAMM50_ENST00000350028,SAMM50_ENST00000350028,SAMM50_ENST00000350028,exon:43996376-43996529,exon,43996376,43996529,153,5.58,3.12,2.42,2.88,5.0,0.0,3.7,1.0,0.0,4.3,,,,insufficient_data,0.6414,0.4566,A,major,0.4659,0.4948754482751784,0.7943689608491131,False,0,False,,,,,,,,,,,,,False,,,,,,,,,
scotch_target,"T cells, CD8+",ENSG00000100347,SAMM50,chr22,14,7,2,A,70.4,0.0559,0.0218,-1,-1,SAMM50_ENST00000350028,SAMM50_ENST00000350028,SAMM50_ENST00000350028,junction:43955598-43963285,junction,43955598,43963285,7687,3.53,5.17,1.47,3.83,0.0,0.0,8.7,0.0,0.0,5.3,,,,insufficient_data,0.4057,0.2774,A,major,0.235,0.6278663528545881,0.7943689608491131,False,0,False,,,,,,,,,,,,,False,,,,,,,,,
scotch_target,"T cells, CD8+",ENSG00000100347,SAMM50,chr22,14,7,2,A,70.4,0.0559,0.0218,-1,-1,SAMM50_ENST00000350028,SAMM50_ENST00000350028,SAMM50_ENST00000350028,junction:43963396-43964451,junction,43963396,43964451,1055,3.53,5.17,1.47,3.83,0.53,0.0,8.17,0.47,0.0,4.83,,,,insufficient_data,0.4057,0.2774,A,major,0.235,0.6278663528545881,0.7943689608491131,False,0,False,,,,,,,,,,,,,False,,,,,,,,,
scotch_target,"T cells, CD8+",ENSG00000100347,SAMM50,chr22,14,7,2,A,70.4,0.0559,0.0218,-1,-1,SAMM50_ENST00000350028,SAMM50_ENST00000350028,SAMM50_ENST00000350028,junction:43964553-43968730,junction,43964553,43968730,4177,3.53,5.17,1.47,3.83,0.0,0.0,8.7,0.0,0.0,5.3,,,,insufficient_data,0.4057,0.2774,A,major,0.235,0.6278663528545881,0.7943689608491131,False,0,False,,,,,,,,,,,,,False,,,,,,,,,
scotch_target,"T cells, CD8+",ENSG00000100347,SAMM50,chr22,14,7,2,A,70.4,0.0559,0.0218,-1,-1,SAMM50_ENST00000350028,SAMM50_ENST00000350028,SAMM50_ENST00000350028,junction:43968818-43972235,junction,43968818,43972235,3417,3.53,5.17,1.47,3.83,0.0,0.0,8.7,0.0,0.0,5.3,,,,insufficient_data,0.4057,0.2774,A,major,0.235,0.6278663528545881,0.7943689608491131,False,0,False,,,,,,,,,,,,,False,,,,,,,,,
scotch_target,"T cells, CD8+",ENSG00000100347,SAMM50,chr22,14,7,2,A,70.4,0.0559,0.0218,-1,-1,SAMM50_ENST00000350028,SAMM50_ENST00000350028,SAMM50_ENST00000350028,junction:43972342-43972870,junction,43972342,43972870,528,3.53,5.17,1.47,3.83,0.0,0.0,8.7,0.0,0.0,5.3,,,,insufficient_data,0.4057,0.2774,A,major,0.235,0.6278663528545881,0.7943689608491131,True,1,True,chr22:43972323:A:G,43972323.0,A,G,A,0.9999940391390134,1.0,19.0,19.0,+,+,promotes_event,True,1.0,1.0,3.0,1.0,6.0,,,,chi2_cross_event
scotch_target,"T cells, CD8+",ENSG00000100347,SAMM50,chr22,14,7,2,A,70.4,0.0559,0.0218,-1,-1,SAMM50_ENST00000350028,SAMM50_ENST00000350028,SAMM50_ENST00000350028,junction:43973001-43973235,junction,43973001,43973235,234,3.53,5.17,1.47,3.83,3.0,0.0,5.7,0.0,0.0,5.3,,,,insufficient_data,0.4057,0.2774,A,major,0.235,0.6278663528545881,0.7943689608491131,False,0,False,,,,,,,,,,,,,False,,,,,,,,,
scotch_target,"T cells, CD8+",ENSG00000100347,SAMM50,chr22,14,7,2,A,70.4,0.0559,0.0218,-1,-1,SAMM50_ENST00000350028,SAMM50_ENST00000350028,SAMM50_ENST00000350028,junction:43973323-43976054,junction,43973323,43976054,2731,3.53,5.17,1.47,3.83,4.0,0.0,4.7,1.0,0.0,4.3,,,,insufficient_data,0.4057,0.2774,A,major,0.235,0.6278663528545881,0.7943689608491131,False,0,False,,,,,,,,,,,,,False,,,,,,,,,
scotch_target,"T cells, CD8+",ENSG00000100347,SAMM50,chr22,14,7,2,A,70.4,0.0559,0.0218,-1,-1,SAMM50_ENST00000350028,SAMM50_ENST00000350028,SAMM50_ENST00000350028,junction:43976183-43976749,junction,43976183,43976749,566,4.59,4.11,2.41,2.89,0.0,0.0,8.7,0.0,0.0,5.3,,,,insufficient_data,0.5276,0.4547,A,major,0.0679,0.7943689608491131,0.7943689608491131,False,0,False,,,,,,,,,,,,,False,,,,,,,,,
scotch_target,"T cells, CD8+",ENSG00000100347,SAMM50,chr22,14,7,2,A,70.4,0.0559,0.0218,-1,-1,SAMM50_ENST00000350028,SAMM50_ENST00000350028,SAMM50_ENST00000350028,junction:43976821-43977871,junction,43976821,43977871,1050,4.59,4.11,2.41,2.89,0.0,0.0,8.7,0.0,0.0,5.3,,,,insufficient_data,0.5276,0.4547,A,major,0.0679,0.7943689608491131,0.7943689608491131,False,0,False,,,,,,,,,,,,,False,,,,,,,,,
scotch_target,"T cells, CD8+",ENSG00000100347,SAMM50,chr22,14,7,2,A,70.4,0.0559,0.0218,-1,-1,SAMM50_ENST00000350028,SAMM50_ENST00000350028,SAMM50_ENST00000350028,junction:43977958-43981390,junction,43977958,43981390,3432,4.59,4.11,2.41,2.89,0.0,0.0,8.7,0.0,0.0,5.3,,,,insufficient_data,0.5276,0.4547,A,major,0.0679,0.7943689608491131,0.7943689608491131,False,0,False,,,,,,,,,,,,,False,,,,,,,,,
scotch_target,"T cells, CD8+",ENSG00000100347,SAMM50,chr22,14,7,2,A,70.4,0.0559,0.0218,-1,-1,SAMM50_ENST00000350028,SAMM50_ENST00000350028,SAMM50_ENST00000350028,junction:43981461-43983932,junction,43981461,43983932,2471,4.59,4.11,2.41,2.89,0.0,0.0,8.7,0.0,0.0,5.3,,,,insufficient_data,0.5276,0.4547,A,major,0.0679,0.7943689608491131,0.7943689608491131,False,0,False,,,,,,,,,,,,,False,,,,,,,,,
scotch_target,"T cells, CD8+",ENSG00000100347,SAMM50,chr22,14,7,2,A,70.4,0.0559,0.0218,-1,-1,SAMM50_ENST00000350028,SAMM50_ENST00000350028,SAMM50_ENST00000350028,junction:43984000-43989110,junction,43984000,43989110,5110,4.59,4.11,2.41,2.89,0.0,0.0,8.7,0.0,0.0,5.3,,,,insufficient_data,0.5276,0.4547,A,major,0.0679,0.7943689608491131,0.7943689608491131,False,0,False,,,,,,,,,,,,,False,,,,,,,,,
scotch_target,"T cells, CD8+",ENSG00000100347,SAMM50,chr22,14,7,2,A,70.4,0.0559,0.0218,-1,-1,SAMM50_ENST00000350028,SAMM50_ENST00000350028,SAMM50_ENST00000350028,junction:43989257-43990264,junction,43989257,43990264,1007,5.58,3.12,2.42,2.88,0.0,0.0,8.7,0.0,0.0,5.3,,,,insufficient_data,0.6414,0.4566,A,major,0.4659,0.4948754482751784,0.7943689608491131,False,0,False,,,,,,,,,,,,,False,,,,,,,,,
scotch_target,"T cells, CD8+",ENSG00000100347,SAMM50,chr22,14,7,2,A,70.4,0.0559,0.0218,-1,-1,SAMM50_ENST00000350028,SAMM50_ENST00000350028,SAMM50_ENST00000350028,junction:43990406-43996337,junction,43990406,43996337,5931,5.58,3.12,2.42,2.88,0.0,0.0,8.7,0.0,0.0,5.3,,,,insufficient_data,0.6414,0.4566,A,major,0.4659,0.4948754482751784,0.7943689608491131,True,1,True,chr22:43990400:C:T,43990400.0,C,T,A,0.9999940391390134,1.0,6.0,6.0,+,+,promotes_event,True,1.0,0.0,4.0,1.0,6.0,,,,chi2_cross_event
scotch_target,"T cells, CD8+",ENSG00000128294,TPST2,chr22,19,7,8,A,70.4,0.0588,0.0031,-1,-1,TPST2_ENST00000338754,TPST2_ENST00000338754,TPST2_Other,exon:26521995-26522387,exon,26521995,26522387,392,2.59,8.8,1.41,6.2,1.06,0.53,9.8,0.94,0.47,6.2,,,,insufficient_data,0.2274,0.1853,A,major,0.0498,0.8234459308964439,0.9908693963679045,False,0,False,,,,,,,,,,,,,False,,,,,,,,,
scotch_target,"T cells, CD8+",ENSG00000128294,TPST2,chr22,19,7,8,A,70.4,0.0588,0.0031,-1,-1,TPST2_ENST00000338754,TPST2_ENST00000338754,TPST2_Other,exon:26522387-26522481,exon,26522387,26522481,94,2.59,8.8,1.41,6.2,1.06,0.53,9.8,0.94,0.47,6.2,,,,insufficient_data,0.2274,0.1853,A,major,0.0498,0.8234459308964439,0.9908693963679045,False,0,False,,,,,,,,,,,,,False,,,,,,,,,
scotch_target,"T cells, CD8+",ENSG00000128294,TPST2,chr22,19,7,8,A,70.4,0.0588,0.0031,-1,-1,TPST2_ENST00000338754,TPST2_ENST00000338754,TPST2_Other,exon:26522481-26522905,exon,26522481,26522905,424,2.59,8.8,1.41,6.2,1.06,0.53,9.8,0.94,0.47,6.2,,,,insufficient_data,0.2274,0.1853,A,major,0.0498,0.8234459308964439,0.9908693963679045,False,0,False,,,,,,,,,,,,,False,,,,,,,,,
scotch_target,"T cells, CD8+",ENSG00000128294,TPST2,chr22,19,7,8,A,70.4,0.0588,0.0031,-1,-1,TPST2_ENST00000338754,TPST2_ENST00000338754,TPST2_Other,exon:26522905-26523564,exon,26522905,26523564,659,2.59,8.8,1.41,6.2,0.0,0.53,10.86,0.0,0.47,7.14,,,,insufficient_data,0.2274,0.1853,A,major,0.0498,0.8234459308964439,0.9908693963679045,False,0,False,,,,,,,,,,,,,False,,,,,,,,,
scotch_target,"T cells, CD8+",ENSG00000128294,TPST2,chr22,19,7,8,A,70.4,0.0588,0.0031,-1,-1,TPST2_ENST00000338754,TPST2_ENST00000338754,TPST2_Other,exon:26523564-26525055,exon,26523564,26525055,1491,2.59,8.8,1.41,6.2,0.0,0.53,10.86,0.0,0.47,7.14,,,,insufficient_data,0.2274,0.1853,A,major,0.0498,0.8234459308964439,0.9908693963679045,True,1,True,chr22:26524303:T:C,26524303.0,T,C,B,0.011995203185189,0.91,0.0,739.0,-,+,reduces_event,True,0.0,0.0,0.0,0.0,0.0,,,,binomial_intra_event
scotch_target,"T cells, CD8+",ENSG00000128294,TPST2,chr22,19,7,8,A,70.4,0.0588,0.0031,-1,-1,TPST2_ENST00000338754,TPST2_ENST00000338754,TPST2_Other,exon:26525055-26525224,exon,26525055,26525224,169,2.59,8.8,1.41,6.2,0.0,0.53,10.86,0.0,0.47,7.14,,,,insufficient_data,0.2274,0.1853,A,major,0.0498,0.8234459308964439,0.9908693963679045,False,0,False,,,,,,,,,,,,,False,,,,,,,,,
scotch_target,"T cells, CD8+",ENSG00000128294,TPST2,chr22,19,7,8,A,70.4,0.0588,0.0031,-1,-1,TPST2_ENST00000338754,TPST2_ENST00000338754,TPST2_Other,exon:26525224-26525745,exon,26525224,26525745,521,2.59,8.8,1.41,6.2,0.0,0.53,10.86,0.0,0.47,7.14,,,,insufficient_data,0.2274,0.1853,A,major,0.0498,0.8234459308964439,0.9908693963679045,True,1,True,chr22:26525758:A:G,26525758.0,A,G,B,5.9608609865491405e-06,1.0,13.0,13.0,-,+,reduces_event,True,0.0,0.0,0.0,0.0,0.0,,,,chi2_cross_event
scotch_target,"T cells, CD8+",ENSG00000128294,TPST2,chr22,19,7,8,A,70.4,0.0588,0.0031,-1,-1,TPST2_ENST00000338754,TPST2_ENST00000338754,TPST2_Other,exon:26525745-26525771,exon,26525745,26525771,26,3.66,7.74,2.34,5.26,0.0,0.53,10.86,0.0,0.47,7.14,,,,insufficient_data,0.3211,0.3079,A,major,0.0033,0.9542973593584051,0.9908693963679045,True,1,True,chr22:26525758:A:G,26525758.0,A,G,B,5.9608609865491405e-06,1.0,0.0,13.0,-,+,reduces_event,True,0.0,0.0,0.0,0.0,0.0,,,,binomial_intra_event
scotch_target,"T cells, CD8+",ENSG00000128294,TPST2,chr22,19,7,8,A,70.4,0.0588,0.0031,-1,-1,TPST2_ENST00000338754,TPST2_ENST00000338754,TPST2_Other,exon:26525771-26526267,exon,26525771,26526267,496,3.66,7.74,2.34,5.26,3.05,0.0,8.34,1.95,0.0,5.66,,,,insufficient_data,0.3211,0.3079,A,major,0.0033,0.9542973593584051,0.9908693963679045,True,1,True,chr22:26525758:A:G,26525758.0,A,G,B,5.9608609865491405e-06,1.0,13.0,13.0,-,+,reduces_event,True,0.0,0.0,0.0,0.0,0.0,,,,chi2_cross_event
scotch_target,"T cells, CD8+",ENSG00000128294,TPST2,chr22,19,7,8,A,70.4,0.0588,0.0031,-1,-1,TPST2_ENST00000338754,TPST2_ENST00000338754,TPST2_Other,exon:26528213-26528262,exon,26528213,26528262,49,3.66,7.74,2.34,5.26,3.05,0.0,8.34,1.95,0.0,5.66,,,,insufficient_data,0.3211,0.3079,A,major,0.0033,0.9542973593584051,0.9908693963679045,False,0,False,,,,,,,,,,,,,False,,,,,,,,,
scotch_target,"T cells, CD8+",ENSG00000128294,TPST2,chr22,19,7,8,A,70.4,0.0588,0.0031,-1,-1,TPST2_ENST00000338754,TPST2_ENST00000338754,TPST2_Other,exon:26532694-26532745,exon,26532694,26532745,51,3.66,7.74,2.34,5.26,3.05,0.0,8.34,1.95,0.0,5.66,,,,insufficient_data,0.3211,0.3079,A,major,0.0033,0.9542973593584051,0.9908693963679045,False,0,False,,,,,,,,,,,,,False,,,,,,,,,
scotch_target,"T cells, CD8+",ENSG00000128294,TPST2,chr22,19,7,8,A,70.4,0.0588,0.0031,-1,-1,TPST2_ENST00000338754,TPST2_ENST00000338754,TPST2_Other,exon:26536287-26536486,exon,26536287,26536486,199,4.62,6.77,2.38,5.23,4.05,0.0,7.34,1.95,0.0,5.66,,,,insufficient_data,0.4056,0.3127,A,major,0.1704,0.6797957657997735,0.9908693963679045,False,0,False,,,,,,,,,,,,,False,,,,,,,,,
scotch_target,"T cells, CD8+",ENSG00000128294,TPST2,chr22,19,7,8,A,70.4,0.0588,0.0031,-1,-1,TPST2_ENST00000338754,TPST2_ENST00000338754,TPST2_Other,exon:26540788-26540871,exon,26540788,26540871,83,4.62,6.77,2.38,5.23,2.99,0.0,8.4,1.01,0.0,6.6,,,,insufficient_data,0.4056,0.3127,A,major,0.1704,0.6797957657997735,0.9908693963679045,True,1,True,chr22:26540799:G:A,26540799.0,G,A,A,0.9999940391390134,1.0,0.0,11.0,+,-,promotes_event,True,1.0,0.0,3.0,0.0,4.0,,,,binomial_intra_event
scotch_target,"T cells, CD8+",ENSG00000128294,TPST2,chr22,19,7,8,A,70.4,0.0588,0.0031,-1,-1,TPST2_ENST00000338754,TPST2_ENST00000338754,TPST2_Other,exon:26540871-26541205,exon,26540871,26541205,334,3.66,7.74,2.34,5.26,4.05,0.0,7.34,1.95,0.0,5.66,,,,insufficient_data,0.3211,0.3079,A,major,0.0033,0.9542973593584051,0.9908693963679045,False,0,False,,,,,,,,,,,,,False,,,,,,,,,
scotch_target,"T cells, CD8+",ENSG00000128294,TPST2,chr22,19,7,8,A,70.4,0.0588,0.0031,-1,-1,TPST2_ENST00000338754,TPST2_ENST00000338754,TPST2_Other,exon:26541205-26541270,exon,26541205,26541270,65,4.19,7.21,2.81,4.79,3.06,0.0,8.33,1.94,0.0,5.67,,,,insufficient_data,0.3675,0.3697,B,minor,0.0001,0.9908693963679045,0.9908693963679045,False,0,False,,,,,,,,,,,,,False,,,,,,,,,
scotch_target,"T cells, CD8+",ENSG00000128294,TPST2,chr22,19,7,8,A,70.4,0.0588,0.0031,-1,-1,TPST2_ENST00000338754,TPST2_ENST00000338754,TPST2_Other,exon:26541270-26541438,exon,26541270,26541438,168,4.19,7.21,2.81,4.79,3.06,0.0,8.33,1.94,0.0,5.67,,,,insufficient_data,0.3675,0.3697,B,minor,0.0001,0.9908693963679045,0.9908693963679045,False,0,False,,,,,,,,,,,,,False,,,,,,,,,
scotch_target,"T cells, CD8+",ENSG00000128294,TPST2,chr22,19,7,8,A,70.4,0.0588,0.0031,-1,-1,TPST2_ENST00000338754,TPST2_ENST00000338754,TPST2_Other,exon:26541438-26541484,exon,26541438,26541484,46,4.19,7.21,2.81,4.79,3.06,0.0,8.33,1.94,0.0,5.67,,,,insufficient_data,0.3675,0.3697,B,minor,0.0001,0.9908693963679045,0.9908693963679045,False,0,False,,,,,,,,,,,,,False,,,,,,,,,
scotch_target,"T cells, CD8+",ENSG00000128294,TPST2,chr22,19,7,8,A,70.4,0.0588,0.0031,-1,-1,TPST2_ENST00000338754,TPST2_ENST00000338754,TPST2_Other,exon:26541484-26541489,exon,26541484,26541489,5,4.19,7.21,2.81,4.79,3.06,0.0,8.33,1.94,0.0,5.67,,,,insufficient_data,0.3675,0.3697,B,minor,0.0001,0.9908693963679045,0.9908693963679045,False,0,False,,,,,,,,,,,,,False,,,,,,,,,
scotch_target,"T cells, CD8+",ENSG00000128294,TPST2,chr22,19,7,8,A,70.4,0.0588,0.0031,-1,-1,TPST2_ENST00000338754,TPST2_ENST00000338754,TPST2_Other,exon:26541489-26541718,exon,26541489,26541718,229,4.19,7.21,2.81,4.79,3.06,0.0,8.33,1.94,0.0,5.67,,,,insufficient_data,0.3675,0.3697,B,minor,0.0001,0.9908693963679045,0.9908693963679045,False,0,False,,,,,,,,,,,,,False,,,,,,,,,
scotch_target,"T cells, CD8+",ENSG00000128294,TPST2,chr22,19,7,8,A,70.4,0.0588,0.0031,-1,-1,TPST2_ENST00000338754,TPST2_ENST00000338754,TPST2_Other,exon:26544603-26544675,exon,26544603,26544675,72,3.66,7.74,2.34,5.26,2.53,0.0,8.86,1.47,0.0,6.14,,,,insufficient_data,0.3211,0.3079,A,major,0.0033,0.9542973593584051,0.9908693963679045,False,0,False,,,,,,,,,,,,,False,,,,,,,,,
scotch_target,"T cells, CD8+",ENSG00000128294,TPST2,chr22,19,7,8,A,70.4,0.0588,0.0031,-1,-1,TPST2_ENST00000338754,TPST2_ENST00000338754,TPST2_Other,exon:26590052-26590105,exon,26590052,26590105,53,3.12,8.27,1.88,5.73,2.53,0.0,8.86,1.47,0.0,6.14,,,,insufficient_data,0.2739,0.247,A,major,0.0178,0.8937734857304568,0.9908693963679045,False,0,False,,,,,,,,,,,,,False,,,,,,,,,
scotch_target,"T cells, CD8+",ENSG00000128294,TPST2,chr22,19,7,8,A,70.4,0.0588,0.0031,-1,-1,TPST2_ENST00000338754,TPST2_ENST00000338754,TPST2_Other,exon:26590105-26590125,exon,26590105,26590125,20,3.12,8.27,1.88,5.73,1.0,0.0,10.39,0.0,0.0,7.61,,,,insufficient_data,0.2739,0.247,A,major,0.0178,0.8937734857304568,0.9908693963679045,False,0,False,,,,,,,,,,,,,False,,,,,,,,,
scotch_target,"T cells, CD8+",ENSG00000128294,TPST2,chr22,19,7,8,A,70.4,0.0588,0.0031,-1,-1,TPST2_ENST00000338754,TPST2_ENST00000338754,TPST2_Other,exon:26590125-26590132,exon,26590125,26590132,7,2.59,8.8,1.41,6.2,0.0,0.0,11.39,0.0,0.0,7.61,,,,insufficient_data,0.2274,0.1853,A,major,0.0498,0.8234459308964439,0.9908693963679045,False,0,False,,,,,,,,,,,,,False,,,,,,,,,
scotch_target,"T cells, CD8+",ENSG00000128294,TPST2,chr22,19,7,8,A,70.4,0.0588,0.0031,-1,-1,TPST2_ENST00000338754,TPST2_ENST00000338754,TPST2_Other,junction:26526267-26528213,junction,26526267,26528213,1946,3.66,7.74,2.34,5.26,0.0,0.0,11.39,0.0,0.0,7.61,,,,insufficient_data,0.3211,0.3079,A,major,0.0033,0.9542973593584051,0.9908693963679045,False,0,False,,,,,,,,,,,,,False,,,,,,,,,
scotch_target,"T cells, CD8+",ENSG00000128294,TPST2,chr22,19,7,8,A,70.4,0.0588,0.0031,-1,-1,TPST2_ENST00000338754,TPST2_ENST00000338754,TPST2_Other,junction:26528262-26532694,junction,26528262,26532694,4432,3.66,7.74,2.34,5.26,0.0,0.0,11.39,0.0,0.0,7.61,,,,insufficient_data,0.3211,0.3079,A,major,0.0033,0.9542973593584051,0.9908693963679045,False,0,False,,,,,,,,,,,,,False,,,,,,,,,
scotch_target,"T cells, CD8+",ENSG00000128294,TPST2,chr22,19,7,8,A,70.4,0.0588,0.0031,-1,-1,TPST2_ENST00000338754,TPST2_ENST00000338754,TPST2_Other,junction:26532745-26536287,junction,26532745,26536287,3542,3.66,7.74,2.34,5.26,0.0,0.0,11.39,0.0,0.0,7.61,,,,insufficient_data,0.3211,0.3079,A,major,0.0033,0.9542973593584051,0.9908693963679045,True,1,True,chr22:26535908:G:A,26535908.0,G,A,A,0.9999940391390134,1.0,0.0,379.0,+,-,promotes_event,True,0.0,0.0,0.0,2.0,2.0,,,,chi2_cross_event
scotch_target,"T cells, CD8+",ENSG00000128294,TPST2,chr22,19,7,8,A,70.4,0.0588,0.0031,-1,-1,TPST2_ENST00000338754,TPST2_ENST00000338754,TPST2_Other,junction:26536486-26540788,junction,26536486,26540788,4302,4.62,6.77,2.38,5.23,0.0,0.0,11.39,0.0,0.0,7.61,,,,insufficient_data,0.4056,0.3127,A,major,0.1704,0.6797957657997735,0.9908693963679045,True,2,True,chr22:26540595:G:A,26540595.0,G,A,A,0.9999940391390134,1.0,0.0,193.0,+,-,promotes_event,True,0.0,0.0,0.0,0.0,0.0,,,,chi2_cross_event
scotch_target,"T cells, CD8+",ENSG00000128294,TPST2,chr22,19,7,8,A,70.4,0.0588,0.0031,-1,-1,TPST2_ENST00000338754,TPST2_ENST00000338754,TPST2_Other,junction:26536486-26540788,junction,26536486,26540788,4302,4.62,6.77,2.38,5.23,0.0,0.0,11.39,0.0,0.0,7.61,,,,insufficient_data,0.4056,0.3127,A,major,0.1704,0.6797957657997735,0.9908693963679045,True,2,False,chr22:26540799:G:A,26540799.0,G,A,A,0.9999940391390134,1.0,11.0,11.0,+,-,promotes_event,True,0.0,1.0,1.0,2.0,4.0,,,,chi2_cross_event
scotch_target,"T cells, CD8+",ENSG00000128294,TPST2,chr22,19,7,8,A,70.4,0.0588,0.0031,-1,-1,TPST2_ENST00000338754,TPST2_ENST00000338754,TPST2_Other,junction:26541718-26544603,junction,26541718,26544603,2885,3.66,7.74,2.34,5.26,2.53,0.0,8.86,1.47,0.0,6.14,,,,insufficient_data,0.3211,0.3079,A,major,0.0033,0.9542973593584051,0.9908693963679045,False,0,False,,,,,,,,,,,,,False,,,,,,,,,
scotch_target,"T cells, CD8+",ENSG00000128294,TPST2,chr22,19,7,8,A,70.4,0.0588,0.0031,-1,-1,TPST2_ENST00000338754,TPST2_ENST00000338754,TPST2_Other,junction:26544675-26590052,junction,26544675,26590052,45377,2.59,8.8,1.41,6.2,0.0,0.0,11.39,0.0,0.0,7.61,,,,insufficient_data,0.2274,0.1853,A,major,0.0498,0.8234459308964439,0.9908693963679045,True,3,False,chr22:26578964:C:T,26578964.0,C,T,A,0.9999940391390134,1.0,0.0,11088.0,+,-,promotes_event,True,0.0,0.0,0.0,0.0,0.0,,,,chi2_cross_event
scotch_target,"T cells, CD8+",ENSG00000128294,TPST2,chr22,19,7,8,A,70.4,0.0588,0.0031,-1,-1,TPST2_ENST00000338754,TPST2_ENST00000338754,TPST2_Other,junction:26544675-26590052,junction,26544675,26590052,45377,2.59,8.8,1.41,6.2,0.0,0.0,11.39,0.0,0.0,7.61,,,,insufficient_data,0.2274,0.1853,A,major,0.0498,0.8234459308964439,0.9908693963679045,True,3,False,chr22:26579131:G:A,26579131.0,G,A,B,5.9608609865491405e-06,1.0,0.0,10921.0,-,+,reduces_event,True,0.0,0.0,0.0,0.0,0.0,,,,chi2_cross_event
scotch_target,"T cells, CD8+",ENSG00000128294,TPST2,chr22,19,7,8,A,70.4,0.0588,0.0031,-1,-1,TPST2_ENST00000338754,TPST2_ENST00000338754,TPST2_Other,junction:26544675-26590052,junction,26544675,26590052,45377,2.59,8.8,1.41,6.2,0.0,0.0,11.39,0.0,0.0,7.61,,,,insufficient_data,0.2274,0.1853,A,major,0.0498,0.8234459308964439,0.9908693963679045,True,3,True,chr22:26583360:G:C,26583360.0,G,C,B,5.9608609865491405e-06,1.0,0.0,6692.0,-,+,reduces_event,True,0.0,1.0,0.0,1.0,2.0,,,,chi2_cross_event
scotch_target,"T cells, CD8+",ENSG00000184983,NDUFA6,chr22,78,22,5,A,70.4,0.0565,0.0127,-1,-1,NDUFA6_ENST00000498737,NDUFA6_ENST00000498737,NDUFA6_ENST00000498737,exon:42085526-42086115,exon,42085526,42086115,589,23.22,16.01,23.78,14.99,11.58,0.0,27.65,10.42,0.0,28.35,,,,insufficient_data,0.5919,0.6134,B,minor,0.0376,0.8463362729977373,0.8464708804948388,True,1,True,chr22:42085844:G:A,42085844.0,G,A,A,0.9999940391390134,1.0,0.0,271.0,+,-,reduces_event,True,4.0,0.0,6.0,0.0,10.0,,0.75390625,0.75390625,binomial_intra_event
scotch_target,"T cells, CD8+",ENSG00000184983,NDUFA6,chr22,78,22,5,A,70.4,0.0565,0.0127,-1,-1,NDUFA6_ENST00000498737,NDUFA6_ENST00000498737,NDUFA6_ENST00000498737,exon:42086115-42086314,exon,42086115,42086314,199,26.49,12.73,27.51,11.27,31.7,0.0,7.52,33.3,0.0,5.48,,,,insufficient_data,0.6754,0.7094,B,minor,0.1059,0.7448903205040714,0.8464708804948388,False,0,False,,,,,,,,,,,,,False,,,,,,,,,
scotch_target,"T cells, CD8+",ENSG00000184983,NDUFA6,chr22,78,22,5,A,70.4,0.0565,0.0127,-1,-1,NDUFA6_ENST00000498737,NDUFA6_ENST00000498737,NDUFA6_ENST00000498737,exon:42087059-42087175,exon,42087059,42087175,116,26.49,12.73,27.51,11.27,27.52,2.87,8.83,30.48,3.13,5.17,0.0003,0.9872172435062626,0.9872172435062626,chi2_hap_event,0.6754,0.7094,B,minor,0.1059,0.7448903205040714,0.8464708804948388,False,0,False,,,,,,,,,,,,,False,,,,,,,,,
scotch_target,"T cells, CD8+",ENSG00000184983,NDUFA6,chr22,78,22,5,A,70.4,0.0565,0.0127,-1,-1,NDUFA6_ENST00000498737,NDUFA6_ENST00000498737,NDUFA6_ENST00000498737,exon:42087175-42087335,exon,42087175,42087335,160,3.28,35.95,3.72,35.05,0.1,5.68,33.45,1.91,7.32,29.55,1.1105,0.29196523556959686,0.4596336492290388,chi2_hap_event,0.0836,0.096,B,minor,0.0375,0.8464708804948388,0.8464708804948388,False,0,False,,,,,,,,,,,,,False,,,,,,,,,
scotch_target,"T cells, CD8+",ENSG00000184983,NDUFA6,chr22,78,22,5,A,70.4,0.0565,0.0127,-1,-1,NDUFA6_ENST00000498737,NDUFA6_ENST00000498737,NDUFA6_ENST00000498737,exon:42090605-42090772,exon,42090605,42090772,167,23.22,16.01,23.78,14.99,33.29,0.01,5.93,30.71,0.99,7.07,1.046,0.3064224328193592,0.4596336492290388,chi2_hap_event,0.5919,0.6134,B,minor,0.0376,0.8463362729977373,0.8464708804948388,False,0,False,,,,,,,,,,,,,False,,,,,,,,,
scotch_target,"T cells, CD8+",ENSG00000184983,NDUFA6,chr22,78,22,5,A,70.4,0.0565,0.0127,-1,-1,NDUFA6_ENST00000498737,NDUFA6_ENST00000498737,NDUFA6_ENST00000498737,junction:42086314-42087059,junction,42086314,42087059,745,26.49,12.73,27.51,11.27,0.47,0.0,38.76,0.53,0.0,38.24,,,,insufficient_data,0.6754,0.7094,B,minor,0.1059,0.7448903205040714,0.8464708804948388,False,0,False,,,,,,,,,,,,,False,,,,,,,,,
scotch_target,"T cells, CD8+",ENSG00000184983,NDUFA6,chr22,78,22,5,A,70.4,0.0565,0.0127,-1,-1,NDUFA6_ENST00000498737,NDUFA6_ENST00000498737,NDUFA6_ENST00000498737,junction:42087175-42090605,junction,42087175,42090605,3430,23.22,16.01,23.78,14.99,0.0,0.0,39.23,0.0,0.0,38.77,,,,insufficient_data,0.5919,0.6134,B,minor,0.0376,0.8463362729977373,0.8464708804948388,True,4,True,chr22:42087736:C:G,42087736.0,C,G,A,0.9999940391390134,1.0,0.0,561.0,+,-,reduces_event,True,0.0,5.0,0.0,2.0,7.0,,,,chi2_cross_event
scotch_target,"T cells, CD8+",ENSG00000184983,NDUFA6,chr22,78,22,5,A,70.4,0.0565,0.0127,-1,-1,NDUFA6_ENST00000498737,NDUFA6_ENST00000498737,NDUFA6_ENST00000498737,junction:42087175-42090605,junction,42087175,42090605,3430,23.22,16.01,23.78,14.99,0.0,0.0,39.23,0.0,0.0,38.77,,,,insufficient_data,0.5919,0.6134,B,minor,0.0376,0.8463362729977373,0.8464708804948388,True,4,False,chr22:42089287:T:C,42089287.0,T,C,B,5.9608609865491405e-06,1.0,0.0,1318.0,-,+,promotes_event,True,0.0,5.0,0.0,0.0,5.0,,,,chi2_cross_event
scotch_target,"T cells, CD8+",ENSG00000184983,NDUFA6,chr22,78,22,5,A,70.4,0.0565,0.0127,-1,-1,NDUFA6_ENST00000498737,NDUFA6_ENST00000498737,NDUFA6_ENST00000498737,junction:42087175-42090605,junction,42087175,42090605,3430,23.22,16.01,23.78,14.99,0.0,0.0,39.23,0.0,0.0,38.77,,,,insufficient_data,0.5919,0.6134,B,minor,0.0376,0.8463362729977373,0.8464708804948388,True,4,False,chr22:42089666:T:C,42089666.0,T,C,B,5.9608609865491405e-06,1.0,0.0,939.0,-,+,promotes_event,True,0.0,3.0,0.0,0.0,3.0,,,,chi2_cross_event
scotch_target,"T cells, CD8+",ENSG00000184983,NDUFA6,chr22,78,22,5,A,70.4,0.0565,0.0127,-1,-1,NDUFA6_ENST00000498737,NDUFA6_ENST00000498737,NDUFA6_ENST00000498737,junction:42087175-42090605,junction,42087175,42090605,3430,23.22,16.01,23.78,14.99,0.0,0.0,39.23,0.0,0.0,38.77,,,,insufficient_data,0.5919,0.6134,B,minor,0.0376,0.8463362729977373,0.8464708804948388,True,4,False,chr22:42090033:T:A,42090033.0,T,A,B,5.9608609865491405e-06,1.0,0.0,572.0,-,+,promotes_event,True,0.0,3.0,0.0,0.0,3.0,,,,chi2_cross_event
scotch_target,"T cells, CD8+",ENSG00000185651,UBE2L3,chr22,119,16,7,A,70.4,0.0153,0.0242,-1,0,UBE2L3_Other,UBE2L3_Other,UBE2L3_Other,exon:21567546-21567729,exon,21567546,21567729,183,11.23,40.95,14.77,52.05,0.0,0.0,52.18,0.0,0.0,66.82,,,,insufficient_data,0.2152,0.221,B,minor,0.0057,0.9398106678549321,0.9398106678549321,False,0,False,,,,,,,,,,,,,False,,,,,,,,,
scotch_target,"T cells, CD8+",ENSG00000185651,UBE2L3,chr22,119,16,7,A,70.4,0.0153,0.0242,-1,0,UBE2L3_Other,UBE2L3_Other,UBE2L3_Other,exon:21567729-21567771,exon,21567729,21567771,42,11.66,40.52,15.34,51.48,33.8,0.0,18.39,43.2,0.0,23.62,,,,insufficient_data,0.2235,0.2296,B,minor,0.006,0.9383345679745466,0.9398106678549321,False,0,False,,,,,,,,,,,,,False,,,,,,,,,
scotch_target,"T cells, CD8+",ENSG00000185651,UBE2L3,chr22,119,16,7,A,70.4,0.0153,0.0242,-1,0,UBE2L3_Other,UBE2L3_Other,UBE2L3_Other,exon:21592860-21592956,exon,21592860,21592956,96,12.53,39.65,16.47,50.35,34.23,0.43,17.52,43.77,0.57,22.48,0.0002,0.9891033672593647,0.9999999999999993,chi2_hap_event,0.2401,0.2465,B,minor,0.0066,0.935391574151634,0.9398106678549321,False,0,False,,,,,,,,,,,,,False,,,,,,,,,
scotch_target,"T cells, CD8+",ENSG00000185651,UBE2L3,chr22,119,16,7,A,70.4,0.0153,0.0242,-1,0,UBE2L3_Other,UBE2L3_Other,UBE2L3_Other,exon:21610856-21611043,exon,21610856,21611043,187,12.53,39.65,16.47,50.35,35.96,0.0,16.23,46.04,0.0,20.78,,,,insufficient_data,0.2401,0.2465,B,minor,0.0066,0.935391574151634,0.9398106678549321,True,1,True,chr22:21611047:G:A,21611047.0,G,A,B,5.9608609865491405e-06,1.0,0.0,4.0,-,-,promotes_event,True,0.0,1.0,0.0,0.0,1.0,,,,chi2_cross_event
scotch_target,"T cells, CD8+",ENSG00000185651,UBE2L3,chr22,119,16,7,A,70.4,0.0153,0.0242,-1,0,UBE2L3_Other,UBE2L3_Other,UBE2L3_Other,exon:21621514-21621870,exon,21621514,21621870,356,12.53,39.65,16.47,50.35,33.8,0.43,17.95,43.2,0.57,23.05,0.0002,0.9889630055352345,0.9999999999999993,chi2_hap_event,0.2401,0.2465,B,minor,0.0066,0.935391574151634,0.9398106678549321,False,0,False,,,,,,,,,,,,,False,,,,,,,,,
scotch_target,"T cells, CD8+",ENSG00000185651,UBE2L3,chr22,119,16,7,A,70.4,0.0153,0.0242,-1,0,UBE2L3_Other,UBE2L3_Other,UBE2L3_Other,exon:21621870-21622939,exon,21621870,21622939,1069,12.53,39.65,16.47,50.35,6.05,0.43,45.7,7.95,0.57,58.3,0.0,0.9999999999999993,0.9999999999999993,chi2_hap_event,0.2401,0.2465,B,minor,0.0066,0.935391574151634,0.9398106678549321,False,0,False,,,,,,,,,,,,,False,,,,,,,,,
scotch_target,"T cells, CD8+",ENSG00000185651,UBE2L3,chr22,119,16,7,A,70.4,0.0153,0.0242,-1,0,UBE2L3_Other,UBE2L3_Other,UBE2L3_Other,exon:21622939-21624034,exon,21622939,21624034,1095,12.53,39.65,16.47,50.35,0.0,0.86,51.32,0.0,1.14,65.68,,,,insufficient_data,0.2401,0.2465,B,minor,0.0066,0.935391574151634,0.9398106678549321,False,0,False,,,,,,,,,,,,,False,,,,,,,,,
scotch_target,"T cells, CD8+",ENSG00000185651,UBE2L3,chr22,119,16,7,A,70.4,0.0153,0.0242,-1,0,UBE2L3_Other,UBE2L3_Other,UBE2L3_Other,junction:21567771-21592860,junction,21567771,21592860,25089,11.23,40.95,14.77,52.05,0.0,0.0,52.18,0.0,0.0,66.82,,,,insufficient_data,0.2152,0.221,B,minor,0.0057,0.9398106678549321,0.9398106678549321,True,5,False,chr22:21582688:T:C,21582688.0,T,C,A,0.8902501675920234,0.5,0.0,10172.0,+,+,reduces_event,True,0.0,0.0,0.0,0.0,0.0,,,,chi2_cross_event
scotch_target,"T cells, CD8+",ENSG00000185651,UBE2L3,chr22,119,16,7,A,70.4,0.0153,0.0242,-1,0,UBE2L3_Other,UBE2L3_Other,UBE2L3_Other,junction:21567771-21592860,junction,21567771,21592860,25089,11.23,40.95,14.77,52.05,0.0,0.0,52.18,0.0,0.0,66.82,,,,insufficient_data,0.2152,0.221,B,minor,0.0057,0.9398106678549321,0.9398106678549321,True,5,False,chr22:21582715:A:G,21582715.0,A,G,A,0.9999940391390134,1.0,0.0,10145.0,+,+,reduces_event,True,0.0,0.0,0.0,0.0,0.0,,,,chi2_cross_event
scotch_target,"T cells, CD8+",ENSG00000185651,UBE2L3,chr22,119,16,7,A,70.4,0.0153,0.0242,-1,0,UBE2L3_Other,UBE2L3_Other,UBE2L3_Other,junction:21567771-21592860,junction,21567771,21592860,25089,11.23,40.95,14.77,52.05,0.0,0.0,52.18,0.0,0.0,66.82,,,,insufficient_data,0.2152,0.221,B,minor,0.0057,0.9398106678549321,0.9398106678549321,True,5,False,chr22:21582769:T:C,21582769.0,T,C,A,0.9905167466210992,0.92,0.0,10091.0,+,+,reduces_event,True,0.0,0.0,0.0,0.0,0.0,,,,chi2_cross_event
scotch_target,"T cells, CD8+",ENSG00000185651,UBE2L3,chr22,119,16,7,A,70.4,0.0153,0.0242,-1,0,UBE2L3_Other,UBE2L3_Other,UBE2L3_Other,junction:21567771-21592860,junction,21567771,21592860,25089,11.23,40.95,14.77,52.05,0.0,0.0,52.18,0.0,0.0,66.82,,,,insufficient_data,0.2152,0.221,B,minor,0.0057,0.9398106678549321,0.9398106678549321,True,5,False,chr22:21587322:C:T,21587322.0,C,T,B,5.9608609865491405e-06,1.0,0.0,5538.0,-,-,promotes_event,True,0.0,1.0,0.0,2.0,3.0,,,,chi2_cross_event
scotch_target,"T cells, CD8+",ENSG00000185651,UBE2L3,chr22,119,16,7,A,70.4,0.0153,0.0242,-1,0,UBE2L3_Other,UBE2L3_Other,UBE2L3_Other,junction:21567771-21592860,junction,21567771,21592860,25089,11.23,40.95,14.77,52.05,0.0,0.0,52.18,0.0,0.0,66.82,,,,insufficient_data,0.2152,0.221,B,minor,0.0057,0.9398106678549321,0.9398106678549321,True,5,True,chr22:21587474:C:G,21587474.0,C,G,B,5.9608609865491405e-06,1.0,0.0,5386.0,-,-,promotes_event,True,0.0,0.0,0.0,3.0,3.0,,,,chi2_cross_event
scotch_target,"T cells, CD8+",ENSG00000185651,UBE2L3,chr22,119,16,7,A,70.4,0.0153,0.0242,-1,0,UBE2L3_Other,UBE2L3_Other,UBE2L3_Other,junction:21592956-21610856,junction,21592956,21610856,17900,12.53,39.65,16.47,50.35,0.0,0.0,52.18,0.0,0.0,66.82,,,,insufficient_data,0.2401,0.2465,B,minor,0.0066,0.935391574151634,0.9398106678549321,False,0,False,,,,,,,,,,,,,False,,,,,,,,,
scotch_target,"T cells, CD8+",ENSG00000185651,UBE2L3,chr22,119,16,7,A,70.4,0.0153,0.0242,-1,0,UBE2L3_Other,UBE2L3_Other,UBE2L3_Other,junction:21611043-21621514,junction,21611043,21621514,10471,12.53,39.65,16.47,50.35,0.0,0.96,51.22,0.0,0.04,66.78,,,,insufficient_data,0.2401,0.2465,B,minor,0.0066,0.935391574151634,0.9398106678549321,True,2,True,chr22:21611047:G:A,21611047.0,G,A,B,5.9608609865491405e-06,1.0,0.0,4.0,-,-,promotes_event,True,0.0,1.0,0.0,0.0,1.0,,,,chi2_cross_event
scotch_target,"T cells, CD8+",ENSG00000185651,UBE2L3,chr22,119,16,7,A,70.4,0.0153,0.0242,-1,0,UBE2L3_Other,UBE2L3_Other,UBE2L3_Other,junction:21611043-21621514,junction,21611043,21621514,10471,12.53,39.65,16.47,50.35,0.0,0.96,51.22,0.0,0.04,66.78,,,,insufficient_data,0.2401,0.2465,B,minor,0.0066,0.935391574151634,0.9398106678549321,True,2,False,chr22:21613105:C:T,21613105.0,C,T,B,5.9608609865491405e-06,1.0,0.0,2062.0,-,-,promotes_event,True,0.0,3.0,0.0,1.0,4.0,,,,chi2_cross_event
scotch_target,"T cells, CD8+",ENSG00000198089,SFI1,chr22,136,43,10,A,70.4,0.0379,0.0815,-1,0,SFI1_Other,SFI1_Other,SFI1_Other,exon:31496582-31496637,exon,31496582,31496637,55,2.93,63.16,1.07,68.84,1.86,1.4,62.83,3.14,1.6,65.17,,,,insufficient_data,0.0443,0.0153,A,major,0.9969,0.3180628225462905,0.876976132708031,False,0,False,,,,,,,,,,,,,False,,,,,,,,,
scotch_target,"T cells, CD8+",ENSG00000198089,SFI1,chr22,136,43,10,A,70.4,0.0379,0.0815,-1,0,SFI1_Other,SFI1_Other,SFI1_Other,exon:31508258-31508284,exon,31508258,31508284,26,2.93,63.16,1.07,68.84,1.86,2.33,61.9,3.14,2.68,64.1,0.0869,0.7681283731165907,0.8649878856867999,chi2_hap_event,0.0443,0.0153,A,major,0.9969,0.3180628225462905,0.876976132708031,False,0,False,,,,,,,,,,,,,False,,,,,,,,,
scotch_target,"T cells, CD8+",ENSG00000198089,SFI1,chr22,136,43,10,A,70.4,0.0379,0.0815,-1,0,SFI1_Other,SFI1_Other,SFI1_Other,exon:31508284-31508376,exon,31508284,31508376,92,2.93,63.16,1.07,68.84,1.86,2.33,61.9,3.14,2.68,64.1,0.0869,0.7681283731165907,0.8649878856867999,chi2_hap_event,0.0443,0.0153,A,major,0.9969,0.3180628225462905,0.876976132708031,False,0,False,,,,,,,,,,,,,False,,,,,,,,,
scotch_target,"T cells, CD8+",ENSG00000198089,SFI1,chr22,136,43,10,A,70.4,0.0379,0.0815,-1,0,SFI1_Other,SFI1_Other,SFI1_Other,exon:31528689-31528740,exon,31528689,31528740,51,1.93,64.16,1.07,68.84,1.86,3.68,60.55,2.14,5.32,62.45,0.0355,0.8505305624945375,0.8649878856867999,chi2_hap_event,0.0292,0.0153,A,major,0.3042,0.5812352314009419,0.876976132708031,False,0,False,,,,,,,,,,,,,False,,,,,,,,,
scotch_target,"T cells, CD8+",ENSG00000198089,SFI1,chr22,136,43,10,A,70.4,0.0379,0.0815,-1,0,SFI1_Other,SFI1_Other,SFI1_Other,exon:31528744-31528819,exon,31528744,31528819,75,2.4,63.69,1.6,68.31,1.86,3.68,60.55,2.14,5.32,62.45,0.0355,0.8505305624945375,0.8649878856867999,chi2_hap_event,0.0363,0.0229,A,major,0.21,0.6467854938887009,0.876976132708031,False,0,False,,,,,,,,,,,,,False,,,,,,,,,
scotch_target,"T cells, CD8+",ENSG00000198089,SFI1,chr22,136,43,10,A,70.4,0.0379,0.0815,-1,0,SFI1_Other,SFI1_Other,SFI1_Other,exon:31528819-31528835,exon,31528819,31528835,16,2.86,63.23,2.14,67.77,1.4,3.68,61.01,1.6,5.32,62.99,0.0289,0.8649878856867999,0.8649878856867999,chi2_hap_event,0.0433,0.0306,A,major,0.1539,0.6948132519230985,0.876976132708031,False,0,False,,,,,,,,,,,,,False,,,,,,,,,
scotch_target,"T cells, CD8+",ENSG00000198089,SFI1,chr22,136,43,10,A,70.4,0.0379,0.0815,-1,0,SFI1_Other,SFI1_Other,SFI1_Other,exon:31528835-31528863,exon,31528835,31528863,28,2.86,63.23,2.14,67.77,1.4,3.68,61.01,1.6,5.32,62.99,0.0289,0.8649878856867999,0.8649878856867999,chi2_hap_event,0.0433,0.0306,A,major,0.1539,0.6948132519230985,0.876976132708031,False,0,False,,,,,,,,,,,,,False,,,,,,,,,
scotch_target,"T cells, CD8+",ENSG00000198089,SFI1,chr22,136,43,10,A,70.4,0.0379,0.0815,-1,0,SFI1_Other,SFI1_Other,SFI1_Other,exon:31531057-31531105,exon,31531057,31531105,48,2.4,63.69,1.6,68.31,2.93,4.15,59.01,1.07,5.85,62.99,1.1551,0.2824815226715101,0.8649878856867999,chi2_hap_event,0.0363,0.0229,A,major,0.21,0.6467854938887009,0.876976132708031,False,0,False,,,,,,,,,,,,,False,,,,,,,,,
scotch_target,"T cells, CD8+",ENSG00000198089,SFI1,chr22,136,43,10,A,70.4,0.0379,0.0815,-1,0,SFI1_Other,SFI1_Other,SFI1_Other,exon:31546860-31546971,exon,31546860,31546971,111,2.39,63.7,1.61,68.3,0.94,2.33,62.83,2.06,2.68,65.17,,,,insufficient_data,0.0362,0.023,A,major,0.2072,0.6489753839100225,0.876976132708031,False,0,False,,,,,,,,,,,,,False,,,,,,,,,
scotch_target,"T cells, CD8+",ENSG00000198089,SFI1,chr22,136,43,10,A,70.4,0.0379,0.0815,-1,0,SFI1_Other,SFI1_Other,SFI1_Other,exon:31550253-31550348,exon,31550253,31550348,95,2.86,63.23,2.14,67.77,0.94,1.86,63.29,2.06,2.14,65.71,,,,insufficient_data,0.0433,0.0306,A,major,0.1518,0.6968349688639951,0.876976132708031,False,0,False,,,,,,,,,,,,,False,,,,,,,,,
scotch_target,"T cells, CD8+",ENSG00000198089,SFI1,chr22,136,43,10,A,70.4,0.0379,0.0815,-1,0,SFI1_Other,SFI1_Other,SFI1_Other,exon:31556941-31557059,exon,31556941,31557059,118,2.39,63.7,1.61,68.3,0.94,1.4,63.76,2.06,1.6,66.24,,,,insufficient_data,0.0362,0.023,A,major,0.2072,0.6489753839100225,0.876976132708031,False,0,False,,,,,,,,,,,,,False,,,,,,,,,
scotch_target,"T cells, CD8+",ENSG00000198089,SFI1,chr22,136,43,10,A,70.4,0.0379,0.0815,-1,0,SFI1_Other,SFI1_Other,SFI1_Other,exon:31561289-31561333,exon,31561289,31561333,44,2.39,63.7,1.61,68.3,0.94,0.47,64.69,2.06,0.54,67.31,,,,insufficient_data,0.0362,0.023,A,major,0.2072,0.6489753839100225,0.876976132708031,False,0,False,,,,,,,,,,,,,False,,,,,,,,,
scotch_target,"T cells, CD8+",ENSG00000198089,SFI1,chr22,136,43,10,A,70.4,0.0379,0.0815,-1,0,SFI1_Other,SFI1_Other,SFI1_Other,exon:31561333-31561392,exon,31561333,31561392,59,1.93,64.16,1.07,68.84,0.94,0.47,64.69,2.06,0.54,67.31,,,,insufficient_data,0.0292,0.0153,A,major,0.3004,0.5836390398012858,0.876976132708031,False,0,False,,,,,,,,,,,,,False,,,,,,,,,
scotch_target,"T cells, CD8+",ENSG00000198089,SFI1,chr22,136,43,10,A,70.4,0.0379,0.0815,-1,0,SFI1_Other,SFI1_Other,SFI1_Other,exon:31573057-31573173,exon,31573057,31573173,116,1.93,64.16,1.07,68.84,0.01,0.47,65.62,0.99,0.54,68.38,,,,insufficient_data,0.0292,0.0153,A,major,0.3004,0.5836390398012858,0.876976132708031,False,0,False,,,,,,,,,,,,,False,,,,,,,,,
scotch_target,"T cells, CD8+",ENSG00000198089,SFI1,chr22,136,43,10,A,70.4,0.0379,0.0815,-1,0,SFI1_Other,SFI1_Other,SFI1_Other,exon:31573173-31573214,exon,31573173,31573214,41,1.93,64.16,1.07,68.84,0.01,0.47,65.62,0.99,0.54,68.38,,,,insufficient_data,0.0292,0.0153,A,major,0.3004,0.5836390398012858,0.876976132708031,False,0,False,,,,,,,,,,,,,False,,,,,,,,,
scotch_target,"T cells, CD8+",ENSG00000198089,SFI1,chr22,136,43,10,A,70.4,0.0379,0.0815,-1,0,SFI1_Other,SFI1_Other,SFI1_Other,exon:31575230-31575392,exon,31575230,31575392,162,1.93,64.16,1.07,68.84,1.0,0.47,64.62,0.99,0.54,68.38,,,,insufficient_data,0.0292,0.0153,A,major,0.3004,0.5836390398012858,0.876976132708031,True,1,True,chr22:31575364:C:T,31575364.0,C,T,A,0.9999940391390134,1.0,0.0,28.0,+,-,promotes_event,True,1.0,0.0,1.0,0.0,2.0,,,,binomial_intra_event
scotch_target,"T cells, CD8+",ENSG00000198089,SFI1,chr22,136,43,10,A,70.4,0.0379,0.0815,-1,0,SFI1_Other,SFI1_Other,SFI1_Other,exon:31578381-31578452,exon,31578381,31578452,71,1.93,64.16,1.07,68.84,1.0,0.47,64.62,0.0,0.54,69.38,,,,insufficient_data,0.0292,0.0153,A,major,0.3004,0.5836390398012858,0.876976132708031,False,0,False,,,,,,,,,,,,,False,,,,,,,,,
scotch_target,"T cells, CD8+",ENSG00000198089,SFI1,chr22,136,43,10,A,70.4,0.0379,0.0815,-1,0,SFI1_Other,SFI1_Other,SFI1_Other,exon:31580271-31580364,exon,31580271,31580364,93,2.39,63.7,1.61,68.3,1.0,0.47,64.62,0.0,0.54,69.38,,,,insufficient_data,0.0362,0.023,A,major,0.2072,0.6489753839100225,0.876976132708031,False,0,False,,,,,,,,,,,,,False,,,,,,,,,
scotch_target,"T cells, CD8+",ENSG00000198089,SFI1,chr22,136,43,10,A,70.4,0.0379,0.0815,-1,0,SFI1_Other,SFI1_Other,SFI1_Other,exon:31583877-31583905,exon,31583877,31583905,28,2.86,63.23,2.14,67.77,1.0,0.47,64.62,0.0,0.54,69.38,,,,insufficient_data,0.0433,0.0306,A,major,0.1518,0.6968349688639951,0.876976132708031,False,0,False,,,,,,,,,,,,,False,,,,,,,,,
scotch_target,"T cells, CD8+",ENSG00000198089,SFI1,chr22,136,43,10,A,70.4,0.0379,0.0815,-1,0,SFI1_Other,SFI1_Other,SFI1_Other,exon:31583905-31583934,exon,31583905,31583934,29,3.32,62.76,2.68,67.24,1.0,0.47,64.62,0.0,0.54,69.38,,,,insufficient_data,0.0502,0.0383,A,major,0.1153,0.7342125762206771,0.876976132708031,False,0,False,,,,,,,,,,,,,False,,,,,,,,,
scotch_target,"T cells, CD8+",ENSG00000198089,SFI1,chr22,136,43,10,A,70.4,0.0379,0.0815,-1,0,SFI1_Other,SFI1_Other,SFI1_Other,exon:31583934-31583969,exon,31583934,31583969,35,3.32,62.76,2.68,67.24,1.0,0.47,64.62,0.0,0.54,69.38,,,,insufficient_data,0.0502,0.0383,A,major,0.1153,0.7342125762206771,0.876976132708031,False,0,False,,,,,,,,,,,,,False,,,,,,,,,
scotch_target,"T cells, CD8+",ENSG00000198089,SFI1,chr22,136,43,10,A,70.4,0.0379,0.0815,-1,0,SFI1_Other,SFI1_Other,SFI1_Other,exon:31585067-31585126,exon,31585067,31585126,59,3.32,62.76,2.68,67.24,1.0,0.47,64.62,0.0,0.54,69.38,,,,insufficient_data,0.0502,0.0383,A,major,0.1153,0.7342125762206771,0.876976132708031,False,0,False,,,,,,,,,,,,,False,,,,,,,,,
scotch_target,"T cells, CD8+",ENSG00000198089,SFI1,chr22,136,43,10,A,70.4,0.0379,0.0815,-1,0,SFI1_Other,SFI1_Other,SFI1_Other,exon:31585126-31585134,exon,31585126,31585134,8,3.32,62.76,2.68,67.24,1.0,0.47,64.62,0.0,0.54,69.38,,,,insufficient_data,0.0502,0.0383,A,major,0.1153,0.7342125762206771,0.876976132708031,False,0,False,,,,,,,,,,,,,False,,,,,,,,,
scotch_target,"T cells, CD8+",ENSG00000198089,SFI1,chr22,136,43,10,A,70.4,0.0379,0.0815,-1,0,SFI1_Other,SFI1_Other,SFI1_Other,exon:31589446-31589577,exon,31589446,31589577,131,2.86,63.23,2.14,67.77,1.47,0.47,64.16,0.54,0.54,68.84,,,,insufficient_data,0.0433,0.0306,A,major,0.1518,0.6968349688639951,0.876976132708031,False,0,False,,,,,,,,,,,,,False,,,,,,,,,
scotch_target,"T cells, CD8+",ENSG00000198089,SFI1,chr22,136,43,10,A,70.4,0.0379,0.0815,-1,0,SFI1_Other,SFI1_Other,SFI1_Other,exon:31602211-31602293,exon,31602211,31602293,82,2.86,63.23,2.14,67.77,0.47,1.0,64.62,0.54,0.0,69.38,,,,insufficient_data,0.0433,0.0306,A,major,0.1518,0.6968349688639951,0.876976132708031,False,0,False,,,,,,,,,,,,,False,,,,,,,,,
scotch_target,"T cells, CD8+",ENSG00000198089,SFI1,chr22,136,43,10,A,70.4,0.0379,0.0815,-1,0,SFI1_Other,SFI1_Other,SFI1_Other,exon:31602606-31602785,exon,31602606,31602785,179,2.86,63.23,2.14,67.77,0.47,1.0,64.62,0.54,0.0,69.38,,,,insufficient_data,0.0433,0.0306,A,major,0.1518,0.6968349688639951,0.876976132708031,False,0,False,,,,,,,,,,,,,False,,,,,,,,,
scotch_target,"T cells, CD8+",ENSG00000198089,SFI1,chr22,136,43,10,A,70.4,0.0379,0.0815,-1,0,SFI1_Other,SFI1_Other,SFI1_Other,exon:31603743-31603819,exon,31603743,31603819,76,2.39,63.7,1.61,68.3,0.47,1.0,64.62,0.54,0.0,69.38,,,,insufficient_data,0.0362,0.023,A,major,0.2072,0.6489753839100225,0.876976132708031,False,0,False,,,,,,,,,,,,,False,,,,,,,,,
scotch_target,"T cells, CD8+",ENSG00000198089,SFI1,chr22,136,43,10,A,70.4,0.0379,0.0815,-1,0,SFI1_Other,SFI1_Other,SFI1_Other,exon:31604308-31604313,exon,31604308,31604313,5,1.93,64.16,1.07,68.84,0.0,1.0,65.09,0.0,0.0,69.91,,,,insufficient_data,0.0292,0.0153,A,major,0.3004,0.5836390398012858,0.876976132708031,False,0,False,,,,,,,,,,,,,False,,,,,,,,,
scotch_target,"T cells, CD8+",ENSG00000198089,SFI1,chr22,136,43,10,A,70.4,0.0379,0.0815,-1,0,SFI1_Other,SFI1_Other,SFI1_Other,exon:31604313-31604404,exon,31604313,31604404,91,2.39,63.7,1.61,68.3,0.0,1.0,65.09,0.0,0.0,69.91,,,,insufficient_data,0.0362,0.023,A,major,0.2072,0.6489753839100225,0.876976132708031,False,0,False,,,,,,,,,,,,,False,,,,,,,,,
scotch_target,"T cells, CD8+",ENSG00000198089,SFI1,chr22,136,43,10,A,70.4,0.0379,0.0815,-1,0,SFI1_Other,SFI1_Other,SFI1_Other,exon:31604868-31604945,exon,31604868,31604945,77,3.32,62.76,2.68,67.24,0.0,1.0,65.09,0.0,0.0,69.91,,,,insufficient_data,0.0502,0.0383,A,major,0.1153,0.734212576220677,0.876976132708031,False,0,False,,,,,,,,,,,,,False,,,,,,,,,
scotch_target,"T cells, CD8+",ENSG00000198089,SFI1,chr22,136,43,10,A,70.4,0.0379,0.0815,-1,0,SFI1_Other,SFI1_Other,SFI1_Other,exon:31606327-31606430,exon,31606327,31606430,103,3.32,62.76,2.68,67.24,1.47,0.0,64.62,0.54,0.0,69.38,,,,insufficient_data,0.0502,0.0383,A,major,0.1153,0.734212576220677,0.876976132708031,False,0,False,,,,,,,,,,,,,False,,,,,,,,,
scotch_target,"T cells, CD8+",ENSG00000198089,SFI1,chr22,136,43,10,A,70.4,0.0379,0.0815,-1,0,SFI1_Other,SFI1_Other,SFI1_Other,exon:31607936-31608033,exon,31607936,31608033,97,2.86,63.23,2.14,67.77,1.47,0.0,64.62,0.54,0.0,69.38,,,,insufficient_data,0.0433,0.0306,A,major,0.1518,0.6968349688639951,0.876976132708031,False,0,False,,,,,,,,,,,,,False,,,,,,,,,
scotch_target,"T cells, CD8+",ENSG00000198089,SFI1,chr22,136,43,10,A,70.4,0.0379,0.0815,-1,0,SFI1_Other,SFI1_Other,SFI1_Other,exon:31611142-31611303,exon,31611142,31611303,161,2.86,63.23,2.14,67.77,3.46,0.0,62.63,1.54,0.0,68.37,,,,insufficient_data,0.0433,0.0306,A,major,0.1518,0.6968349688639951,0.876976132708031,False,0,False,,,,,,,,,,,,,False,,,,,,,,,
scotch_target,"T cells, CD8+",ENSG00000198089,SFI1,chr22,136,43,10,A,70.4,0.0379,0.0815,-1,0,SFI1_Other,SFI1_Other,SFI1_Other,exon:31611769-31611801,exon,31611769,31611801,32,4.32,61.77,2.68,67.23,3.46,0.0,62.63,1.54,0.0,68.37,,,,insufficient_data,0.0654,0.0383,A,major,0.5064,0.47670580084126946,0.876976132708031,False,0,False,,,,,,,,,,,,,False,,,,,,,,,
scotch_target,"T cells, CD8+",ENSG00000198089,SFI1,chr22,136,43,10,A,70.4,0.0379,0.0815,-1,0,SFI1_Other,SFI1_Other,SFI1_Other,exon:31611801-31611840,exon,31611801,31611840,39,4.32,61.77,2.68,67.23,3.46,0.0,62.63,1.54,0.0,68.37,,,,insufficient_data,0.0654,0.0383,A,major,0.5064,0.47670580084126946,0.876976132708031,False,0,False,,,,,,,,,,,,,False,,,,,,,,,
scotch_target,"T cells, CD8+",ENSG00000198089,SFI1,chr22,136,43,10,A,70.4,0.0379,0.0815,-1,0,SFI1_Other,SFI1_Other,SFI1_Other,exon:31613141-31613216,exon,31613141,31613216,75,2.86,63.23,2.14,67.77,2.46,0.0,63.63,0.54,0.0,69.37,,,,insufficient_data,0.0433,0.0306,A,major,0.1518,0.6968349688639951,0.876976132708031,False,0,False,,,,,,,,,,,,,False,,,,,,,,,
scotch_target,"T cells, CD8+",ENSG00000198089,SFI1,chr22,136,43,10,A,70.4,0.0379,0.0815,-1,0,SFI1_Other,SFI1_Other,SFI1_Other,exon:31613353-31613453,exon,31613353,31613453,100,2.86,63.23,2.14,67.77,2.46,0.0,63.63,0.54,0.0,69.37,,,,insufficient_data,0.0433,0.0306,A,major,0.1518,0.6968349688639951,0.876976132708031,False,0,False,,,,,,,,,,,,,False,,,,,,,,,
scotch_target,"T cells, CD8+",ENSG00000198089,SFI1,chr22,136,43,10,A,70.4,0.0379,0.0815,-1,0,SFI1_Other,SFI1_Other,SFI1_Other,exon:31613453-31613530,exon,31613453,31613530,77,2.86,63.23,2.14,67.77,2.46,0.0,63.63,0.54,0.0,69.37,,,,insufficient_data,0.0433,0.0306,A,major,0.1518,0.6968349688639951,0.876976132708031,False,0,False,,,,,,,,,,,,,False,,,,,,,,,
scotch_target,"T cells, CD8+",ENSG00000198089,SFI1,chr22,136,43,10,A,70.4,0.0379,0.0815,-1,0,SFI1_Other,SFI1_Other,SFI1_Other,exon:31613601-31613715,exon,31613601,31613715,114,2.86,63.23,2.14,67.77,2.46,0.0,63.63,0.54,0.0,69.37,,,,insufficient_data,0.0433,0.0306,A,major,0.1518,0.6968349688639951,0.876976132708031,False,0,False,,,,,,,,,,,,,False,,,,,,,,,
scotch_target,"T cells, CD8+",ENSG00000198089,SFI1,chr22,136,43,10,A,70.4,0.0379,0.0815,-1,0,SFI1_Other,SFI1_Other,SFI1_Other,exon:31613715-31613834,exon,31613715,31613834,119,2.86,63.23,2.14,67.77,2.46,0.0,63.63,0.54,0.0,69.37,,,,insufficient_data,0.0433,0.0306,A,major,0.1518,0.6968349688639951,0.876976132708031,False,0,False,,,,,,,,,,,,,False,,,,,,,,,
scotch_target,"T cells, CD8+",ENSG00000198089,SFI1,chr22,136,43,10,A,70.4,0.0379,0.0815,-1,0,SFI1_Other,SFI1_Other,SFI1_Other,exon:31613834-31613855,exon,31613834,31613855,21,3.32,62.76,2.68,67.24,3.46,0.0,62.63,0.54,0.0,69.37,,,,insufficient_data,0.0502,0.0383,A,major,0.1153,0.7342125762206771,0.876976132708031,False,0,False,,,,,,,,,,,,,False,,,,,,,,,
scotch_target,"T cells, CD8+",ENSG00000198089,SFI1,chr22,136,43,10,A,70.4,0.0379,0.0815,-1,0,SFI1_Other,SFI1_Other,SFI1_Other,exon:31614370-31614385,exon,31614370,31614385,15,1.47,64.61,2.53,67.39,0.47,3.0,62.63,0.54,0.0,69.37,,,,insufficient_data,0.0222,0.0362,B,minor,0.2285,0.6326476370264343,0.876976132708031,False,0,False,,,,,,,,,,,,,False,,,,,,,,,
scotch_target,"T cells, CD8+",ENSG00000198089,SFI1,chr22,136,43,10,A,70.4,0.0379,0.0815,-1,0,SFI1_Other,SFI1_Other,SFI1_Other,exon:31614385-31614788,exon,31614385,31614788,403,1.47,64.61,2.53,67.39,0.47,0.0,65.62,0.54,0.0,69.38,,,,insufficient_data,0.0222,0.0362,B,minor,0.2285,0.6326476370264343,0.876976132708031,False,0,False,,,,,,,,,,,,,False,,,,,,,,,
scotch_target,"T cells, CD8+",ENSG00000198089,SFI1,chr22,136,43,10,A,70.4,0.0379,0.0815,-1,0,SFI1_Other,SFI1_Other,SFI1_Other,exon:31614860-31615047,exon,31614860,31615047,187,1.47,64.61,2.53,67.39,0.0,0.0,66.09,0.0,0.0,69.91,,,,insufficient_data,0.0222,0.0362,B,minor,0.2285,0.6326476370264343,0.876976132708031,False,0,False,,,,,,,,,,,,,False,,,,,,,,,
scotch_target,"T cells, CD8+",ENSG00000198089,SFI1,chr22,136,43,10,A,70.4,0.0379,0.0815,-1,0,SFI1_Other,SFI1_Other,SFI1_Other,exon:31615279-31616744,exon,31615279,31616744,1465,1.47,64.61,2.53,67.39,0.0,0.0,66.09,0.0,0.0,69.91,,,,insufficient_data,0.0222,0.0362,B,minor,0.2285,0.6326476370264343,0.876976132708031,False,0,False,,,,,,,,,,,,,False,,,,,,,,,
scotch_target,"T cells, CD8+",ENSG00000198089,SFI1,chr22,136,43,10,A,70.4,0.0379,0.0815,-1,0,SFI1_Other,SFI1_Other,SFI1_Other,exon:31618226-31618313,exon,31618226,31618313,87,1.47,64.61,2.53,67.39,3.48,0.0,62.61,4.52,0.0,65.39,,,,insufficient_data,0.0222,0.0362,B,minor,0.2285,0.6326476370264343,0.876976132708031,False,0,False,,,,,,,,,,,,,False,,,,,,,,,
scotch_target,"T cells, CD8+",ENSG00000198089,SFI1,chr22,136,43,10,A,70.4,0.0379,0.0815,-1,0,SFI1_Other,SFI1_Other,SFI1_Other,junction:31496637-31508254,junction,31496637,31508254,11617,1.93,64.16,1.07,68.84,0.0,0.0,66.09,0.0,0.0,69.91,,,,insufficient_data,0.0292,0.0153,A,major,0.3042,0.5812352314009419,0.876976132708031,False,0,False,,,,,,,,,,,,,False,,,,,,,,,
scotch_target,"T cells, CD8+",ENSG00000198089,SFI1,chr22,136,43,10,A,70.4,0.0379,0.0815,-1,0,SFI1_Other,SFI1_Other,SFI1_Other,junction:31508376-31528689,junction,31508376,31528689,20313,1.93,64.16,1.07,68.84,0.0,0.0,66.09,0.0,0.0,69.91,,,,insufficient_data,0.0292,0.0153,A,major,0.3042,0.5812352314009419,0.876976132708031,False,0,False,,,,,,,,,,,,,False,,,,,,,,,
scotch_target,"T cells, CD8+",ENSG00000198089,SFI1,chr22,136,43,10,A,70.4,0.0379,0.0815,-1,0,SFI1_Other,SFI1_Other,SFI1_Other,junction:31546971-31550253,junction,31546971,31550253,3282,2.39,63.7,1.61,68.3,0.0,0.0,66.09,0.0,0.0,69.91,,,,insufficient_data,0.0362,0.023,A,major,0.2072,0.6489753839100225,0.876976132708031,False,0,False,,,,,,,,,,,,,False,,,,,,,,,
scotch_target,"T cells, CD8+",ENSG00000198089,SFI1,chr22,136,43,10,A,70.4,0.0379,0.0815,-1,0,SFI1_Other,SFI1_Other,SFI1_Other,junction:31550348-31556941,junction,31550348,31556941,6593,2.39,63.7,1.61,68.3,0.0,0.0,66.09,0.0,0.0,69.91,,,,insufficient_data,0.0362,0.023,A,major,0.2072,0.6489753839100225,0.876976132708031,True,2,False,chr22:31553940:G:A,31553940.0,G,A,B,5.9608609865491405e-06,1.0,0.0,3001.0,-,+,reduces_event,True,0.0,2.0,0.0,5.0,7.0,,,,chi2_cross_event
scotch_target,"T cells, CD8+",ENSG00000198089,SFI1,chr22,136,43,10,A,70.4,0.0379,0.0815,-1,0,SFI1_Other,SFI1_Other,SFI1_Other,junction:31550348-31556941,junction,31550348,31556941,6593,2.39,63.7,1.61,68.3,0.0,0.0,66.09,0.0,0.0,69.91,,,,insufficient_data,0.0362,0.023,A,major,0.2072,0.6489753839100225,0.876976132708031,True,2,True,chr22:31554018:C:T,31554018.0,C,T,A,0.9999940391390134,1.0,0.0,2923.0,+,-,promotes_event,True,0.0,4.0,0.0,2.0,6.0,,,,chi2_cross_event
scotch_target,"T cells, CD8+",ENSG00000198089,SFI1,chr22,136,43,10,A,70.4,0.0379,0.0815,-1,0,SFI1_Other,SFI1_Other,SFI1_Other,junction:31557059-31561289,junction,31557059,31561289,4230,2.39,63.7,1.61,68.3,0.0,0.0,66.09,0.0,0.0,69.91,,,,insufficient_data,0.0362,0.023,A,major,0.2072,0.6489753839100225,0.876976132708031,False,0,False,,,,,,,,,,,,,False,,,,,,,,,
scotch_target,"T cells, CD8+",ENSG00000198089,SFI1,chr22,136,43,10,A,70.4,0.0379,0.0815,-1,0,SFI1_Other,SFI1_Other,SFI1_Other,junction:31561392-31573057,junction,31561392,31573057,11665,1.93,64.16,1.07,68.84,0.0,0.0,66.09,0.0,0.0,69.91,,,,insufficient_data,0.0292,0.0153,A,major,0.3004,0.5836390398012858,0.876976132708031,False,0,False,,,,,,,,,,,,,False,,,,,,,,,
scotch_target,"T cells, CD8+",ENSG00000198089,SFI1,chr22,136,43,10,A,70.4,0.0379,0.0815,-1,0,SFI1_Other,SFI1_Other,SFI1_Other,junction:31573214-31575230,junction,31573214,31575230,2016,1.93,64.16,1.07,68.84,0.0,0.0,66.09,0.0,0.0,69.91,,,,insufficient_data,0.0292,0.0153,A,major,0.3004,0.5836390398012858,0.876976132708031,False,0,False,,,,,,,,,,,,,False,,,,,,,,,
scotch_target,"T cells, CD8+",ENSG00000198089,SFI1,chr22,136,43,10,A,70.4,0.0379,0.0815,-1,0,SFI1_Other,SFI1_Other,SFI1_Other,junction:31575392-31578381,junction,31575392,31578381,2989,1.93,64.16,1.07,68.84,0.0,0.0,66.09,0.0,0.0,69.91,,,,insufficient_data,0.0292,0.0153,A,major,0.3004,0.5836390398012858,0.876976132708031,True,1,True,chr22:31575364:C:T,31575364.0,C,T,A,0.9999940391390134,1.0,28.0,28.0,+,-,promotes_event,True,0.0,1.0,0.0,1.0,2.0,,,,chi2_cross_event
scotch_target,"T cells, CD8+",ENSG00000198089,SFI1,chr22,136,43,10,A,70.4,0.0379,0.0815,-1,0,SFI1_Other,SFI1_Other,SFI1_Other,junction:31580364-31583874,junction,31580364,31583874,3510,2.39,63.7,1.61,68.3,0.0,0.0,66.09,0.0,0.0,69.91,,,,insufficient_data,0.0362,0.023,A,major,0.2072,0.6489753839100225,0.876976132708031,True,2,False,chr22:31583341:A:T,31583341.0,A,T,A,0.9999940391390134,1.0,0.0,533.0,+,-,promotes_event,True,0.0,4.0,0.0,8.0,12.0,,,,chi2_cross_event
scotch_target,"T cells, CD8+",ENSG00000198089,SFI1,chr22,136,43,10,A,70.4,0.0379,0.0815,-1,0,SFI1_Other,SFI1_Other,SFI1_Other,junction:31580364-31583874,junction,31580364,31583874,3510,2.39,63.7,1.61,68.3,0.0,0.0,66.09,0.0,0.0,69.91,,,,insufficient_data,0.0362,0.023,A,major,0.2072,0.6489753839100225,0.876976132708031,True,2,True,chr22:31583343:A:T,31583343.0,A,T,A,0.9999940391390134,1.0,0.0,531.0,+,-,promotes_event,True,0.0,4.0,0.0,8.0,12.0,,,,chi2_cross_event
scotch_target,"T cells, CD8+",ENSG00000198089,SFI1,chr22,136,43,10,A,70.4,0.0379,0.0815,-1,0,SFI1_Other,SFI1_Other,SFI1_Other,junction:31583972-31585067,junction,31583972,31585067,1095,3.32,62.76,2.68,67.24,0.0,0.0,66.09,0.0,0.0,69.91,,,,insufficient_data,0.0502,0.0383,A,major,0.1153,0.7342125762206771,0.876976132708031,False,0,False,,,,,,,,,,,,,False,,,,,,,,,
scotch_target,"T cells, CD8+",ENSG00000198089,SFI1,chr22,136,43,10,A,70.4,0.0379,0.0815,-1,0,SFI1_Other,SFI1_Other,SFI1_Other,junction:31585134-31589446,junction,31585134,31589446,4312,2.86,63.23,2.14,67.77,0.0,0.0,66.09,0.0,0.0,69.91,,,,insufficient_data,0.0433,0.0306,A,major,0.1518,0.6968349688639951,0.876976132708031,False,0,False,,,,,,,,,,,,,False,,,,,,,,,
scotch_target,"T cells, CD8+",ENSG00000198089,SFI1,chr22,136,43,10,A,70.4,0.0379,0.0815,-1,0,SFI1_Other,SFI1_Other,SFI1_Other,junction:31589577-31602211,junction,31589577,31602211,12634,2.86,63.23,2.14,67.77,0.0,0.0,66.09,0.0,0.0,69.91,,,,insufficient_data,0.0433,0.0306,A,major,0.1518,0.6968349688639951,0.876976132708031,False,0,False,,,,,,,,,,,,,False,,,,,,,,,
scotch_target,"T cells, CD8+",ENSG00000198089,SFI1,chr22,136,43,10,A,70.4,0.0379,0.0815,-1,0,SFI1_Other,SFI1_Other,SFI1_Other,junction:31602293-31602606,junction,31602293,31602606,313,2.86,63.23,2.14,67.77,0.0,0.47,65.62,0.0,0.54,69.38,,,,insufficient_data,0.0433,0.0306,A,major,0.1518,0.6968349688639951,0.876976132708031,False,0,False,,,,,,,,,,,,,False,,,,,,,,,
scotch_target,"T cells, CD8+",ENSG00000198089,SFI1,chr22,136,43,10,A,70.4,0.0379,0.0815,-1,0,SFI1_Other,SFI1_Other,SFI1_Other,junction:31602785-31603743,junction,31602785,31603743,958,2.39,63.7,1.61,68.3,0.0,0.0,66.09,0.0,0.0,69.91,,,,insufficient_data,0.0362,0.023,A,major,0.2072,0.6489753839100225,0.876976132708031,False,0,False,,,,,,,,,,,,,False,,,,,,,,,
scotch_target,"T cells, CD8+",ENSG00000198089,SFI1,chr22,136,43,10,A,70.4,0.0379,0.0815,-1,0,SFI1_Other,SFI1_Other,SFI1_Other,junction:31604404-31604868,junction,31604404,31604868,464,2.39,63.7,1.61,68.3,0.0,0.0,66.09,0.0,0.0,69.91,,,,insufficient_data,0.0362,0.023,A,major,0.2072,0.6489753839100225,0.876976132708031,False,0,False,,,,,,,,,,,,,False,,,,,,,,,
scotch_target,"T cells, CD8+",ENSG00000198089,SFI1,chr22,136,43,10,A,70.4,0.0379,0.0815,-1,0,SFI1_Other,SFI1_Other,SFI1_Other,junction:31604945-31606327,junction,31604945,31606327,1382,2.86,63.23,2.14,67.77,0.0,0.0,66.09,0.0,0.0,69.91,,,,insufficient_data,0.0433,0.0306,A,major,0.1518,0.696834968863995,0.876976132708031,False,0,False,,,,,,,,,,,,,False,,,,,,,,,
scotch_target,"T cells, CD8+",ENSG00000198089,SFI1,chr22,136,43,10,A,70.4,0.0379,0.0815,-1,0,SFI1_Other,SFI1_Other,SFI1_Other,junction:31606430-31607936,junction,31606430,31607936,1506,2.86,63.23,2.14,67.77,0.0,0.0,66.09,0.0,0.0,69.91,,,,insufficient_data,0.0433,0.0306,A,major,0.1518,0.6968349688639951,0.876976132708031,False,0,False,,,,,,,,,,,,,False,,,,,,,,,
scotch_target,"T cells, CD8+",ENSG00000198089,SFI1,chr22,136,43,10,A,70.4,0.0379,0.0815,-1,0,SFI1_Other,SFI1_Other,SFI1_Other,junction:31608033-31611142,junction,31608033,31611142,3109,2.86,63.23,2.14,67.77,0.47,0.0,65.62,0.54,0.0,69.38,,,,insufficient_data,0.0433,0.0306,A,major,0.1518,0.6968349688639951,0.876976132708031,False,0,False,,,,,,,,,,,,,False,,,,,,,,,
scotch_target,"T cells, CD8+",ENSG00000198089,SFI1,chr22,136,43,10,A,70.4,0.0379,0.0815,-1,0,SFI1_Other,SFI1_Other,SFI1_Other,junction:31611303-31611765,junction,31611303,31611765,462,2.86,63.23,2.14,67.77,0.47,1.0,64.63,0.54,0.0,69.37,,,,insufficient_data,0.0433,0.0306,A,major,0.1518,0.6968349688639951,0.876976132708031,False,0,False,,,,,,,,,,,,,False,,,,,,,,,
scotch_target,"T cells, CD8+",ENSG00000198089,SFI1,chr22,136,43,10,A,70.4,0.0379,0.0815,-1,0,SFI1_Other,SFI1_Other,SFI1_Other,junction:31611840-31613141,junction,31611840,31613141,1301,2.86,63.23,2.14,67.77,0.47,0.0,65.62,0.54,0.0,69.38,,,,insufficient_data,0.0433,0.0306,A,major,0.1518,0.6968349688639951,0.876976132708031,True,1,True,chr22:31612204:C:T,31612204.0,C,T,A,0.9999940391390134,1.0,0.0,364.0,+,-,promotes_event,True,0.0,1.0,0.0,2.0,3.0,,,,chi2_cross_event
scotch_target,"T cells, CD8+",ENSG00000198089,SFI1,chr22,136,43,10,A,70.4,0.0379,0.0815,-1,0,SFI1_Other,SFI1_Other,SFI1_Other,junction:31613216-31613353,junction,31613216,31613353,137,2.86,63.23,2.14,67.77,0.47,0.0,65.62,0.54,0.0,69.38,,,,insufficient_data,0.0433,0.0306,A,major,0.1518,0.6968349688639951,0.876976132708031,False,0,False,,,,,,,,,,,,,False,,,,,,,,,
scotch_target,"T cells, CD8+",ENSG00000198089,SFI1,chr22,136,43,10,A,70.4,0.0379,0.0815,-1,0,SFI1_Other,SFI1_Other,SFI1_Other,junction:31613530-31613601,junction,31613530,31613601,71,2.86,63.23,2.14,67.77,0.0,0.47,65.62,0.0,0.54,69.38,,,,insufficient_data,0.0433,0.0306,A,major,0.1518,0.6968349688639951,0.876976132708031,False,0,False,,,,,,,,,,,,,False,,,,,,,,,
scotch_target,"T cells, CD8+",ENSG00000198089,SFI1,chr22,136,43,10,A,70.4,0.0379,0.0815,-1,0,SFI1_Other,SFI1_Other,SFI1_Other,junction:31613855-31614788,junction,31613855,31614788,933,3.32,62.76,2.68,67.24,0.0,0.0,66.09,0.0,0.0,69.91,,,,insufficient_data,0.0502,0.0383,A,major,0.1153,0.7342125762206771,0.876976132708031,False,0,False,,,,,,,,,,,,,False,,,,,,,,,
scotch_target,"T cells, CD8+",ENSG00000198089,SFI1,chr22,136,43,10,A,70.4,0.0379,0.0815,-1,0,SFI1_Other,SFI1_Other,SFI1_Other,junction:31614860-31615047,junction,31614860,31615047,187,2.39,63.7,1.61,68.3,0.0,0.0,66.09,0.0,0.0,69.91,,,,insufficient_data,0.0362,0.023,A,major,0.2072,0.6489753839100225,0.876976132708031,False,0,False,,,,,,,,,,,,,False,,,,,,,,,
scotch_target,"T cells, CD8+",ENSG00000198089,SFI1,chr22,136,43,10,A,70.4,0.0379,0.0815,-1,0,SFI1_Other,SFI1_Other,SFI1_Other,junction:31615279-31616744,junction,31615279,31616744,1465,2.39,63.7,1.61,68.3,0.0,0.0,66.09,0.0,0.0,69.91,,,,insufficient_data,0.0362,0.023,A,major,0.2072,0.6489753839100225,0.876976132708031,False,0,False,,,,,,,,,,,,,False,,,,,,,,,
scotch_target,"T cells, CD8+",ENSG00000198089,SFI1,chr22,136,43,10,A,70.4,0.0379,0.0815,-1,0,SFI1_Other,SFI1_Other,SFI1_Other,junction:31618226-31618313,junction,31618226,31618313,87,2.39,63.7,1.61,68.3,0.0,3.01,63.07,0.0,3.99,65.93,,,,insufficient_data,0.0362,0.023,A,major,0.2072,0.6489753839100225,0.876976132708031,False,0,False,,,,,,,,,,,,,False,,,,,,,,,
scotch_target,"T cells, CD8+",ENSG00000198089,SFI1,chr22,136,43,10,A,70.4,0.0379,0.0815,-1,0,SFI1_Other,SFI1_Other,SFI1_Other,exon:31531105-31531129,exon,31531105,31531129,24,1.4,64.69,1.6,68.31,2.93,4.15,59.01,1.07,5.85,62.99,1.1551,0.2824815226715101,0.8649878856867999,chi2_hap_event,0.0212,0.0229,B,minor,0.0054,0.9415202631114622,0.999047916945328,False,0,False,,,,,,,,,,,,,False,,,,,,,,,
scotch_target,"T cells, CD8+",ENSG00000198089,SFI1,chr22,136,43,10,A,70.4,0.0379,0.0815,-1,0,SFI1_Other,SFI1_Other,SFI1_Other,exon:31614788-31614860,exon,31614788,31614860,72,4.8,61.29,5.21,64.71,3.0,0.0,63.09,0.0,0.0,69.91,,,,insufficient_data,0.0726,0.0745,B,minor,0.0018,0.966266153748326,0.999047916945328,False,0,False,,,,,,,,,,,,,False,,,,,,,,,
scotch_target,"T cells, CD8+",ENSG00000198089,SFI1,chr22,136,43,10,A,70.4,0.0379,0.0815,-1,0,SFI1_Other,SFI1_Other,SFI1_Other,exon:31615047-31615279,exon,31615047,31615279,232,3.86,62.22,4.14,65.78,3.0,0.0,63.09,0.0,0.0,69.91,,,,insufficient_data,0.0584,0.0592,B,minor,0.0003,0.9869275656884955,0.999047916945328,False,0,False,,,,,,,,,,,,,False,,,,,,,,,
scotch_target,"T cells, CD8+",ENSG00000198089,SFI1,chr22,136,43,10,A,70.4,0.0379,0.0815,-1,0,SFI1_Other,SFI1_Other,SFI1_Other,exon:31616744-31616877,exon,31616744,31616877,133,3.86,62.22,4.14,65.78,3.0,0.0,63.09,1.0,0.0,68.91,,,,insufficient_data,0.0584,0.0592,B,minor,0.0003,0.9869275656884955,0.999047916945328,False,0,False,,,,,,,,,,,,,False,,,,,,,,,
scotch_target,"T cells, CD8+",ENSG00000198089,SFI1,chr22,136,43,10,A,70.4,0.0379,0.0815,-1,0,SFI1_Other,SFI1_Other,SFI1_Other,exon:31616999-31617078,exon,31616999,31617078,79,3.4,62.69,3.6,66.31,3.0,0.0,63.08,2.0,0.0,67.92,,,,insufficient_data,0.0514,0.0515,B,minor,0.0,0.999047916945328,0.999047916945328,False,0,False,,,,,,,,,,,,,False,,,,,,,,,
scotch_target,"T cells, CD8+",ENSG00000198089,SFI1,chr22,136,43,10,A,70.4,0.0379,0.0815,-1,0,SFI1_Other,SFI1_Other,SFI1_Other,exon:31618114-31618211,exon,31618114,31618211,97,3.4,62.69,3.6,66.31,4.01,0.0,62.08,3.99,0.0,65.92,,,,insufficient_data,0.0514,0.0515,B,minor,0.0,0.999047916945328,0.999047916945328,True,1,True,chr22:31618174:G:A,31618174.0,G,A,A,0.9999940391390134,1.0,0.0,37.0,+,-,reduces_event,True,4.0,0.0,4.0,0.0,8.0,,,,binomial_intra_event
scotch_target,"T cells, CD8+",ENSG00000198089,SFI1,chr22,136,43,10,A,70.4,0.0379,0.0815,-1,0,SFI1_Other,SFI1_Other,SFI1_Other,exon:31618211-31618226,exon,31618211,31618226,15,3.86,62.22,4.14,65.78,4.01,0.0,62.08,3.99,0.0,65.92,,,,insufficient_data,0.0584,0.0592,B,minor,0.0003,0.9869275656884955,0.999047916945328,True,1,True,chr22:31618174:G:A,31618174.0,G,A,A,0.9999940391390134,1.0,37.0,37.0,+,-,reduces_event,True,2.0,2.0,2.0,2.0,8.0,,,,chi2_cross_event
scotch_target,"T cells, CD8+",ENSG00000198089,SFI1,chr22,136,43,10,A,70.4,0.0379,0.0815,-1,0,SFI1_Other,SFI1_Other,SFI1_Other,exon:31618313-31618446,exon,31618313,31618446,133,3.86,62.22,4.14,65.78,4.94,0.0,61.15,5.06,0.0,64.85,,,,insufficient_data,0.0584,0.0592,B,minor,0.0003,0.9869275656884955,0.999047916945328,False,0,False,,,,,,,,,,,,,False,,,,,,,,,
scotch_target,"T cells, CD8+",ENSG00000198089,SFI1,chr22,136,43,10,A,70.4,0.0379,0.0815,-1,0,SFI1_Other,SFI1_Other,SFI1_Other,exon:31618446-31618490,exon,31618446,31618490,44,3.86,62.22,4.14,65.78,4.94,0.0,61.15,5.06,0.0,64.85,,,,insufficient_data,0.0584,0.0592,B,minor,0.0003,0.9869275656884955,0.999047916945328,False,0,False,,,,,,,,,,,,,False,,,,,,,,,
scotch_target,"T cells, CD8+",ENSG00000198089,SFI1,chr22,136,43,10,A,70.4,0.0379,0.0815,-1,0,SFI1_Other,SFI1_Other,SFI1_Other,exon:31618490-31618510,exon,31618490,31618510,20,3.86,62.22,4.14,65.78,4.94,0.0,61.15,5.06,0.0,64.85,,,,insufficient_data,0.0584,0.0592,B,minor,0.0003,0.9869275656884955,0.999047916945328,False,0,False,,,,,,,,,,,,,False,,,,,,,,,
scotch_target,"T cells, CD8+",ENSG00000198089,SFI1,chr22,136,43,10,A,70.4,0.0379,0.0815,-1,0,SFI1_Other,SFI1_Other,SFI1_Other,exon:31618514-31618547,exon,31618514,31618547,33,3.86,62.22,4.14,65.78,4.94,0.0,61.15,5.06,0.0,64.85,,,,insufficient_data,0.0584,0.0592,B,minor,0.0003,0.9869275656884955,0.999047916945328,False,0,False,,,,,,,,,,,,,False,,,,,,,,,
scotch_target,"T cells, CD8+",ENSG00000198089,SFI1,chr22,136,43,10,A,70.4,0.0379,0.0815,-1,0,SFI1_Other,SFI1_Other,SFI1_Other,junction:31528863-31531057,junction,31528863,31531057,2194,1.4,64.69,1.6,68.31,0.0,0.0,66.09,0.0,0.0,69.91,,,,insufficient_data,0.0212,0.0229,B,minor,0.0054,0.9415202631114622,0.999047916945328,True,2,False,chr22:31530702:C:T,31530702.0,C,T,B,5.9608609865491405e-06,1.0,0.0,355.0,-,+,promotes_event,True,0.0,4.0,0.0,0.0,4.0,,,,chi2_cross_event
scotch_target,"T cells, CD8+",ENSG00000198089,SFI1,chr22,136,43,10,A,70.4,0.0379,0.0815,-1,0,SFI1_Other,SFI1_Other,SFI1_Other,junction:31528863-31531057,junction,31528863,31531057,2194,1.4,64.69,1.6,68.31,0.0,0.0,66.09,0.0,0.0,69.91,,,,insufficient_data,0.0212,0.0229,B,minor,0.0054,0.9415202631114622,0.999047916945328,True,2,True,chr22:31530756:A:G,31530756.0,A,G,B,5.9608609865491405e-06,1.0,0.0,301.0,-,+,promotes_event,True,0.0,4.0,0.0,0.0,4.0,,,,chi2_cross_event
scotch_target,"T cells, CD8+",ENSG00000198089,SFI1,chr22,136,43,10,A,70.4,0.0379,0.0815,-1,0,SFI1_Other,SFI1_Other,SFI1_Other,junction:31616877-31616999,junction,31616877,31616999,122,3.4,62.69,3.6,66.31,0.0,0.0,66.09,0.0,0.0,69.91,,,,insufficient_data,0.0514,0.0515,B,minor,0.0,0.999047916945328,0.999047916945328,False,0,False,,,,,,,,,,,,,False,,,,,,,,,
scotch_target,"T cells, CD8+",ENSG00000198089,SFI1,chr22,136,43,10,A,70.4,0.0379,0.0815,-1,0,SFI1_Other,SFI1_Other,SFI1_Other,junction:31617078-31618114,junction,31617078,31618114,1036,3.4,62.69,3.6,66.31,0.0,1.0,65.08,0.0,1.0,68.92,,,,insufficient_data,0.0514,0.0515,B,minor,0.0,0.999047916945328,0.999047916945328,False,0,False,,,,,,,,,,,,,False,,,,,,,,,
scotch_target,"T cells, CD8+",ENSG00000198832,SELENOM,chr22,47,41,2,B,70.4,0.3266,0.2956,1,1,SELENOM_ENST00000400299,SELENOM_ENST00000400299,SELENOM_ENST00000400299,exon:31107533-31107541,exon,31107533,31107541,8,4.05,7.22,33.95,1.78,6.59,0.0,4.68,32.41,0.0,3.33,,,,insufficient_data,0.3594,0.9502,B,major,19.3273,1.1012100869658892e-05,1.1012100869658892e-05,False,0,False,,,,,,,,,,,,,False,,,,,,,,,
scotch_target,"T cells, CD8+",ENSG00000198832,SELENOM,chr22,47,41,2,B,70.4,0.3266,0.2956,1,1,SELENOM_ENST00000400299,SELENOM_ENST00000400299,SELENOM_ENST00000400299,exon:31107541-31107553,exon,31107541,31107553,12,4.05,7.22,33.95,1.78,6.59,0.0,4.68,31.41,0.0,4.32,,,,insufficient_data,0.3594,0.9502,B,major,19.3273,1.1012100869658892e-05,1.1012100869658892e-05,False,0,False,,,,,,,,,,,,,False,,,,,,,,,
scotch_target,"T cells, CD8+",ENSG00000198832,SELENOM,chr22,47,41,2,B,70.4,0.3266,0.2956,1,1,SELENOM_ENST00000400299,SELENOM_ENST00000400299,SELENOM_ENST00000400299,exon:31107556-31107568,exon,31107556,31107568,12,4.05,7.22,33.95,1.78,6.59,0.0,4.68,30.41,0.0,5.32,,,,insufficient_data,0.3594,0.9502,B,major,19.3273,1.1012100869658892e-05,1.1012100869658892e-05,False,0,False,,,,,,,,,,,,,False,,,,,,,,,
